Workbook
Name SellerTbl: Sync!$A$6:$B$105
Name SellerCodes: Sync!$A$6:$A$105
Name SellerList: OFFSET(Sync!$R$6,0,0,MAX(COUNTIF(Sync!$R$6:$R$105,"?*"),1),1)
Name ProdTbl: Sync!$E$6:$I$105
Name ProdCodes: Sync!$E$6:$E$105
Name ProdList: OFFSET(Sync!$V$6,0,0,MAX(COUNTIF(Sync!$V$6:$V$105,"?*"),1),1)
Name BasketTbl: Sync!$K$6:$L$35
Name SCNormDate: Calc!$E$10:$E$2009
Name SCYM: Calc!$F$10:$F$2009
Name SCSeller: Calc!$G$10:$G$2009
Name SCInv: Calc!$H$10:$H$2009
Name SCWSent: Calc!$I$10:$I$2009
Name SCWSold: Calc!$J$10:$J$2009
Name SCAmount: Calc!$K$10:$K$2009
Name SCWProd: Calc!$L$10:$L$2009
Name SCItems: Calc!$M$10:$M$2009
Name SalesDate: Entry!$B$10:$B$2009
Name SalesSellerCell: Entry!$D$10:$D$2009
Name SalesSellerName: Entry!$E$10:$E$2009
Name SalesWSent: Entry!$F$10:$F$2009
Name SalesWSold: Entry!$G$10:$G$2009
Name SalesAmount: Entry!$H$10:$H$2009

Sheet Entry
A1: =IF(Sync!$N$6="","مازندشت",Sync!$N$6)&" — "&IF(Sync!$N$9="","سورتینگ و بسته‌بندی مرکبات",Sync!$N$9) | I1: MAZANDASHT · CITRUS SORTING & PACKING | ناحیه فقط-اکسل
A2: =IF(Sync!$N$7="","باغدشت، بخش مرکزی، شهرستان قائم‌شهر، استان مازندران، ایران",Sync!$N$7)&" | MAZANDASHT · CITRUS SORTING & PACKING"
A3: فروش محصولات به فروشندگان — ورود داده (Entry) | I3: ۱۵ ردیف محصول — ناحیه فقط-اکسل (خارج از چاپ)
A4: ستون‌های زرد = ورود دستی شما | ستون‌های خاکستری = خودکار. تاریخ: 1405/07/10 (یا 14050710) — کد فروشنده را تایپ کنید (مثل SL001) یا از کشویی انتخاب کنید؛ نامش خودکار می‌آید. | I4: برای هر فاکتور تا ۱۵ نوع محصول: محصول را از کشویی انتخاب کنید تا نوع سبد و نوع مرکبات خودکار نوشته شود، سپس تعداد سبد و وزن را وارد کنید. این ستون‌ها با دکمه +/─ بالای ستون‌ها جمع می‌شوند.
A5: تعداد فاکتور | C5: جمع وزن ارسالی (kg) | E5: جمع وزن فروش (kg) | G5: جمع مبلغ صافی (ریال) | I5: تعداد × اختلاف وزن | K5: ظرفیت باقی‌مانده
A6: =COUNTA($B$10:$B$2009) | C6: =SUM($F$10:$F$2009) | E6: =SUM($G$10:$G$2009) | G6: =SUM($H$10:$H$2009) | I6: =COUNTIF($J$10:$J$2009,"×") | K6: =2000-COUNTA($B$10:$B$2009)
A7: مشخصات فاکتور — محدوده چاپ | I7: کنترل وزن — فقط اکسل (چاپ نمی‌شود) | M7: ردیف محصول 1 | R7: ردیف محصول 2 | W7: ردیف محصول 3 | AB7: ردیف محصول 4 | AG7: ردیف محصول 5 | AL7: ردیف محصول 6 | AQ7: ردیف محصول 7 | AV7: ردیف محصول 8 | BA7: ردیف محصول 9 | BF7: ردیف محصول 10 | BK7: ردیف محصول 11 | BP7: ردیف محصول 12 | BU7: ردیف محصول 13 | BZ7: ردیف محصول 14 | CE7: ردیف محصول 15
A8: ردیف | B8: تاریخ | C8: شماره فاکتور | D8: کد فروشنده | E8: نام فروشنده | F8: وزن ارسالی (kg) | G8: وزن فروش (kg) | H8: مبلغ صافی (ریال) | I8: اختلاف وزن | J8: وضعیت ۱٪ | K8: جمع وزن محصولات | L8: اختلاف با ارسالی | M8: محصول 1 | N8: نوع سبد | O8: نوع مرکبات | P8: تعداد سبد | Q8: وزن (kg) | R8: محصول 2 | S8: نوع سبد | T8: نوع مرکبات | U8: تعداد سبد | V8: وزن (kg) | W8: محصول 3 | X8: نوع سبد | Y8: نوع مرکبات | Z8: تعداد سبد | AA8: وزن (kg) | AB8: محصول 4 | AC8: نوع سبد | AD8: نوع مرکبات | AE8: تعداد سبد | AF8: وزن (kg) | AG8: محصول 5 | AH8: نوع سبد | AI8: نوع مرکبات | AJ8: تعداد سبد | AK8: وزن (kg) | AL8: محصول 6 | AM8: نوع سبد | AN8: نوع مرکبات | AO8: تعداد سبد | AP8: وزن (kg) | AQ8: محصول 7 | AR8: نوع سبد | AS8: نوع مرکبات | AT8: تعداد سبد | AU8: وزن (kg) | AV8: محصول 8 | AW8: نوع سبد | AX8: نوع مرکبات | AY8: تعداد سبد | AZ8: وزن (kg) | BA8: محصول 9 | BB8: نوع سبد | BC8: نوع مرکبات | BD8: تعداد سبد | BE8: وزن (kg) | BF8: محصول 10 | BG8: نوع سبد | BH8: نوع مرکبات | BI8: تعداد سبد | BJ8: وزن (kg) | BK8: محصول 11 | BL8: نوع سبد | BM8: نوع مرکبات | BN8: تعداد سبد | BO8: وزن (kg) | BP8: محصول 12 | BQ8: نوع سبد | BR8: نوع مرکبات | BS8: تعداد سبد | BT8: وزن (kg) | BU8: محصول 13 | BV8: نوع سبد | BW8: نوع مرکبات | BX8: تعداد سبد | BY8: وزن (kg) | BZ8: محصول 14 | CA8: نوع سبد | CB8: نوع مرکبات | CC8: تعداد سبد | CD8: وزن (kg) | CE8: محصول 15 | CF8: نوع سبد | CG8: نوع مرکبات | CH8: تعداد سبد | CI8: وزن (kg)
A9: No. | B9: Date | C9: Invoice No. | D9: Seller Code | E9: Seller | F9: Sent Wt | G9: Sold Wt | H9: Net Amount | I9: Wt Diff | J9: 1% Status | K9: Products Wt | L9: Sent−Prod | M9: Product 1 | N9: Basket | O9: Citrus | P9: Count | Q9: Weight | R9: Product 2 | S9: Basket | T9: Citrus | U9: Count | V9: Weight | W9: Product 3 | X9: Basket | Y9: Citrus | Z9: Count | AA9: Weight | AB9: Product 4 | AC9: Basket | AD9: Citrus | AE9: Count | AF9: Weight | AG9: Product 5 | AH9: Basket | AI9: Citrus | AJ9: Count | AK9: Weight | AL9: Product 6 | AM9: Basket | AN9: Citrus | AO9: Count | AP9: Weight | AQ9: Product 7 | AR9: Basket | AS9: Citrus | AT9: Count | AU9: Weight | AV9: Product 8 | AW9: Basket | AX9: Citrus | AY9: Count | AZ9: Weight | BA9: Product 9 | BB9: Basket | BC9: Citrus | BD9: Count | BE9: Weight | BF9: Product 10 | BG9: Basket | BH9: Citrus | BI9: Count | BJ9: Weight | BK9: Product 11 | BL9: Basket | BM9: Citrus | BN9: Count | BO9: Weight | BP9: Product 12 | BQ9: Basket | BR9: Citrus | BS9: Count | BT9: Weight | BU9: Product 13 | BV9: Basket | BW9: Citrus | BX9: Count | BY9: Weight | BZ9: Product 14 | CA9: Basket | CB9: Citrus | CC9: Count | CD9: Weight | CE9: Product 15 | CF9: Basket | CG9: Citrus | CH9: Count | CI9: Weight
A10: =IF($B10="","",COUNTA($B$10:$B10)) | B10: 1405/07/05 | C10: 1001 | D10: SL001 – حاج رضا محمدی (نمونه — حجره‌دار تهران) | E10: =IF($D10="","",IFERROR(VLOOKUP(IF(ISNUMBER(FIND(" – ",$D10)),LEFT($D10,FIND(" – ",$D10)-1),$D10),SellerTbl,2,0),"کد ناشناخته")) | F10: 12000 | G10: 11950 | H10: 950000000 | I10: =IF(OR($F10="",$G10=""),"",$F10-$G10) | J10: =IF($I10="","",IF(ABS($I10)<=0.01*$F10,"√","×")) | K10: =IF(COUNT($Q10,$V10,$AA10,$AF10,$AK10,$AP10,$AU10,$AZ10,$BE10,$BJ10,$BO10,$BT10,$BY10,$CD10,$CI10)=0,"",SUM($Q10,$V10,$AA10,$AF10,$AK10,$AP10,$AU10,$AZ10,$BE10,$BJ10,$BO10,$BT10,$BY10,$CD10,$CI10)) | L10: =IF(OR($F10="",$K10=""),"",$F10-$K10) | M10: PS01 – پرتقال درجه ۱ — بسته‌بندی | N10: =IF($M10="","",IFERROR(VLOOKUP(IFERROR(VLOOKUP(IF(ISNUMBER(FIND(" – ",$M10)),LEFT($M10,FIND(" – ",$M10)-1),$M10),ProdTbl,5,0),""),BasketTbl,2,0),"کد ناشناخته")) | O10: =IF($M10="","",IFERROR(VLOOKUP(IF(ISNUMBER(FIND(" – ",$M10)),LEFT($M10,FIND(" – ",$M10)-1),$M10),ProdTbl,3,0),"کد ناشناخته")) | P10: 600 | Q10: 6000 | R10: PS02 – پرتقال درجه ۲ — عمومی | S10: =IF($R10="","",IFERROR(VLOOKUP(IFERROR(VLOOKUP(IF(ISNUMBER(FIND(" – ",$R10)),LEFT($R10,FIND(" – ",$R10)-1),$R10),ProdTbl,5,0),""),BasketTbl,2,0),"کد ناشناخته")) | T10: =IF($R10="","",IFERROR(VLOOKUP(IF(ISNUMBER(FIND(" – ",$R10)),LEFT($R10,FIND(" – ",$R10)-1),$R10),ProdTbl,3,0),"کد ناشناخته")) | U10: 595 | V10: 5950 | X10: =IF($W10="","",IFERROR(VLOOKUP(IFERROR(VLOOKUP(IF(ISNUMBER(FIND(" – ",$W10)),LEFT($W10,FIND(" – ",$W10)-1),$W10),ProdTbl,5,0),""),BasketTbl,2,0),"کد ناشناخته")) | Y10: =IF($W10="","",IFERROR(VLOOKUP(IF(ISNUMBER(FIND(" – ",$W10)),LEFT($W10,FIND(" – ",$W10)-1),$W10),ProdTbl,3,0),"کد ناشناخته")) | AC10: =IF($AB10="","",IFERROR(VLOOKUP(IFERROR(VLOOKUP(IF(ISNUMBER(FIND(" – ",$AB10)),LEFT($AB10,FIND(" – ",$AB10)-1),$AB10),ProdTbl,5,0),""),BasketTbl,2,0),"کد ناشناخته")) | AD10: =IF($AB10="","",IFERROR(VLOOKUP(IF(ISNUMBER(FIND(" – ",$AB10)),LEFT($AB10,FIND(" – ",$AB10)-1),$AB10),ProdTbl,3,0),"کد ناشناخته")) | AH10: =IF($AG10="","",IFERROR(VLOOKUP(IFERROR(VLOOKUP(IF(ISNUMBER(FIND(" – ",$AG10)),LEFT($AG10,FIND(" – ",$AG10)-1),$AG10),ProdTbl,5,0),""),BasketTbl,2,0),"کد ناشناخته")) | AI10: =IF($AG10="","",IFERROR(VLOOKUP(IF(ISNUMBER(FIND(" – ",$AG10)),LEFT($AG10,FIND(" – ",$AG10)-1),$AG10),ProdTbl,3,0),"کد ناشناخته")) | AM10: =IF($AL10="","",IFERROR(VLOOKUP(IFERROR(VLOOKUP(IF(ISNUMBER(FIND(" – ",$AL10)),LEFT($AL10,FIND(" – ",$AL10)-1),$AL10),ProdTbl,5,0),""),BasketTbl,2,0),"کد ناشناخته")) | AN10: =IF($AL10="","",IFERROR(VLOOKUP(IF(ISNUMBER(FIND(" – ",$AL10)),LEFT($AL10,FIND(" – ",$AL10)-1),$AL10),ProdTbl,3,0),"کد ناشناخته")) | AR10: =IF($AQ10="","",IFERROR(VLOOKUP(IFERROR(VLOOKUP(IF(ISNUMBER(FIND(" – ",$AQ10)),LEFT($AQ10,FIND(" – ",$AQ10)-1),$AQ10),ProdTbl,5,0),""),BasketTbl,2,0),"کد ناشناخته")) | AS10: =IF($AQ10="","",IFERROR(VLOOKUP(IF(ISNUMBER(FIND(" – ",$AQ10)),LEFT($AQ10,FIND(" – ",$AQ10)-1),$AQ10),ProdTbl,3,0),"کد ناشناخته")) | AW10: =IF($AV10="","",IFERROR(VLOOKUP(IFERROR(VLOOKUP(IF(ISNUMBER(FIND(" – ",$AV10)),LEFT($AV10,FIND(" – ",$AV10)-1),$AV10),ProdTbl,5,0),""),BasketTbl,2,0),"کد ناشناخته")) | AX10: =IF($AV10="","",IFERROR(VLOOKUP(IF(ISNUMBER(FIND(" – ",$AV10)),LEFT($AV10,FIND(" – ",$AV10)-1),$AV10),ProdTbl,3,0),"کد ناشناخته")) | BB10: =IF($BA10="","",IFERROR(VLOOKUP(IFERROR(VLOOKUP(IF(ISNUMBER(FIND(" – ",$BA10)),LEFT($BA10,FIND(" – ",$BA10)-1),$BA10),ProdTbl,5,0),""),BasketTbl,2,0),"کد ناشناخته")) | BC10: =IF($BA10="","",IFERROR(VLOOKUP(IF(ISNUMBER(FIND(" – ",$BA10)),LEFT($BA10,FIND(" – ",$BA10)-1),$BA10),ProdTbl,3,0),"کد ناشناخته")) | BG10: =IF($BF10="","",IFERROR(VLOOKUP(IFERROR(VLOOKUP(IF(ISNUMBER(FIND(" – ",$BF10)),LEFT($BF10,FIND(" – ",$BF10)-1),$BF10),ProdTbl,5,0),""),BasketTbl,2,0),"کد ناشناخته")) | BH10: =IF($BF10="","",IFERROR(VLOOKUP(IF(ISNUMBER(FIND(" – ",$BF10)),LEFT($BF10,FIND(" – ",$BF10)-1),$BF10),ProdTbl,3,0),"کد ناشناخته")) | BL10: =IF($BK10="","",IFERROR(VLOOKUP(IFERROR(VLOOKUP(IF(ISNUMBER(FIND(" – ",$BK10)),LEFT($BK10,FIND(" – ",$BK10)-1),$BK10),ProdTbl,5,0),""),BasketTbl,2,0),"کد ناشناخته")) | BM10: =IF($BK10="","",IFERROR(VLOOKUP(IF(ISNUMBER(FIND(" – ",$BK10)),LEFT($BK10,FIND(" – ",$BK10)-1),$BK10),ProdTbl,3,0),"کد ناشناخته")) | BQ10: =IF($BP10="","",IFERROR(VLOOKUP(IFERROR(VLOOKUP(IF(ISNUMBER(FIND(" – ",$BP10)),LEFT($BP10,FIND(" – ",$BP10)-1),$BP10),ProdTbl,5,0),""),BasketTbl,2,0),"کد ناشناخته")) | BR10: =IF($BP10="","",IFERROR(VLOOKUP(IF(ISNUMBER(FIND(" – ",$BP10)),LEFT($BP10,FIND(" – ",$BP10)-1),$BP10),ProdTbl,3,0),"کد ناشناخته")) | BV10: =IF($BU10="","",IFERROR(VLOOKUP(IFERROR(VLOOKUP(IF(ISNUMBER(FIND(" – ",$BU10)),LEFT($BU10,FIND(" – ",$BU10)-1),$BU10),ProdTbl,5,0),""),BasketTbl,2,0),"کد ناشناخته")) | BW10: =IF($BU10="","",IFERROR(VLOOKUP(IF(ISNUMBER(FIND(" – ",$BU10)),LEFT($BU10,FIND(" – ",$BU10)-1),$BU10),ProdTbl,3,0),"کد ناشناخته")) | CA10: =IF($BZ10="","",IFERROR(VLOOKUP(IFERROR(VLOOKUP(IF(ISNUMBER(FIND(" – ",$BZ10)),LEFT($BZ10,FIND(" – ",$BZ10)-1),$BZ10),ProdTbl,5,0),""),BasketTbl,2,0),"کد ناشناخته")) | CB10: =IF($BZ10="","",IFERROR(VLOOKUP(IF(ISNUMBER(FIND(" – ",$BZ10)),LEFT($BZ10,FIND(" – ",$BZ10)-1),$BZ10),ProdTbl,3,0),"کد ناشناخته")) | CF10: =IF($CE10="","",IFERROR(VLOOKUP(IFERROR(VLOOKUP(IF(ISNUMBER(FIND(" – ",$CE10)),LEFT($CE10,FIND(" – ",$CE10)-1),$CE10),ProdTbl,5,0),""),BasketTbl,2,0),"کد ناشناخته")) | CG10: =IF($CE10="","",IFERROR(VLOOKUP(IF(ISNUMBER(FIND(" – ",$CE10)),LEFT($CE10,FIND(" – ",$CE10)-1),$CE10),ProdTbl,3,0),"کد ناشناخته"))
A11: =IF($B11="","",COUNTA($B$10:$B11)) | B11: 1405/07/06 | C11: 1002 | D11: SL002 – شرکت گلسرای شمال (نمونه — صادراتی) | E11: =IF($D11="","",IFERROR(VLOOKUP(IF(ISNUMBER(FIND(" – ",$D11)),LEFT($D11,FIND(" – ",$D11)-1),$D11),SellerTbl,2,0),"کد ناشناخته")) | F11: 20000 | G11: 19500 | H11: 1600000000 | I11: =IF(OR($F11="",$G11=""),"",$F11-$G11) | J11: =IF($I11="","",IF(ABS($I11)<=0.01*$F11,"√","×")) | K11: =IF(COUNT($Q11,$V11,$AA11,$AF11,$AK11,$AP11,$AU11,$AZ11,$BE11,$BJ11,$BO11,$BT11,$BY11,$CD11,$CI11)=0,"",SUM($Q11,$V11,$AA11,$AF11,$AK11,$AP11,$AU11,$AZ11,$BE11,$BJ11,$BO11,$BT11,$BY11,$CD11,$CI11)) | L11: =IF(OR($F11="",$K11=""),"",$F11-$K11) | M11: PS03 – نارنگی درجه ۱ — بسته‌بندی | N11: =IF($M11="","",IFERROR(VLOOKUP(IFERROR(VLOOKUP(IF(ISNUMBER(FIND(" – ",$M11)),LEFT($M11,FIND(" – ",$M11)-1),$M11),ProdTbl,5,0),""),BasketTbl,2,0),"کد ناشناخته")) | O11: =IF($M11="","",IFERROR(VLOOKUP(IF(ISNUMBER(FIND(" – ",$M11)),LEFT($M11,FIND(" – ",$M11)-1),$M11),ProdTbl,3,0),"کد ناشناخته")) | P11: 1000 | Q11: 10000 | R11: PS04 – نارنگی عمومی | S11: =IF($R11="","",IFERROR(VLOOKUP(IFERROR(VLOOKUP(IF(ISNUMBER(FIND(" – ",$R11)),LEFT($R11,FIND(" – ",$R11)-1),$R11),ProdTbl,5,0),""),BasketTbl,2,0),"کد ناشناخته")) | T11: =IF($R11="","",IFERROR(VLOOKUP(IF(ISNUMBER(FIND(" – ",$R11)),LEFT($R11,FIND(" – ",$R11)-1),$R11),ProdTbl,3,0),"کد ناشناخته")) | U11: 950 | V11: 9500 | X11: =IF($W11="","",IFERROR(VLOOKUP(IFERROR(VLOOKUP(IF(ISNUMBER(FIND(" – ",$W11)),LEFT($W11,FIND(" – ",$W11)-1),$W11),ProdTbl,5,0),""),BasketTbl,2,0),"کد ناشناخته")) | Y11: =IF($W11="","",IFERROR(VLOOKUP(IF(ISNUMBER(FIND(" – ",$W11)),LEFT($W11,FIND(" – ",$W11)-1),$W11),ProdTbl,3,0),"کد ناشناخته")) | AC11: =IF($AB11="","",IFERROR(VLOOKUP(IFERROR(VLOOKUP(IF(ISNUMBER(FIND(" – ",$AB11)),LEFT($AB11,FIND(" – ",$AB11)-1),$AB11),ProdTbl,5,0),""),BasketTbl,2,0),"کد ناشناخته")) | AD11: =IF($AB11="","",IFERROR(VLOOKUP(IF(ISNUMBER(FIND(" – ",$AB11)),LEFT($AB11,FIND(" – ",$AB11)-1),$AB11),ProdTbl,3,0),"کد ناشناخته")) | AH11: =IF($AG11="","",IFERROR(VLOOKUP(IFERROR(VLOOKUP(IF(ISNUMBER(FIND(" – ",$AG11)),LEFT($AG11,FIND(" – ",$AG11)-1),$AG11),ProdTbl,5,0),""),BasketTbl,2,0),"کد ناشناخته")) | AI11: =IF($AG11="","",IFERROR(VLOOKUP(IF(ISNUMBER(FIND(" – ",$AG11)),LEFT($AG11,FIND(" – ",$AG11)-1),$AG11),ProdTbl,3,0),"کد ناشناخته")) | AM11: =IF($AL11="","",IFERROR(VLOOKUP(IFERROR(VLOOKUP(IF(ISNUMBER(FIND(" – ",$AL11)),LEFT($AL11,FIND(" – ",$AL11)-1),$AL11),ProdTbl,5,0),""),BasketTbl,2,0),"کد ناشناخته")) | AN11: =IF($AL11="","",IFERROR(VLOOKUP(IF(ISNUMBER(FIND(" – ",$AL11)),LEFT($AL11,FIND(" – ",$AL11)-1),$AL11),ProdTbl,3,0),"کد ناشناخته")) | AR11: =IF($AQ11="","",IFERROR(VLOOKUP(IFERROR(VLOOKUP(IF(ISNUMBER(FIND(" – ",$AQ11)),LEFT($AQ11,FIND(" – ",$AQ11)-1),$AQ11),ProdTbl,5,0),""),BasketTbl,2,0),"کد ناشناخته")) | AS11: =IF($AQ11="","",IFERROR(VLOOKUP(IF(ISNUMBER(FIND(" – ",$AQ11)),LEFT($AQ11,FIND(" – ",$AQ11)-1),$AQ11),ProdTbl,3,0),"کد ناشناخته")) | AW11: =IF($AV11="","",IFERROR(VLOOKUP(IFERROR(VLOOKUP(IF(ISNUMBER(FIND(" – ",$AV11)),LEFT($AV11,FIND(" – ",$AV11)-1),$AV11),ProdTbl,5,0),""),BasketTbl,2,0),"کد ناشناخته")) | AX11: =IF($AV11="","",IFERROR(VLOOKUP(IF(ISNUMBER(FIND(" – ",$AV11)),LEFT($AV11,FIND(" – ",$AV11)-1),$AV11),ProdTbl,3,0),"کد ناشناخته")) | BB11: =IF($BA11="","",IFERROR(VLOOKUP(IFERROR(VLOOKUP(IF(ISNUMBER(FIND(" – ",$BA11)),LEFT($BA11,FIND(" – ",$BA11)-1),$BA11),ProdTbl,5,0),""),BasketTbl,2,0),"کد ناشناخته")) | BC11: =IF($BA11="","",IFERROR(VLOOKUP(IF(ISNUMBER(FIND(" – ",$BA11)),LEFT($BA11,FIND(" – ",$BA11)-1),$BA11),ProdTbl,3,0),"کد ناشناخته")) | BG11: =IF($BF11="","",IFERROR(VLOOKUP(IFERROR(VLOOKUP(IF(ISNUMBER(FIND(" – ",$BF11)),LEFT($BF11,FIND(" – ",$BF11)-1),$BF11),ProdTbl,5,0),""),BasketTbl,2,0),"کد ناشناخته")) | BH11: =IF($BF11="","",IFERROR(VLOOKUP(IF(ISNUMBER(FIND(" – ",$BF11)),LEFT($BF11,FIND(" – ",$BF11)-1),$BF11),ProdTbl,3,0),"کد ناشناخته")) | BL11: =IF($BK11="","",IFERROR(VLOOKUP(IFERROR(VLOOKUP(IF(ISNUMBER(FIND(" – ",$BK11)),LEFT($BK11,FIND(" – ",$BK11)-1),$BK11),ProdTbl,5,0),""),BasketTbl,2,0),"کد ناشناخته")) | BM11: =IF($BK11="","",IFERROR(VLOOKUP(IF(ISNUMBER(FIND(" – ",$BK11)),LEFT($BK11,FIND(" – ",$BK11)-1),$BK11),ProdTbl,3,0),"کد ناشناخته")) | BQ11: =IF($BP11="","",IFERROR(VLOOKUP(IFERROR(VLOOKUP(IF(ISNUMBER(FIND(" – ",$BP11)),LEFT($BP11,FIND(" – ",$BP11)-1),$BP11),ProdTbl,5,0),""),BasketTbl,2,0),"کد ناشناخته")) | BR11: =IF($BP11="","",IFERROR(VLOOKUP(IF(ISNUMBER(FIND(" – ",$BP11)),LEFT($BP11,FIND(" – ",$BP11)-1),$BP11),ProdTbl,3,0),"کد ناشناخته")) | BV11: =IF($BU11="","",IFERROR(VLOOKUP(IFERROR(VLOOKUP(IF(ISNUMBER(FIND(" – ",$BU11)),LEFT($BU11,FIND(" – ",$BU11)-1),$BU11),ProdTbl,5,0),""),BasketTbl,2,0),"کد ناشناخته")) | BW11: =IF($BU11="","",IFERROR(VLOOKUP(IF(ISNUMBER(FIND(" – ",$BU11)),LEFT($BU11,FIND(" – ",$BU11)-1),$BU11),ProdTbl,3,0),"کد ناشناخته")) | CA11: =IF($BZ11="","",IFERROR(VLOOKUP(IFERROR(VLOOKUP(IF(ISNUMBER(FIND(" – ",$BZ11)),LEFT($BZ11,FIND(" – ",$BZ11)-1),$BZ11),ProdTbl,5,0),""),BasketTbl,2,0),"کد ناشناخته")) | CB11: =IF($BZ11="","",IFERROR(VLOOKUP(IF(ISNUMBER(FIND(" – ",$BZ11)),LEFT($BZ11,FIND(" – ",$BZ11)-1),$BZ11),ProdTbl,3,0),"کد ناشناخته")) | CF11: =IF($CE11="","",IFERROR(VLOOKUP(IFERROR(VLOOKUP(IF(ISNUMBER(FIND(" – ",$CE11)),LEFT($CE11,FIND(" – ",$CE11)-1),$CE11),ProdTbl,5,0),""),BasketTbl,2,0),"کد ناشناخته")) | CG11: =IF($CE11="","",IFERROR(VLOOKUP(IF(ISNUMBER(FIND(" – ",$CE11)),LEFT($CE11,FIND(" – ",$CE11)-1),$CE11),ProdTbl,3,0),"کد ناشناخته"))
A12: =IF($B12="","",COUNTA($B$10:$B12)) | B12: 1405/07/08 | C12: 1003 | D12: SL003 – عباس نیک‌پی (نمونه — واسطه) | E12: =IF($D12="","",IFERROR(VLOOKUP(IF(ISNUMBER(FIND(" – ",$D12)),LEFT($D12,FIND(" – ",$D12)-1),$D12),SellerTbl,2,0),"کد ناشناخته")) | F12: 8000 | G12: 8000 | H12: 640000000 | I12: =IF(OR($F12="",$G12=""),"",$F12-$G12) | J12: =IF($I12="","",IF(ABS($I12)<=0.01*$F12,"√","×")) | K12: =IF(COUNT($Q12,$V12,$AA12,$AF12,$AK12,$AP12,$AU12,$AZ12,$BE12,$BJ12,$BO12,$BT12,$BY12,$CD12,$CI12)=0,"",SUM($Q12,$V12,$AA12,$AF12,$AK12,$AP12,$AU12,$AZ12,$BE12,$BJ12,$BO12,$BT12,$BY12,$CD12,$CI12)) | L12: =IF(OR($F12="",$K12=""),"",$F12-$K12) | M12: PS02 – پرتقال درجه ۲ — عمومی | N12: =IF($M12="","",IFERROR(VLOOKUP(IFERROR(VLOOKUP(IF(ISNUMBER(FIND(" – ",$M12)),LEFT($M12,FIND(" – ",$M12)-1),$M12),ProdTbl,5,0),""),BasketTbl,2,0),"کد ناشناخته")) | O12: =IF($M12="","",IFERROR(VLOOKUP(IF(ISNUMBER(FIND(" – ",$M12)),LEFT($M12,FIND(" – ",$M12)-1),$M12),ProdTbl,3,0),"کد ناشناخته")) | P12: 800 | Q12: 8000 | S12: =IF($R12="","",IFERROR(VLOOKUP(IFERROR(VLOOKUP(IF(ISNUMBER(FIND(" – ",$R12)),LEFT($R12,FIND(" – ",$R12)-1),$R12),ProdTbl,5,0),""),BasketTbl,2,0),"کد ناشناخته")) | T12: =IF($R12="","",IFERROR(VLOOKUP(IF(ISNUMBER(FIND(" – ",$R12)),LEFT($R12,FIND(" – ",$R12)-1),$R12),ProdTbl,3,0),"کد ناشناخته")) | X12: =IF($W12="","",IFERROR(VLOOKUP(IFERROR(VLOOKUP(IF(ISNUMBER(FIND(" – ",$W12)),LEFT($W12,FIND(" – ",$W12)-1),$W12),ProdTbl,5,0),""),BasketTbl,2,0),"کد ناشناخته")) | Y12: =IF($W12="","",IFERROR(VLOOKUP(IF(ISNUMBER(FIND(" – ",$W12)),LEFT($W12,FIND(" – ",$W12)-1),$W12),ProdTbl,3,0),"کد ناشناخته")) | AC12: =IF($AB12="","",IFERROR(VLOOKUP(IFERROR(VLOOKUP(IF(ISNUMBER(FIND(" – ",$AB12)),LEFT($AB12,FIND(" – ",$AB12)-1),$AB12),ProdTbl,5,0),""),BasketTbl,2,0),"کد ناشناخته")) | AD12: =IF($AB12="","",IFERROR(VLOOKUP(IF(ISNUMBER(FIND(" – ",$AB12)),LEFT($AB12,FIND(" – ",$AB12)-1),$AB12),ProdTbl,3,0),"کد ناشناخته")) | AH12: =IF($AG12="","",IFERROR(VLOOKUP(IFERROR(VLOOKUP(IF(ISNUMBER(FIND(" – ",$AG12)),LEFT($AG12,FIND(" – ",$AG12)-1),$AG12),ProdTbl,5,0),""),BasketTbl,2,0),"کد ناشناخته")) | AI12: =IF($AG12="","",IFERROR(VLOOKUP(IF(ISNUMBER(FIND(" – ",$AG12)),LEFT($AG12,FIND(" – ",$AG12)-1),$AG12),ProdTbl,3,0),"کد ناشناخته")) | AM12: =IF($AL12="","",IFERROR(VLOOKUP(IFERROR(VLOOKUP(IF(ISNUMBER(FIND(" – ",$AL12)),LEFT($AL12,FIND(" – ",$AL12)-1),$AL12),ProdTbl,5,0),""),BasketTbl,2,0),"کد ناشناخته")) | AN12: =IF($AL12="","",IFERROR(VLOOKUP(IF(ISNUMBER(FIND(" – ",$AL12)),LEFT($AL12,FIND(" – ",$AL12)-1),$AL12),ProdTbl,3,0),"کد ناشناخته")) | AR12: =IF($AQ12="","",IFERROR(VLOOKUP(IFERROR(VLOOKUP(IF(ISNUMBER(FIND(" – ",$AQ12)),LEFT($AQ12,FIND(" – ",$AQ12)-1),$AQ12),ProdTbl,5,0),""),BasketTbl,2,0),"کد ناشناخته")) | AS12: =IF($AQ12="","",IFERROR(VLOOKUP(IF(ISNUMBER(FIND(" – ",$AQ12)),LEFT($AQ12,FIND(" – ",$AQ12)-1),$AQ12),ProdTbl,3,0),"کد ناشناخته")) | AW12: =IF($AV12="","",IFERROR(VLOOKUP(IFERROR(VLOOKUP(IF(ISNUMBER(FIND(" – ",$AV12)),LEFT($AV12,FIND(" – ",$AV12)-1),$AV12),ProdTbl,5,0),""),BasketTbl,2,0),"کد ناشناخته")) | AX12: =IF($AV12="","",IFERROR(VLOOKUP(IF(ISNUMBER(FIND(" – ",$AV12)),LEFT($AV12,FIND(" – ",$AV12)-1),$AV12),ProdTbl,3,0),"کد ناشناخته")) | BB12: =IF($BA12="","",IFERROR(VLOOKUP(IFERROR(VLOOKUP(IF(ISNUMBER(FIND(" – ",$BA12)),LEFT($BA12,FIND(" – ",$BA12)-1),$BA12),ProdTbl,5,0),""),BasketTbl,2,0),"کد ناشناخته")) | BC12: =IF($BA12="","",IFERROR(VLOOKUP(IF(ISNUMBER(FIND(" – ",$BA12)),LEFT($BA12,FIND(" – ",$BA12)-1),$BA12),ProdTbl,3,0),"کد ناشناخته")) | BG12: =IF($BF12="","",IFERROR(VLOOKUP(IFERROR(VLOOKUP(IF(ISNUMBER(FIND(" – ",$BF12)),LEFT($BF12,FIND(" – ",$BF12)-1),$BF12),ProdTbl,5,0),""),BasketTbl,2,0),"کد ناشناخته")) | BH12: =IF($BF12="","",IFERROR(VLOOKUP(IF(ISNUMBER(FIND(" – ",$BF12)),LEFT($BF12,FIND(" – ",$BF12)-1),$BF12),ProdTbl,3,0),"کد ناشناخته")) | BL12: =IF($BK12="","",IFERROR(VLOOKUP(IFERROR(VLOOKUP(IF(ISNUMBER(FIND(" – ",$BK12)),LEFT($BK12,FIND(" – ",$BK12)-1),$BK12),ProdTbl,5,0),""),BasketTbl,2,0),"کد ناشناخته")) | BM12: =IF($BK12="","",IFERROR(VLOOKUP(IF(ISNUMBER(FIND(" – ",$BK12)),LEFT($BK12,FIND(" – ",$BK12)-1),$BK12),ProdTbl,3,0),"کد ناشناخته")) | BQ12: =IF($BP12="","",IFERROR(VLOOKUP(IFERROR(VLOOKUP(IF(ISNUMBER(FIND(" – ",$BP12)),LEFT($BP12,FIND(" – ",$BP12)-1),$BP12),ProdTbl,5,0),""),BasketTbl,2,0),"کد ناشناخته")) | BR12: =IF($BP12="","",IFERROR(VLOOKUP(IF(ISNUMBER(FIND(" – ",$BP12)),LEFT($BP12,FIND(" – ",$BP12)-1),$BP12),ProdTbl,3,0),"کد ناشناخته")) | BV12: =IF($BU12="","",IFERROR(VLOOKUP(IFERROR(VLOOKUP(IF(ISNUMBER(FIND(" – ",$BU12)),LEFT($BU12,FIND(" – ",$BU12)-1),$BU12),ProdTbl,5,0),""),BasketTbl,2,0),"کد ناشناخته")) | BW12: =IF($BU12="","",IFERROR(VLOOKUP(IF(ISNUMBER(FIND(" – ",$BU12)),LEFT($BU12,FIND(" – ",$BU12)-1),$BU12),ProdTbl,3,0),"کد ناشناخته")) | CA12: =IF($BZ12="","",IFERROR(VLOOKUP(IFERROR(VLOOKUP(IF(ISNUMBER(FIND(" – ",$BZ12)),LEFT($BZ12,FIND(" – ",$BZ12)-1),$BZ12),ProdTbl,5,0),""),BasketTbl,2,0),"کد ناشناخته")) | CB12: =IF($BZ12="","",IFERROR(VLOOKUP(IF(ISNUMBER(FIND(" – ",$BZ12)),LEFT($BZ12,FIND(" – ",$BZ12)-1),$BZ12),ProdTbl,3,0),"کد ناشناخته")) | CF12: =IF($CE12="","",IFERROR(VLOOKUP(IFERROR(VLOOKUP(IF(ISNUMBER(FIND(" – ",$CE12)),LEFT($CE12,FIND(" – ",$CE12)-1),$CE12),ProdTbl,5,0),""),BasketTbl,2,0),"کد ناشناخته")) | CG12: =IF($CE12="","",IFERROR(VLOOKUP(IF(ISNUMBER(FIND(" – ",$CE12)),LEFT($CE12,FIND(" – ",$CE12)-1),$CE12),ProdTbl,3,0),"کد ناشناخته"))
A13: =IF($B13="","",COUNTA($B$10:$B13)) | B13: 1405/07/10 | C13: 1004 | D13: SL004 | E13: =IF($D13="","",IFERROR(VLOOKUP(IF(ISNUMBER(FIND(" – ",$D13)),LEFT($D13,FIND(" – ",$D13)-1),$D13),SellerTbl,2,0),"کد ناشناخته")) | F13: 5000 | G13: 4990 | H13: 400000000 | I13: =IF(OR($F13="",$G13=""),"",$F13-$G13) | J13: =IF($I13="","",IF(ABS($I13)<=0.01*$F13,"√","×")) | K13: =IF(COUNT($Q13,$V13,$AA13,$AF13,$AK13,$AP13,$AU13,$AZ13,$BE13,$BJ13,$BO13,$BT13,$BY13,$CD13,$CI13)=0,"",SUM($Q13,$V13,$AA13,$AF13,$AK13,$AP13,$AU13,$AZ13,$BE13,$BJ13,$BO13,$BT13,$BY13,$CD13,$CI13)) | L13: =IF(OR($F13="",$K13=""),"",$F13-$K13) | M13: PS01 | N13: =IF($M13="","",IFERROR(VLOOKUP(IFERROR(VLOOKUP(IF(ISNUMBER(FIND(" – ",$M13)),LEFT($M13,FIND(" – ",$M13)-1),$M13),ProdTbl,5,0),""),BasketTbl,2,0),"کد ناشناخته")) | O13: =IF($M13="","",IFERROR(VLOOKUP(IF(ISNUMBER(FIND(" – ",$M13)),LEFT($M13,FIND(" – ",$M13)-1),$M13),ProdTbl,3,0),"کد ناشناخته")) | P13: 499 | Q13: 4990 | S13: =IF($R13="","",IFERROR(VLOOKUP(IFERROR(VLOOKUP(IF(ISNUMBER(FIND(" – ",$R13)),LEFT($R13,FIND(" – ",$R13)-1),$R13),ProdTbl,5,0),""),BasketTbl,2,0),"کد ناشناخته")) | T13: =IF($R13="","",IFERROR(VLOOKUP(IF(ISNUMBER(FIND(" – ",$R13)),LEFT($R13,FIND(" – ",$R13)-1),$R13),ProdTbl,3,0),"کد ناشناخته")) | X13: =IF($W13="","",IFERROR(VLOOKUP(IFERROR(VLOOKUP(IF(ISNUMBER(FIND(" – ",$W13)),LEFT($W13,FIND(" – ",$W13)-1),$W13),ProdTbl,5,0),""),BasketTbl,2,0),"کد ناشناخته")) | Y13: =IF($W13="","",IFERROR(VLOOKUP(IF(ISNUMBER(FIND(" – ",$W13)),LEFT($W13,FIND(" – ",$W13)-1),$W13),ProdTbl,3,0),"کد ناشناخته")) | AC13: =IF($AB13="","",IFERROR(VLOOKUP(IFERROR(VLOOKUP(IF(ISNUMBER(FIND(" – ",$AB13)),LEFT($AB13,FIND(" – ",$AB13)-1),$AB13),ProdTbl,5,0),""),BasketTbl,2,0),"کد ناشناخته")) | AD13: =IF($AB13="","",IFERROR(VLOOKUP(IF(ISNUMBER(FIND(" – ",$AB13)),LEFT($AB13,FIND(" – ",$AB13)-1),$AB13),ProdTbl,3,0),"کد ناشناخته")) | AH13: =IF($AG13="","",IFERROR(VLOOKUP(IFERROR(VLOOKUP(IF(ISNUMBER(FIND(" – ",$AG13)),LEFT($AG13,FIND(" – ",$AG13)-1),$AG13),ProdTbl,5,0),""),BasketTbl,2,0),"کد ناشناخته")) | AI13: =IF($AG13="","",IFERROR(VLOOKUP(IF(ISNUMBER(FIND(" – ",$AG13)),LEFT($AG13,FIND(" – ",$AG13)-1),$AG13),ProdTbl,3,0),"کد ناشناخته")) | AM13: =IF($AL13="","",IFERROR(VLOOKUP(IFERROR(VLOOKUP(IF(ISNUMBER(FIND(" – ",$AL13)),LEFT($AL13,FIND(" – ",$AL13)-1),$AL13),ProdTbl,5,0),""),BasketTbl,2,0),"کد ناشناخته")) | AN13: =IF($AL13="","",IFERROR(VLOOKUP(IF(ISNUMBER(FIND(" – ",$AL13)),LEFT($AL13,FIND(" – ",$AL13)-1),$AL13),ProdTbl,3,0),"کد ناشناخته")) | AR13: =IF($AQ13="","",IFERROR(VLOOKUP(IFERROR(VLOOKUP(IF(ISNUMBER(FIND(" – ",$AQ13)),LEFT($AQ13,FIND(" – ",$AQ13)-1),$AQ13),ProdTbl,5,0),""),BasketTbl,2,0),"کد ناشناخته")) | AS13: =IF($AQ13="","",IFERROR(VLOOKUP(IF(ISNUMBER(FIND(" – ",$AQ13)),LEFT($AQ13,FIND(" – ",$AQ13)-1),$AQ13),ProdTbl,3,0),"کد ناشناخته")) | AW13: =IF($AV13="","",IFERROR(VLOOKUP(IFERROR(VLOOKUP(IF(ISNUMBER(FIND(" – ",$AV13)),LEFT($AV13,FIND(" – ",$AV13)-1),$AV13),ProdTbl,5,0),""),BasketTbl,2,0),"کد ناشناخته")) | AX13: =IF($AV13="","",IFERROR(VLOOKUP(IF(ISNUMBER(FIND(" – ",$AV13)),LEFT($AV13,FIND(" – ",$AV13)-1),$AV13),ProdTbl,3,0),"کد ناشناخته")) | BB13: =IF($BA13="","",IFERROR(VLOOKUP(IFERROR(VLOOKUP(IF(ISNUMBER(FIND(" – ",$BA13)),LEFT($BA13,FIND(" – ",$BA13)-1),$BA13),ProdTbl,5,0),""),BasketTbl,2,0),"کد ناشناخته")) | BC13: =IF($BA13="","",IFERROR(VLOOKUP(IF(ISNUMBER(FIND(" – ",$BA13)),LEFT($BA13,FIND(" – ",$BA13)-1),$BA13),ProdTbl,3,0),"کد ناشناخته")) | BG13: =IF($BF13="","",IFERROR(VLOOKUP(IFERROR(VLOOKUP(IF(ISNUMBER(FIND(" – ",$BF13)),LEFT($BF13,FIND(" – ",$BF13)-1),$BF13),ProdTbl,5,0),""),BasketTbl,2,0),"کد ناشناخته")) | BH13: =IF($BF13="","",IFERROR(VLOOKUP(IF(ISNUMBER(FIND(" – ",$BF13)),LEFT($BF13,FIND(" – ",$BF13)-1),$BF13),ProdTbl,3,0),"کد ناشناخته")) | BL13: =IF($BK13="","",IFERROR(VLOOKUP(IFERROR(VLOOKUP(IF(ISNUMBER(FIND(" – ",$BK13)),LEFT($BK13,FIND(" – ",$BK13)-1),$BK13),ProdTbl,5,0),""),BasketTbl,2,0),"کد ناشناخته")) | BM13: =IF($BK13="","",IFERROR(VLOOKUP(IF(ISNUMBER(FIND(" – ",$BK13)),LEFT($BK13,FIND(" – ",$BK13)-1),$BK13),ProdTbl,3,0),"کد ناشناخته")) | BQ13: =IF($BP13="","",IFERROR(VLOOKUP(IFERROR(VLOOKUP(IF(ISNUMBER(FIND(" – ",$BP13)),LEFT($BP13,FIND(" – ",$BP13)-1),$BP13),ProdTbl,5,0),""),BasketTbl,2,0),"کد ناشناخته")) | BR13: =IF($BP13="","",IFERROR(VLOOKUP(IF(ISNUMBER(FIND(" – ",$BP13)),LEFT($BP13,FIND(" – ",$BP13)-1),$BP13),ProdTbl,3,0),"کد ناشناخته")) | BV13: =IF($BU13="","",IFERROR(VLOOKUP(IFERROR(VLOOKUP(IF(ISNUMBER(FIND(" – ",$BU13)),LEFT($BU13,FIND(" – ",$BU13)-1),$BU13),ProdTbl,5,0),""),BasketTbl,2,0),"کد ناشناخته")) | BW13: =IF($BU13="","",IFERROR(VLOOKUP(IF(ISNUMBER(FIND(" – ",$BU13)),LEFT($BU13,FIND(" – ",$BU13)-1),$BU13),ProdTbl,3,0),"کد ناشناخته")) | CA13: =IF($BZ13="","",IFERROR(VLOOKUP(IFERROR(VLOOKUP(IF(ISNUMBER(FIND(" – ",$BZ13)),LEFT($BZ13,FIND(" – ",$BZ13)-1),$BZ13),ProdTbl,5,0),""),BasketTbl,2,0),"کد ناشناخته")) | CB13: =IF($BZ13="","",IFERROR(VLOOKUP(IF(ISNUMBER(FIND(" – ",$BZ13)),LEFT($BZ13,FIND(" – ",$BZ13)-1),$BZ13),ProdTbl,3,0),"کد ناشناخته")) | CF13: =IF($CE13="","",IFERROR(VLOOKUP(IFERROR(VLOOKUP(IF(ISNUMBER(FIND(" – ",$CE13)),LEFT($CE13,FIND(" – ",$CE13)-1),$CE13),ProdTbl,5,0),""),BasketTbl,2,0),"کد ناشناخته")) | CG13: =IF($CE13="","",IFERROR(VLOOKUP(IF(ISNUMBER(FIND(" – ",$CE13)),LEFT($CE13,FIND(" – ",$CE13)-1),$CE13),ProdTbl,3,0),"کد ناشناخته"))
A14: =IF($B14="","",COUNTA($B$10:$B14)) | E14: =IF($D14="","",IFERROR(VLOOKUP(IF(ISNUMBER(FIND(" – ",$D14)),LEFT($D14,FIND(" – ",$D14)-1),$D14),SellerTbl,2,0),"کد ناشناخته")) | I14: =IF(OR($F14="",$G14=""),"",$F14-$G14) | J14: =IF($I14="","",IF(ABS($I14)<=0.01*$F14,"√","×")) | K14: =IF(COUNT($Q14,$V14,$AA14,$AF14,$AK14,$AP14,$AU14,$AZ14,$BE14,$BJ14,$BO14,$BT14,$BY14,$CD14,$CI14)=0,"",SUM($Q14,$V14,$AA14,$AF14,$AK14,$AP14,$AU14,$AZ14,$BE14,$BJ14,$BO14,$BT14,$BY14,$CD14,$CI14)) | L14: =IF(OR($F14="",$K14=""),"",$F14-$K14) | N14: =IF($M14="","",IFERROR(VLOOKUP(IFERROR(VLOOKUP(IF(ISNUMBER(FIND(" – ",$M14)),LEFT($M14,FIND(" – ",$M14)-1),$M14),ProdTbl,5,0),""),BasketTbl,2,0),"کد ناشناخته")) | O14: =IF($M14="","",IFERROR(VLOOKUP(IF(ISNUMBER(FIND(" – ",$M14)),LEFT($M14,FIND(" – ",$M14)-1),$M14),ProdTbl,3,0),"کد ناشناخته")) | S14: =IF($R14="","",IFERROR(VLOOKUP(IFERROR(VLOOKUP(IF(ISNUMBER(FIND(" – ",$R14)),LEFT($R14,FIND(" – ",$R14)-1),$R14),ProdTbl,5,0),""),BasketTbl,2,0),"کد ناشناخته")) | T14: =IF($R14="","",IFERROR(VLOOKUP(IF(ISNUMBER(FIND(" – ",$R14)),LEFT($R14,FIND(" – ",$R14)-1),$R14),ProdTbl,3,0),"کد ناشناخته")) | X14: =IF($W14="","",IFERROR(VLOOKUP(IFERROR(VLOOKUP(IF(ISNUMBER(FIND(" – ",$W14)),LEFT($W14,FIND(" – ",$W14)-1),$W14),ProdTbl,5,0),""),BasketTbl,2,0),"کد ناشناخته")) | Y14: =IF($W14="","",IFERROR(VLOOKUP(IF(ISNUMBER(FIND(" – ",$W14)),LEFT($W14,FIND(" – ",$W14)-1),$W14),ProdTbl,3,0),"کد ناشناخته")) | AC14: =IF($AB14="","",IFERROR(VLOOKUP(IFERROR(VLOOKUP(IF(ISNUMBER(FIND(" – ",$AB14)),LEFT($AB14,FIND(" – ",$AB14)-1),$AB14),ProdTbl,5,0),""),BasketTbl,2,0),"کد ناشناخته")) | AD14: =IF($AB14="","",IFERROR(VLOOKUP(IF(ISNUMBER(FIND(" – ",$AB14)),LEFT($AB14,FIND(" – ",$AB14)-1),$AB14),ProdTbl,3,0),"کد ناشناخته")) | AH14: =IF($AG14="","",IFERROR(VLOOKUP(IFERROR(VLOOKUP(IF(ISNUMBER(FIND(" – ",$AG14)),LEFT($AG14,FIND(" – ",$AG14)-1),$AG14),ProdTbl,5,0),""),BasketTbl,2,0),"کد ناشناخته")) | AI14: =IF($AG14="","",IFERROR(VLOOKUP(IF(ISNUMBER(FIND(" – ",$AG14)),LEFT($AG14,FIND(" – ",$AG14)-1),$AG14),ProdTbl,3,0),"کد ناشناخته")) | AM14: =IF($AL14="","",IFERROR(VLOOKUP(IFERROR(VLOOKUP(IF(ISNUMBER(FIND(" – ",$AL14)),LEFT($AL14,FIND(" – ",$AL14)-1),$AL14),ProdTbl,5,0),""),BasketTbl,2,0),"کد ناشناخته")) | AN14: =IF($AL14="","",IFERROR(VLOOKUP(IF(ISNUMBER(FIND(" – ",$AL14)),LEFT($AL14,FIND(" – ",$AL14)-1),$AL14),ProdTbl,3,0),"کد ناشناخته")) | AR14: =IF($AQ14="","",IFERROR(VLOOKUP(IFERROR(VLOOKUP(IF(ISNUMBER(FIND(" – ",$AQ14)),LEFT($AQ14,FIND(" – ",$AQ14)-1),$AQ14),ProdTbl,5,0),""),BasketTbl,2,0),"کد ناشناخته")) | AS14: =IF($AQ14="","",IFERROR(VLOOKUP(IF(ISNUMBER(FIND(" – ",$AQ14)),LEFT($AQ14,FIND(" – ",$AQ14)-1),$AQ14),ProdTbl,3,0),"کد ناشناخته")) | AW14: =IF($AV14="","",IFERROR(VLOOKUP(IFERROR(VLOOKUP(IF(ISNUMBER(FIND(" – ",$AV14)),LEFT($AV14,FIND(" – ",$AV14)-1),$AV14),ProdTbl,5,0),""),BasketTbl,2,0),"کد ناشناخته")) | AX14: =IF($AV14="","",IFERROR(VLOOKUP(IF(ISNUMBER(FIND(" – ",$AV14)),LEFT($AV14,FIND(" – ",$AV14)-1),$AV14),ProdTbl,3,0),"کد ناشناخته")) | BB14: =IF($BA14="","",IFERROR(VLOOKUP(IFERROR(VLOOKUP(IF(ISNUMBER(FIND(" – ",$BA14)),LEFT($BA14,FIND(" – ",$BA14)-1),$BA14),ProdTbl,5,0),""),BasketTbl,2,0),"کد ناشناخته")) | BC14: =IF($BA14="","",IFERROR(VLOOKUP(IF(ISNUMBER(FIND(" – ",$BA14)),LEFT($BA14,FIND(" – ",$BA14)-1),$BA14),ProdTbl,3,0),"کد ناشناخته")) | BG14: =IF($BF14="","",IFERROR(VLOOKUP(IFERROR(VLOOKUP(IF(ISNUMBER(FIND(" – ",$BF14)),LEFT($BF14,FIND(" – ",$BF14)-1),$BF14),ProdTbl,5,0),""),BasketTbl,2,0),"کد ناشناخته")) | BH14: =IF($BF14="","",IFERROR(VLOOKUP(IF(ISNUMBER(FIND(" – ",$BF14)),LEFT($BF14,FIND(" – ",$BF14)-1),$BF14),ProdTbl,3,0),"کد ناشناخته")) | BL14: =IF($BK14="","",IFERROR(VLOOKUP(IFERROR(VLOOKUP(IF(ISNUMBER(FIND(" – ",$BK14)),LEFT($BK14,FIND(" – ",$BK14)-1),$BK14),ProdTbl,5,0),""),BasketTbl,2,0),"کد ناشناخته")) | BM14: =IF($BK14="","",IFERROR(VLOOKUP(IF(ISNUMBER(FIND(" – ",$BK14)),LEFT($BK14,FIND(" – ",$BK14)-1),$BK14),ProdTbl,3,0),"کد ناشناخته")) | BQ14: =IF($BP14="","",IFERROR(VLOOKUP(IFERROR(VLOOKUP(IF(ISNUMBER(FIND(" – ",$BP14)),LEFT($BP14,FIND(" – ",$BP14)-1),$BP14),ProdTbl,5,0),""),BasketTbl,2,0),"کد ناشناخته")) | BR14: =IF($BP14="","",IFERROR(VLOOKUP(IF(ISNUMBER(FIND(" – ",$BP14)),LEFT($BP14,FIND(" – ",$BP14)-1),$BP14),ProdTbl,3,0),"کد ناشناخته")) | BV14: =IF($BU14="","",IFERROR(VLOOKUP(IFERROR(VLOOKUP(IF(ISNUMBER(FIND(" – ",$BU14)),LEFT($BU14,FIND(" – ",$BU14)-1),$BU14),ProdTbl,5,0),""),BasketTbl,2,0),"کد ناشناخته")) | BW14: =IF($BU14="","",IFERROR(VLOOKUP(IF(ISNUMBER(FIND(" – ",$BU14)),LEFT($BU14,FIND(" – ",$BU14)-1),$BU14),ProdTbl,3,0),"کد ناشناخته")) | CA14: =IF($BZ14="","",IFERROR(VLOOKUP(IFERROR(VLOOKUP(IF(ISNUMBER(FIND(" – ",$BZ14)),LEFT($BZ14,FIND(" – ",$BZ14)-1),$BZ14),ProdTbl,5,0),""),BasketTbl,2,0),"کد ناشناخته")) | CB14: =IF($BZ14="","",IFERROR(VLOOKUP(IF(ISNUMBER(FIND(" – ",$BZ14)),LEFT($BZ14,FIND(" – ",$BZ14)-1),$BZ14),ProdTbl,3,0),"کد ناشناخته")) | CF14: =IF($CE14="","",IFERROR(VLOOKUP(IFERROR(VLOOKUP(IF(ISNUMBER(FIND(" – ",$CE14)),LEFT($CE14,FIND(" – ",$CE14)-1),$CE14),ProdTbl,5,0),""),BasketTbl,2,0),"کد ناشناخته")) | CG14: =IF($CE14="","",IFERROR(VLOOKUP(IF(ISNUMBER(FIND(" – ",$CE14)),LEFT($CE14,FIND(" – ",$CE14)-1),$CE14),ProdTbl,3,0),"کد ناشناخته"))
A15: =IF($B15="","",COUNTA($B$10:$B15)) | E15: =IF($D15="","",IFERROR(VLOOKUP(IF(ISNUMBER(FIND(" – ",$D15)),LEFT($D15,FIND(" – ",$D15)-1),$D15),SellerTbl,2,0),"کد ناشناخته")) | I15: =IF(OR($F15="",$G15=""),"",$F15-$G15) | J15: =IF($I15="","",IF(ABS($I15)<=0.01*$F15,"√","×")) | K15: =IF(COUNT($Q15,$V15,$AA15,$AF15,$AK15,$AP15,$AU15,$AZ15,$BE15,$BJ15,$BO15,$BT15,$BY15,$CD15,$CI15)=0,"",SUM($Q15,$V15,$AA15,$AF15,$AK15,$AP15,$AU15,$AZ15,$BE15,$BJ15,$BO15,$BT15,$BY15,$CD15,$CI15)) | L15: =IF(OR($F15="",$K15=""),"",$F15-$K15) | N15: =IF($M15="","",IFERROR(VLOOKUP(IFERROR(VLOOKUP(IF(ISNUMBER(FIND(" – ",$M15)),LEFT($M15,FIND(" – ",$M15)-1),$M15),ProdTbl,5,0),""),BasketTbl,2,0),"کد ناشناخته")) | O15: =IF($M15="","",IFERROR(VLOOKUP(IF(ISNUMBER(FIND(" – ",$M15)),LEFT($M15,FIND(" – ",$M15)-1),$M15),ProdTbl,3,0),"کد ناشناخته")) | S15: =IF($R15="","",IFERROR(VLOOKUP(IFERROR(VLOOKUP(IF(ISNUMBER(FIND(" – ",$R15)),LEFT($R15,FIND(" – ",$R15)-1),$R15),ProdTbl,5,0),""),BasketTbl,2,0),"کد ناشناخته")) | T15: =IF($R15="","",IFERROR(VLOOKUP(IF(ISNUMBER(FIND(" – ",$R15)),LEFT($R15,FIND(" – ",$R15)-1),$R15),ProdTbl,3,0),"کد ناشناخته")) | X15: =IF($W15="","",IFERROR(VLOOKUP(IFERROR(VLOOKUP(IF(ISNUMBER(FIND(" – ",$W15)),LEFT($W15,FIND(" – ",$W15)-1),$W15),ProdTbl,5,0),""),BasketTbl,2,0),"کد ناشناخته")) | Y15: =IF($W15="","",IFERROR(VLOOKUP(IF(ISNUMBER(FIND(" – ",$W15)),LEFT($W15,FIND(" – ",$W15)-1),$W15),ProdTbl,3,0),"کد ناشناخته")) | AC15: =IF($AB15="","",IFERROR(VLOOKUP(IFERROR(VLOOKUP(IF(ISNUMBER(FIND(" – ",$AB15)),LEFT($AB15,FIND(" – ",$AB15)-1),$AB15),ProdTbl,5,0),""),BasketTbl,2,0),"کد ناشناخته")) | AD15: =IF($AB15="","",IFERROR(VLOOKUP(IF(ISNUMBER(FIND(" – ",$AB15)),LEFT($AB15,FIND(" – ",$AB15)-1),$AB15),ProdTbl,3,0),"کد ناشناخته")) | AH15: =IF($AG15="","",IFERROR(VLOOKUP(IFERROR(VLOOKUP(IF(ISNUMBER(FIND(" – ",$AG15)),LEFT($AG15,FIND(" – ",$AG15)-1),$AG15),ProdTbl,5,0),""),BasketTbl,2,0),"کد ناشناخته")) | AI15: =IF($AG15="","",IFERROR(VLOOKUP(IF(ISNUMBER(FIND(" – ",$AG15)),LEFT($AG15,FIND(" – ",$AG15)-1),$AG15),ProdTbl,3,0),"کد ناشناخته")) | AM15: =IF($AL15="","",IFERROR(VLOOKUP(IFERROR(VLOOKUP(IF(ISNUMBER(FIND(" – ",$AL15)),LEFT($AL15,FIND(" – ",$AL15)-1),$AL15),ProdTbl,5,0),""),BasketTbl,2,0),"کد ناشناخته")) | AN15: =IF($AL15="","",IFERROR(VLOOKUP(IF(ISNUMBER(FIND(" – ",$AL15)),LEFT($AL15,FIND(" – ",$AL15)-1),$AL15),ProdTbl,3,0),"کد ناشناخته")) | AR15: =IF($AQ15="","",IFERROR(VLOOKUP(IFERROR(VLOOKUP(IF(ISNUMBER(FIND(" – ",$AQ15)),LEFT($AQ15,FIND(" – ",$AQ15)-1),$AQ15),ProdTbl,5,0),""),BasketTbl,2,0),"کد ناشناخته")) | AS15: =IF($AQ15="","",IFERROR(VLOOKUP(IF(ISNUMBER(FIND(" – ",$AQ15)),LEFT($AQ15,FIND(" – ",$AQ15)-1),$AQ15),ProdTbl,3,0),"کد ناشناخته")) | AW15: =IF($AV15="","",IFERROR(VLOOKUP(IFERROR(VLOOKUP(IF(ISNUMBER(FIND(" – ",$AV15)),LEFT($AV15,FIND(" – ",$AV15)-1),$AV15),ProdTbl,5,0),""),BasketTbl,2,0),"کد ناشناخته")) | AX15: =IF($AV15="","",IFERROR(VLOOKUP(IF(ISNUMBER(FIND(" – ",$AV15)),LEFT($AV15,FIND(" – ",$AV15)-1),$AV15),ProdTbl,3,0),"کد ناشناخته")) | BB15: =IF($BA15="","",IFERROR(VLOOKUP(IFERROR(VLOOKUP(IF(ISNUMBER(FIND(" – ",$BA15)),LEFT($BA15,FIND(" – ",$BA15)-1),$BA15),ProdTbl,5,0),""),BasketTbl,2,0),"کد ناشناخته")) | BC15: =IF($BA15="","",IFERROR(VLOOKUP(IF(ISNUMBER(FIND(" – ",$BA15)),LEFT($BA15,FIND(" – ",$BA15)-1),$BA15),ProdTbl,3,0),"کد ناشناخته")) | BG15: =IF($BF15="","",IFERROR(VLOOKUP(IFERROR(VLOOKUP(IF(ISNUMBER(FIND(" – ",$BF15)),LEFT($BF15,FIND(" – ",$BF15)-1),$BF15),ProdTbl,5,0),""),BasketTbl,2,0),"کد ناشناخته")) | BH15: =IF($BF15="","",IFERROR(VLOOKUP(IF(ISNUMBER(FIND(" – ",$BF15)),LEFT($BF15,FIND(" – ",$BF15)-1),$BF15),ProdTbl,3,0),"کد ناشناخته")) | BL15: =IF($BK15="","",IFERROR(VLOOKUP(IFERROR(VLOOKUP(IF(ISNUMBER(FIND(" – ",$BK15)),LEFT($BK15,FIND(" – ",$BK15)-1),$BK15),ProdTbl,5,0),""),BasketTbl,2,0),"کد ناشناخته")) | BM15: =IF($BK15="","",IFERROR(VLOOKUP(IF(ISNUMBER(FIND(" – ",$BK15)),LEFT($BK15,FIND(" – ",$BK15)-1),$BK15),ProdTbl,3,0),"کد ناشناخته")) | BQ15: =IF($BP15="","",IFERROR(VLOOKUP(IFERROR(VLOOKUP(IF(ISNUMBER(FIND(" – ",$BP15)),LEFT($BP15,FIND(" – ",$BP15)-1),$BP15),ProdTbl,5,0),""),BasketTbl,2,0),"کد ناشناخته")) | BR15: =IF($BP15="","",IFERROR(VLOOKUP(IF(ISNUMBER(FIND(" – ",$BP15)),LEFT($BP15,FIND(" – ",$BP15)-1),$BP15),ProdTbl,3,0),"کد ناشناخته")) | BV15: =IF($BU15="","",IFERROR(VLOOKUP(IFERROR(VLOOKUP(IF(ISNUMBER(FIND(" – ",$BU15)),LEFT($BU15,FIND(" – ",$BU15)-1),$BU15),ProdTbl,5,0),""),BasketTbl,2,0),"کد ناشناخته")) | BW15: =IF($BU15="","",IFERROR(VLOOKUP(IF(ISNUMBER(FIND(" – ",$BU15)),LEFT($BU15,FIND(" – ",$BU15)-1),$BU15),ProdTbl,3,0),"کد ناشناخته")) | CA15: =IF($BZ15="","",IFERROR(VLOOKUP(IFERROR(VLOOKUP(IF(ISNUMBER(FIND(" – ",$BZ15)),LEFT($BZ15,FIND(" – ",$BZ15)-1),$BZ15),ProdTbl,5,0),""),BasketTbl,2,0),"کد ناشناخته")) | CB15: =IF($BZ15="","",IFERROR(VLOOKUP(IF(ISNUMBER(FIND(" – ",$BZ15)),LEFT($BZ15,FIND(" – ",$BZ15)-1),$BZ15),ProdTbl,3,0),"کد ناشناخته")) | CF15: =IF($CE15="","",IFERROR(VLOOKUP(IFERROR(VLOOKUP(IF(ISNUMBER(FIND(" – ",$CE15)),LEFT($CE15,FIND(" – ",$CE15)-1),$CE15),ProdTbl,5,0),""),BasketTbl,2,0),"کد ناشناخته")) | CG15: =IF($CE15="","",IFERROR(VLOOKUP(IF(ISNUMBER(FIND(" – ",$CE15)),LEFT($CE15,FIND(" – ",$CE15)-1),$CE15),ProdTbl,3,0),"کد ناشناخته"))
A16: =IF($B16="","",COUNTA($B$10:$B16)) | E16: =IF($D16="","",IFERROR(VLOOKUP(IF(ISNUMBER(FIND(" – ",$D16)),LEFT($D16,FIND(" – ",$D16)-1),$D16),SellerTbl,2,0),"کد ناشناخته")) | I16: =IF(OR($F16="",$G16=""),"",$F16-$G16) | J16: =IF($I16="","",IF(ABS($I16)<=0.01*$F16,"√","×")) | K16: =IF(COUNT($Q16,$V16,$AA16,$AF16,$AK16,$AP16,$AU16,$AZ16,$BE16,$BJ16,$BO16,$BT16,$BY16,$CD16,$CI16)=0,"",SUM($Q16,$V16,$AA16,$AF16,$AK16,$AP16,$AU16,$AZ16,$BE16,$BJ16,$BO16,$BT16,$BY16,$CD16,$CI16)) | L16: =IF(OR($F16="",$K16=""),"",$F16-$K16) | N16: =IF($M16="","",IFERROR(VLOOKUP(IFERROR(VLOOKUP(IF(ISNUMBER(FIND(" – ",$M16)),LEFT($M16,FIND(" – ",$M16)-1),$M16),ProdTbl,5,0),""),BasketTbl,2,0),"کد ناشناخته")) | O16: =IF($M16="","",IFERROR(VLOOKUP(IF(ISNUMBER(FIND(" – ",$M16)),LEFT($M16,FIND(" – ",$M16)-1),$M16),ProdTbl,3,0),"کد ناشناخته")) | S16: =IF($R16="","",IFERROR(VLOOKUP(IFERROR(VLOOKUP(IF(ISNUMBER(FIND(" – ",$R16)),LEFT($R16,FIND(" – ",$R16)-1),$R16),ProdTbl,5,0),""),BasketTbl,2,0),"کد ناشناخته")) | T16: =IF($R16="","",IFERROR(VLOOKUP(IF(ISNUMBER(FIND(" – ",$R16)),LEFT($R16,FIND(" – ",$R16)-1),$R16),ProdTbl,3,0),"کد ناشناخته")) | X16: =IF($W16="","",IFERROR(VLOOKUP(IFERROR(VLOOKUP(IF(ISNUMBER(FIND(" – ",$W16)),LEFT($W16,FIND(" – ",$W16)-1),$W16),ProdTbl,5,0),""),BasketTbl,2,0),"کد ناشناخته")) | Y16: =IF($W16="","",IFERROR(VLOOKUP(IF(ISNUMBER(FIND(" – ",$W16)),LEFT($W16,FIND(" – ",$W16)-1),$W16),ProdTbl,3,0),"کد ناشناخته")) | AC16: =IF($AB16="","",IFERROR(VLOOKUP(IFERROR(VLOOKUP(IF(ISNUMBER(FIND(" – ",$AB16)),LEFT($AB16,FIND(" – ",$AB16)-1),$AB16),ProdTbl,5,0),""),BasketTbl,2,0),"کد ناشناخته")) | AD16: =IF($AB16="","",IFERROR(VLOOKUP(IF(ISNUMBER(FIND(" – ",$AB16)),LEFT($AB16,FIND(" – ",$AB16)-1),$AB16),ProdTbl,3,0),"کد ناشناخته")) | AH16: =IF($AG16="","",IFERROR(VLOOKUP(IFERROR(VLOOKUP(IF(ISNUMBER(FIND(" – ",$AG16)),LEFT($AG16,FIND(" – ",$AG16)-1),$AG16),ProdTbl,5,0),""),BasketTbl,2,0),"کد ناشناخته")) | AI16: =IF($AG16="","",IFERROR(VLOOKUP(IF(ISNUMBER(FIND(" – ",$AG16)),LEFT($AG16,FIND(" – ",$AG16)-1),$AG16),ProdTbl,3,0),"کد ناشناخته")) | AM16: =IF($AL16="","",IFERROR(VLOOKUP(IFERROR(VLOOKUP(IF(ISNUMBER(FIND(" – ",$AL16)),LEFT($AL16,FIND(" – ",$AL16)-1),$AL16),ProdTbl,5,0),""),BasketTbl,2,0),"کد ناشناخته")) | AN16: =IF($AL16="","",IFERROR(VLOOKUP(IF(ISNUMBER(FIND(" – ",$AL16)),LEFT($AL16,FIND(" – ",$AL16)-1),$AL16),ProdTbl,3,0),"کد ناشناخته")) | AR16: =IF($AQ16="","",IFERROR(VLOOKUP(IFERROR(VLOOKUP(IF(ISNUMBER(FIND(" – ",$AQ16)),LEFT($AQ16,FIND(" – ",$AQ16)-1),$AQ16),ProdTbl,5,0),""),BasketTbl,2,0),"کد ناشناخته")) | AS16: =IF($AQ16="","",IFERROR(VLOOKUP(IF(ISNUMBER(FIND(" – ",$AQ16)),LEFT($AQ16,FIND(" – ",$AQ16)-1),$AQ16),ProdTbl,3,0),"کد ناشناخته")) | AW16: =IF($AV16="","",IFERROR(VLOOKUP(IFERROR(VLOOKUP(IF(ISNUMBER(FIND(" – ",$AV16)),LEFT($AV16,FIND(" – ",$AV16)-1),$AV16),ProdTbl,5,0),""),BasketTbl,2,0),"کد ناشناخته")) | AX16: =IF($AV16="","",IFERROR(VLOOKUP(IF(ISNUMBER(FIND(" – ",$AV16)),LEFT($AV16,FIND(" – ",$AV16)-1),$AV16),ProdTbl,3,0),"کد ناشناخته")) | BB16: =IF($BA16="","",IFERROR(VLOOKUP(IFERROR(VLOOKUP(IF(ISNUMBER(FIND(" – ",$BA16)),LEFT($BA16,FIND(" – ",$BA16)-1),$BA16),ProdTbl,5,0),""),BasketTbl,2,0),"کد ناشناخته")) | BC16: =IF($BA16="","",IFERROR(VLOOKUP(IF(ISNUMBER(FIND(" – ",$BA16)),LEFT($BA16,FIND(" – ",$BA16)-1),$BA16),ProdTbl,3,0),"کد ناشناخته")) | BG16: =IF($BF16="","",IFERROR(VLOOKUP(IFERROR(VLOOKUP(IF(ISNUMBER(FIND(" – ",$BF16)),LEFT($BF16,FIND(" – ",$BF16)-1),$BF16),ProdTbl,5,0),""),BasketTbl,2,0),"کد ناشناخته")) | BH16: =IF($BF16="","",IFERROR(VLOOKUP(IF(ISNUMBER(FIND(" – ",$BF16)),LEFT($BF16,FIND(" – ",$BF16)-1),$BF16),ProdTbl,3,0),"کد ناشناخته")) | BL16: =IF($BK16="","",IFERROR(VLOOKUP(IFERROR(VLOOKUP(IF(ISNUMBER(FIND(" – ",$BK16)),LEFT($BK16,FIND(" – ",$BK16)-1),$BK16),ProdTbl,5,0),""),BasketTbl,2,0),"کد ناشناخته")) | BM16: =IF($BK16="","",IFERROR(VLOOKUP(IF(ISNUMBER(FIND(" – ",$BK16)),LEFT($BK16,FIND(" – ",$BK16)-1),$BK16),ProdTbl,3,0),"کد ناشناخته")) | BQ16: =IF($BP16="","",IFERROR(VLOOKUP(IFERROR(VLOOKUP(IF(ISNUMBER(FIND(" – ",$BP16)),LEFT($BP16,FIND(" – ",$BP16)-1),$BP16),ProdTbl,5,0),""),BasketTbl,2,0),"کد ناشناخته")) | BR16: =IF($BP16="","",IFERROR(VLOOKUP(IF(ISNUMBER(FIND(" – ",$BP16)),LEFT($BP16,FIND(" – ",$BP16)-1),$BP16),ProdTbl,3,0),"کد ناشناخته")) | BV16: =IF($BU16="","",IFERROR(VLOOKUP(IFERROR(VLOOKUP(IF(ISNUMBER(FIND(" – ",$BU16)),LEFT($BU16,FIND(" – ",$BU16)-1),$BU16),ProdTbl,5,0),""),BasketTbl,2,0),"کد ناشناخته")) | BW16: =IF($BU16="","",IFERROR(VLOOKUP(IF(ISNUMBER(FIND(" – ",$BU16)),LEFT($BU16,FIND(" – ",$BU16)-1),$BU16),ProdTbl,3,0),"کد ناشناخته")) | CA16: =IF($BZ16="","",IFERROR(VLOOKUP(IFERROR(VLOOKUP(IF(ISNUMBER(FIND(" – ",$BZ16)),LEFT($BZ16,FIND(" – ",$BZ16)-1),$BZ16),ProdTbl,5,0),""),BasketTbl,2,0),"کد ناشناخته")) | CB16: =IF($BZ16="","",IFERROR(VLOOKUP(IF(ISNUMBER(FIND(" – ",$BZ16)),LEFT($BZ16,FIND(" – ",$BZ16)-1),$BZ16),ProdTbl,3,0),"کد ناشناخته")) | CF16: =IF($CE16="","",IFERROR(VLOOKUP(IFERROR(VLOOKUP(IF(ISNUMBER(FIND(" – ",$CE16)),LEFT($CE16,FIND(" – ",$CE16)-1),$CE16),ProdTbl,5,0),""),BasketTbl,2,0),"کد ناشناخته")) | CG16: =IF($CE16="","",IFERROR(VLOOKUP(IF(ISNUMBER(FIND(" – ",$CE16)),LEFT($CE16,FIND(" – ",$CE16)-1),$CE16),ProdTbl,3,0),"کد ناشناخته"))
A17: =IF($B17="","",COUNTA($B$10:$B17)) | E17: =IF($D17="","",IFERROR(VLOOKUP(IF(ISNUMBER(FIND(" – ",$D17)),LEFT($D17,FIND(" – ",$D17)-1),$D17),SellerTbl,2,0),"کد ناشناخته")) | I17: =IF(OR($F17="",$G17=""),"",$F17-$G17) | J17: =IF($I17="","",IF(ABS($I17)<=0.01*$F17,"√","×")) | K17: =IF(COUNT($Q17,$V17,$AA17,$AF17,$AK17,$AP17,$AU17,$AZ17,$BE17,$BJ17,$BO17,$BT17,$BY17,$CD17,$CI17)=0,"",SUM($Q17,$V17,$AA17,$AF17,$AK17,$AP17,$AU17,$AZ17,$BE17,$BJ17,$BO17,$BT17,$BY17,$CD17,$CI17)) | L17: =IF(OR($F17="",$K17=""),"",$F17-$K17) | N17: =IF($M17="","",IFERROR(VLOOKUP(IFERROR(VLOOKUP(IF(ISNUMBER(FIND(" – ",$M17)),LEFT($M17,FIND(" – ",$M17)-1),$M17),ProdTbl,5,0),""),BasketTbl,2,0),"کد ناشناخته")) | O17: =IF($M17="","",IFERROR(VLOOKUP(IF(ISNUMBER(FIND(" – ",$M17)),LEFT($M17,FIND(" – ",$M17)-1),$M17),ProdTbl,3,0),"کد ناشناخته")) | S17: =IF($R17="","",IFERROR(VLOOKUP(IFERROR(VLOOKUP(IF(ISNUMBER(FIND(" – ",$R17)),LEFT($R17,FIND(" – ",$R17)-1),$R17),ProdTbl,5,0),""),BasketTbl,2,0),"کد ناشناخته")) | T17: =IF($R17="","",IFERROR(VLOOKUP(IF(ISNUMBER(FIND(" – ",$R17)),LEFT($R17,FIND(" – ",$R17)-1),$R17),ProdTbl,3,0),"کد ناشناخته")) | X17: =IF($W17="","",IFERROR(VLOOKUP(IFERROR(VLOOKUP(IF(ISNUMBER(FIND(" – ",$W17)),LEFT($W17,FIND(" – ",$W17)-1),$W17),ProdTbl,5,0),""),BasketTbl,2,0),"کد ناشناخته")) | Y17: =IF($W17="","",IFERROR(VLOOKUP(IF(ISNUMBER(FIND(" – ",$W17)),LEFT($W17,FIND(" – ",$W17)-1),$W17),ProdTbl,3,0),"کد ناشناخته")) | AC17: =IF($AB17="","",IFERROR(VLOOKUP(IFERROR(VLOOKUP(IF(ISNUMBER(FIND(" – ",$AB17)),LEFT($AB17,FIND(" – ",$AB17)-1),$AB17),ProdTbl,5,0),""),BasketTbl,2,0),"کد ناشناخته")) | AD17: =IF($AB17="","",IFERROR(VLOOKUP(IF(ISNUMBER(FIND(" – ",$AB17)),LEFT($AB17,FIND(" – ",$AB17)-1),$AB17),ProdTbl,3,0),"کد ناشناخته")) | AH17: =IF($AG17="","",IFERROR(VLOOKUP(IFERROR(VLOOKUP(IF(ISNUMBER(FIND(" – ",$AG17)),LEFT($AG17,FIND(" – ",$AG17)-1),$AG17),ProdTbl,5,0),""),BasketTbl,2,0),"کد ناشناخته")) | AI17: =IF($AG17="","",IFERROR(VLOOKUP(IF(ISNUMBER(FIND(" – ",$AG17)),LEFT($AG17,FIND(" – ",$AG17)-1),$AG17),ProdTbl,3,0),"کد ناشناخته")) | AM17: =IF($AL17="","",IFERROR(VLOOKUP(IFERROR(VLOOKUP(IF(ISNUMBER(FIND(" – ",$AL17)),LEFT($AL17,FIND(" – ",$AL17)-1),$AL17),ProdTbl,5,0),""),BasketTbl,2,0),"کد ناشناخته")) | AN17: =IF($AL17="","",IFERROR(VLOOKUP(IF(ISNUMBER(FIND(" – ",$AL17)),LEFT($AL17,FIND(" – ",$AL17)-1),$AL17),ProdTbl,3,0),"کد ناشناخته")) | AR17: =IF($AQ17="","",IFERROR(VLOOKUP(IFERROR(VLOOKUP(IF(ISNUMBER(FIND(" – ",$AQ17)),LEFT($AQ17,FIND(" – ",$AQ17)-1),$AQ17),ProdTbl,5,0),""),BasketTbl,2,0),"کد ناشناخته")) | AS17: =IF($AQ17="","",IFERROR(VLOOKUP(IF(ISNUMBER(FIND(" – ",$AQ17)),LEFT($AQ17,FIND(" – ",$AQ17)-1),$AQ17),ProdTbl,3,0),"کد ناشناخته")) | AW17: =IF($AV17="","",IFERROR(VLOOKUP(IFERROR(VLOOKUP(IF(ISNUMBER(FIND(" – ",$AV17)),LEFT($AV17,FIND(" – ",$AV17)-1),$AV17),ProdTbl,5,0),""),BasketTbl,2,0),"کد ناشناخته")) | AX17: =IF($AV17="","",IFERROR(VLOOKUP(IF(ISNUMBER(FIND(" – ",$AV17)),LEFT($AV17,FIND(" – ",$AV17)-1),$AV17),ProdTbl,3,0),"کد ناشناخته")) | BB17: =IF($BA17="","",IFERROR(VLOOKUP(IFERROR(VLOOKUP(IF(ISNUMBER(FIND(" – ",$BA17)),LEFT($BA17,FIND(" – ",$BA17)-1),$BA17),ProdTbl,5,0),""),BasketTbl,2,0),"کد ناشناخته")) | BC17: =IF($BA17="","",IFERROR(VLOOKUP(IF(ISNUMBER(FIND(" – ",$BA17)),LEFT($BA17,FIND(" – ",$BA17)-1),$BA17),ProdTbl,3,0),"کد ناشناخته")) | BG17: =IF($BF17="","",IFERROR(VLOOKUP(IFERROR(VLOOKUP(IF(ISNUMBER(FIND(" – ",$BF17)),LEFT($BF17,FIND(" – ",$BF17)-1),$BF17),ProdTbl,5,0),""),BasketTbl,2,0),"کد ناشناخته")) | BH17: =IF($BF17="","",IFERROR(VLOOKUP(IF(ISNUMBER(FIND(" – ",$BF17)),LEFT($BF17,FIND(" – ",$BF17)-1),$BF17),ProdTbl,3,0),"کد ناشناخته")) | BL17: =IF($BK17="","",IFERROR(VLOOKUP(IFERROR(VLOOKUP(IF(ISNUMBER(FIND(" – ",$BK17)),LEFT($BK17,FIND(" – ",$BK17)-1),$BK17),ProdTbl,5,0),""),BasketTbl,2,0),"کد ناشناخته")) | BM17: =IF($BK17="","",IFERROR(VLOOKUP(IF(ISNUMBER(FIND(" – ",$BK17)),LEFT($BK17,FIND(" – ",$BK17)-1),$BK17),ProdTbl,3,0),"کد ناشناخته")) | BQ17: =IF($BP17="","",IFERROR(VLOOKUP(IFERROR(VLOOKUP(IF(ISNUMBER(FIND(" – ",$BP17)),LEFT($BP17,FIND(" – ",$BP17)-1),$BP17),ProdTbl,5,0),""),BasketTbl,2,0),"کد ناشناخته")) | BR17: =IF($BP17="","",IFERROR(VLOOKUP(IF(ISNUMBER(FIND(" – ",$BP17)),LEFT($BP17,FIND(" – ",$BP17)-1),$BP17),ProdTbl,3,0),"کد ناشناخته")) | BV17: =IF($BU17="","",IFERROR(VLOOKUP(IFERROR(VLOOKUP(IF(ISNUMBER(FIND(" – ",$BU17)),LEFT($BU17,FIND(" – ",$BU17)-1),$BU17),ProdTbl,5,0),""),BasketTbl,2,0),"کد ناشناخته")) | BW17: =IF($BU17="","",IFERROR(VLOOKUP(IF(ISNUMBER(FIND(" – ",$BU17)),LEFT($BU17,FIND(" – ",$BU17)-1),$BU17),ProdTbl,3,0),"کد ناشناخته")) | CA17: =IF($BZ17="","",IFERROR(VLOOKUP(IFERROR(VLOOKUP(IF(ISNUMBER(FIND(" – ",$BZ17)),LEFT($BZ17,FIND(" – ",$BZ17)-1),$BZ17),ProdTbl,5,0),""),BasketTbl,2,0),"کد ناشناخته")) | CB17: =IF($BZ17="","",IFERROR(VLOOKUP(IF(ISNUMBER(FIND(" – ",$BZ17)),LEFT($BZ17,FIND(" – ",$BZ17)-1),$BZ17),ProdTbl,3,0),"کد ناشناخته")) | CF17: =IF($CE17="","",IFERROR(VLOOKUP(IFERROR(VLOOKUP(IF(ISNUMBER(FIND(" – ",$CE17)),LEFT($CE17,FIND(" – ",$CE17)-1),$CE17),ProdTbl,5,0),""),BasketTbl,2,0),"کد ناشناخته")) | CG17: =IF($CE17="","",IFERROR(VLOOKUP(IF(ISNUMBER(FIND(" – ",$CE17)),LEFT($CE17,FIND(" – ",$CE17)-1),$CE17),ProdTbl,3,0),"کد ناشناخته"))
A18: =IF($B18="","",COUNTA($B$10:$B18)) | E18: =IF($D18="","",IFERROR(VLOOKUP(IF(ISNUMBER(FIND(" – ",$D18)),LEFT($D18,FIND(" – ",$D18)-1),$D18),SellerTbl,2,0),"کد ناشناخته")) | I18: =IF(OR($F18="",$G18=""),"",$F18-$G18) | J18: =IF($I18="","",IF(ABS($I18)<=0.01*$F18,"√","×")) | K18: =IF(COUNT($Q18,$V18,$AA18,$AF18,$AK18,$AP18,$AU18,$AZ18,$BE18,$BJ18,$BO18,$BT18,$BY18,$CD18,$CI18)=0,"",SUM($Q18,$V18,$AA18,$AF18,$AK18,$AP18,$AU18,$AZ18,$BE18,$BJ18,$BO18,$BT18,$BY18,$CD18,$CI18)) | L18: =IF(OR($F18="",$K18=""),"",$F18-$K18) | N18: =IF($M18="","",IFERROR(VLOOKUP(IFERROR(VLOOKUP(IF(ISNUMBER(FIND(" – ",$M18)),LEFT($M18,FIND(" – ",$M18)-1),$M18),ProdTbl,5,0),""),BasketTbl,2,0),"کد ناشناخته")) | O18: =IF($M18="","",IFERROR(VLOOKUP(IF(ISNUMBER(FIND(" – ",$M18)),LEFT($M18,FIND(" – ",$M18)-1),$M18),ProdTbl,3,0),"کد ناشناخته")) | S18: =IF($R18="","",IFERROR(VLOOKUP(IFERROR(VLOOKUP(IF(ISNUMBER(FIND(" – ",$R18)),LEFT($R18,FIND(" – ",$R18)-1),$R18),ProdTbl,5,0),""),BasketTbl,2,0),"کد ناشناخته")) | T18: =IF($R18="","",IFERROR(VLOOKUP(IF(ISNUMBER(FIND(" – ",$R18)),LEFT($R18,FIND(" – ",$R18)-1),$R18),ProdTbl,3,0),"کد ناشناخته")) | X18: =IF($W18="","",IFERROR(VLOOKUP(IFERROR(VLOOKUP(IF(ISNUMBER(FIND(" – ",$W18)),LEFT($W18,FIND(" – ",$W18)-1),$W18),ProdTbl,5,0),""),BasketTbl,2,0),"کد ناشناخته")) | Y18: =IF($W18="","",IFERROR(VLOOKUP(IF(ISNUMBER(FIND(" – ",$W18)),LEFT($W18,FIND(" – ",$W18)-1),$W18),ProdTbl,3,0),"کد ناشناخته")) | AC18: =IF($AB18="","",IFERROR(VLOOKUP(IFERROR(VLOOKUP(IF(ISNUMBER(FIND(" – ",$AB18)),LEFT($AB18,FIND(" – ",$AB18)-1),$AB18),ProdTbl,5,0),""),BasketTbl,2,0),"کد ناشناخته")) | AD18: =IF($AB18="","",IFERROR(VLOOKUP(IF(ISNUMBER(FIND(" – ",$AB18)),LEFT($AB18,FIND(" – ",$AB18)-1),$AB18),ProdTbl,3,0),"کد ناشناخته")) | AH18: =IF($AG18="","",IFERROR(VLOOKUP(IFERROR(VLOOKUP(IF(ISNUMBER(FIND(" – ",$AG18)),LEFT($AG18,FIND(" – ",$AG18)-1),$AG18),ProdTbl,5,0),""),BasketTbl,2,0),"کد ناشناخته")) | AI18: =IF($AG18="","",IFERROR(VLOOKUP(IF(ISNUMBER(FIND(" – ",$AG18)),LEFT($AG18,FIND(" – ",$AG18)-1),$AG18),ProdTbl,3,0),"کد ناشناخته")) | AM18: =IF($AL18="","",IFERROR(VLOOKUP(IFERROR(VLOOKUP(IF(ISNUMBER(FIND(" – ",$AL18)),LEFT($AL18,FIND(" – ",$AL18)-1),$AL18),ProdTbl,5,0),""),BasketTbl,2,0),"کد ناشناخته")) | AN18: =IF($AL18="","",IFERROR(VLOOKUP(IF(ISNUMBER(FIND(" – ",$AL18)),LEFT($AL18,FIND(" – ",$AL18)-1),$AL18),ProdTbl,3,0),"کد ناشناخته")) | AR18: =IF($AQ18="","",IFERROR(VLOOKUP(IFERROR(VLOOKUP(IF(ISNUMBER(FIND(" – ",$AQ18)),LEFT($AQ18,FIND(" – ",$AQ18)-1),$AQ18),ProdTbl,5,0),""),BasketTbl,2,0),"کد ناشناخته")) | AS18: =IF($AQ18="","",IFERROR(VLOOKUP(IF(ISNUMBER(FIND(" – ",$AQ18)),LEFT($AQ18,FIND(" – ",$AQ18)-1),$AQ18),ProdTbl,3,0),"کد ناشناخته")) | AW18: =IF($AV18="","",IFERROR(VLOOKUP(IFERROR(VLOOKUP(IF(ISNUMBER(FIND(" – ",$AV18)),LEFT($AV18,FIND(" – ",$AV18)-1),$AV18),ProdTbl,5,0),""),BasketTbl,2,0),"کد ناشناخته")) | AX18: =IF($AV18="","",IFERROR(VLOOKUP(IF(ISNUMBER(FIND(" – ",$AV18)),LEFT($AV18,FIND(" – ",$AV18)-1),$AV18),ProdTbl,3,0),"کد ناشناخته")) | BB18: =IF($BA18="","",IFERROR(VLOOKUP(IFERROR(VLOOKUP(IF(ISNUMBER(FIND(" – ",$BA18)),LEFT($BA18,FIND(" – ",$BA18)-1),$BA18),ProdTbl,5,0),""),BasketTbl,2,0),"کد ناشناخته")) | BC18: =IF($BA18="","",IFERROR(VLOOKUP(IF(ISNUMBER(FIND(" – ",$BA18)),LEFT($BA18,FIND(" – ",$BA18)-1),$BA18),ProdTbl,3,0),"کد ناشناخته")) | BG18: =IF($BF18="","",IFERROR(VLOOKUP(IFERROR(VLOOKUP(IF(ISNUMBER(FIND(" – ",$BF18)),LEFT($BF18,FIND(" – ",$BF18)-1),$BF18),ProdTbl,5,0),""),BasketTbl,2,0),"کد ناشناخته")) | BH18: =IF($BF18="","",IFERROR(VLOOKUP(IF(ISNUMBER(FIND(" – ",$BF18)),LEFT($BF18,FIND(" – ",$BF18)-1),$BF18),ProdTbl,3,0),"کد ناشناخته")) | BL18: =IF($BK18="","",IFERROR(VLOOKUP(IFERROR(VLOOKUP(IF(ISNUMBER(FIND(" – ",$BK18)),LEFT($BK18,FIND(" – ",$BK18)-1),$BK18),ProdTbl,5,0),""),BasketTbl,2,0),"کد ناشناخته")) | BM18: =IF($BK18="","",IFERROR(VLOOKUP(IF(ISNUMBER(FIND(" – ",$BK18)),LEFT($BK18,FIND(" – ",$BK18)-1),$BK18),ProdTbl,3,0),"کد ناشناخته")) | BQ18: =IF($BP18="","",IFERROR(VLOOKUP(IFERROR(VLOOKUP(IF(ISNUMBER(FIND(" – ",$BP18)),LEFT($BP18,FIND(" – ",$BP18)-1),$BP18),ProdTbl,5,0),""),BasketTbl,2,0),"کد ناشناخته")) | BR18: =IF($BP18="","",IFERROR(VLOOKUP(IF(ISNUMBER(FIND(" – ",$BP18)),LEFT($BP18,FIND(" – ",$BP18)-1),$BP18),ProdTbl,3,0),"کد ناشناخته")) | BV18: =IF($BU18="","",IFERROR(VLOOKUP(IFERROR(VLOOKUP(IF(ISNUMBER(FIND(" – ",$BU18)),LEFT($BU18,FIND(" – ",$BU18)-1),$BU18),ProdTbl,5,0),""),BasketTbl,2,0),"کد ناشناخته")) | BW18: =IF($BU18="","",IFERROR(VLOOKUP(IF(ISNUMBER(FIND(" – ",$BU18)),LEFT($BU18,FIND(" – ",$BU18)-1),$BU18),ProdTbl,3,0),"کد ناشناخته")) | CA18: =IF($BZ18="","",IFERROR(VLOOKUP(IFERROR(VLOOKUP(IF(ISNUMBER(FIND(" – ",$BZ18)),LEFT($BZ18,FIND(" – ",$BZ18)-1),$BZ18),ProdTbl,5,0),""),BasketTbl,2,0),"کد ناشناخته")) | CB18: =IF($BZ18="","",IFERROR(VLOOKUP(IF(ISNUMBER(FIND(" – ",$BZ18)),LEFT($BZ18,FIND(" – ",$BZ18)-1),$BZ18),ProdTbl,3,0),"کد ناشناخته")) | CF18: =IF($CE18="","",IFERROR(VLOOKUP(IFERROR(VLOOKUP(IF(ISNUMBER(FIND(" – ",$CE18)),LEFT($CE18,FIND(" – ",$CE18)-1),$CE18),ProdTbl,5,0),""),BasketTbl,2,0),"کد ناشناخته")) | CG18: =IF($CE18="","",IFERROR(VLOOKUP(IF(ISNUMBER(FIND(" – ",$CE18)),LEFT($CE18,FIND(" – ",$CE18)-1),$CE18),ProdTbl,3,0),"کد ناشناخته"))
A19: =IF($B19="","",COUNTA($B$10:$B19)) | E19: =IF($D19="","",IFERROR(VLOOKUP(IF(ISNUMBER(FIND(" – ",$D19)),LEFT($D19,FIND(" – ",$D19)-1),$D19),SellerTbl,2,0),"کد ناشناخته")) | I19: =IF(OR($F19="",$G19=""),"",$F19-$G19) | J19: =IF($I19="","",IF(ABS($I19)<=0.01*$F19,"√","×")) | K19: =IF(COUNT($Q19,$V19,$AA19,$AF19,$AK19,$AP19,$AU19,$AZ19,$BE19,$BJ19,$BO19,$BT19,$BY19,$CD19,$CI19)=0,"",SUM($Q19,$V19,$AA19,$AF19,$AK19,$AP19,$AU19,$AZ19,$BE19,$BJ19,$BO19,$BT19,$BY19,$CD19,$CI19)) | L19: =IF(OR($F19="",$K19=""),"",$F19-$K19) | N19: =IF($M19="","",IFERROR(VLOOKUP(IFERROR(VLOOKUP(IF(ISNUMBER(FIND(" – ",$M19)),LEFT($M19,FIND(" – ",$M19)-1),$M19),ProdTbl,5,0),""),BasketTbl,2,0),"کد ناشناخته")) | O19: =IF($M19="","",IFERROR(VLOOKUP(IF(ISNUMBER(FIND(" – ",$M19)),LEFT($M19,FIND(" – ",$M19)-1),$M19),ProdTbl,3,0),"کد ناشناخته")) | S19: =IF($R19="","",IFERROR(VLOOKUP(IFERROR(VLOOKUP(IF(ISNUMBER(FIND(" – ",$R19)),LEFT($R19,FIND(" – ",$R19)-1),$R19),ProdTbl,5,0),""),BasketTbl,2,0),"کد ناشناخته")) | T19: =IF($R19="","",IFERROR(VLOOKUP(IF(ISNUMBER(FIND(" – ",$R19)),LEFT($R19,FIND(" – ",$R19)-1),$R19),ProdTbl,3,0),"کد ناشناخته")) | X19: =IF($W19="","",IFERROR(VLOOKUP(IFERROR(VLOOKUP(IF(ISNUMBER(FIND(" – ",$W19)),LEFT($W19,FIND(" – ",$W19)-1),$W19),ProdTbl,5,0),""),BasketTbl,2,0),"کد ناشناخته")) | Y19: =IF($W19="","",IFERROR(VLOOKUP(IF(ISNUMBER(FIND(" – ",$W19)),LEFT($W19,FIND(" – ",$W19)-1),$W19),ProdTbl,3,0),"کد ناشناخته")) | AC19: =IF($AB19="","",IFERROR(VLOOKUP(IFERROR(VLOOKUP(IF(ISNUMBER(FIND(" – ",$AB19)),LEFT($AB19,FIND(" – ",$AB19)-1),$AB19),ProdTbl,5,0),""),BasketTbl,2,0),"کد ناشناخته")) | AD19: =IF($AB19="","",IFERROR(VLOOKUP(IF(ISNUMBER(FIND(" – ",$AB19)),LEFT($AB19,FIND(" – ",$AB19)-1),$AB19),ProdTbl,3,0),"کد ناشناخته")) | AH19: =IF($AG19="","",IFERROR(VLOOKUP(IFERROR(VLOOKUP(IF(ISNUMBER(FIND(" – ",$AG19)),LEFT($AG19,FIND(" – ",$AG19)-1),$AG19),ProdTbl,5,0),""),BasketTbl,2,0),"کد ناشناخته")) | AI19: =IF($AG19="","",IFERROR(VLOOKUP(IF(ISNUMBER(FIND(" – ",$AG19)),LEFT($AG19,FIND(" – ",$AG19)-1),$AG19),ProdTbl,3,0),"کد ناشناخته")) | AM19: =IF($AL19="","",IFERROR(VLOOKUP(IFERROR(VLOOKUP(IF(ISNUMBER(FIND(" – ",$AL19)),LEFT($AL19,FIND(" – ",$AL19)-1),$AL19),ProdTbl,5,0),""),BasketTbl,2,0),"کد ناشناخته")) | AN19: =IF($AL19="","",IFERROR(VLOOKUP(IF(ISNUMBER(FIND(" – ",$AL19)),LEFT($AL19,FIND(" – ",$AL19)-1),$AL19),ProdTbl,3,0),"کد ناشناخته")) | AR19: =IF($AQ19="","",IFERROR(VLOOKUP(IFERROR(VLOOKUP(IF(ISNUMBER(FIND(" – ",$AQ19)),LEFT($AQ19,FIND(" – ",$AQ19)-1),$AQ19),ProdTbl,5,0),""),BasketTbl,2,0),"کد ناشناخته")) | AS19: =IF($AQ19="","",IFERROR(VLOOKUP(IF(ISNUMBER(FIND(" – ",$AQ19)),LEFT($AQ19,FIND(" – ",$AQ19)-1),$AQ19),ProdTbl,3,0),"کد ناشناخته")) | AW19: =IF($AV19="","",IFERROR(VLOOKUP(IFERROR(VLOOKUP(IF(ISNUMBER(FIND(" – ",$AV19)),LEFT($AV19,FIND(" – ",$AV19)-1),$AV19),ProdTbl,5,0),""),BasketTbl,2,0),"کد ناشناخته")) | AX19: =IF($AV19="","",IFERROR(VLOOKUP(IF(ISNUMBER(FIND(" – ",$AV19)),LEFT($AV19,FIND(" – ",$AV19)-1),$AV19),ProdTbl,3,0),"کد ناشناخته")) | BB19: =IF($BA19="","",IFERROR(VLOOKUP(IFERROR(VLOOKUP(IF(ISNUMBER(FIND(" – ",$BA19)),LEFT($BA19,FIND(" – ",$BA19)-1),$BA19),ProdTbl,5,0),""),BasketTbl,2,0),"کد ناشناخته")) | BC19: =IF($BA19="","",IFERROR(VLOOKUP(IF(ISNUMBER(FIND(" – ",$BA19)),LEFT($BA19,FIND(" – ",$BA19)-1),$BA19),ProdTbl,3,0),"کد ناشناخته")) | BG19: =IF($BF19="","",IFERROR(VLOOKUP(IFERROR(VLOOKUP(IF(ISNUMBER(FIND(" – ",$BF19)),LEFT($BF19,FIND(" – ",$BF19)-1),$BF19),ProdTbl,5,0),""),BasketTbl,2,0),"کد ناشناخته")) | BH19: =IF($BF19="","",IFERROR(VLOOKUP(IF(ISNUMBER(FIND(" – ",$BF19)),LEFT($BF19,FIND(" – ",$BF19)-1),$BF19),ProdTbl,3,0),"کد ناشناخته")) | BL19: =IF($BK19="","",IFERROR(VLOOKUP(IFERROR(VLOOKUP(IF(ISNUMBER(FIND(" – ",$BK19)),LEFT($BK19,FIND(" – ",$BK19)-1),$BK19),ProdTbl,5,0),""),BasketTbl,2,0),"کد ناشناخته")) | BM19: =IF($BK19="","",IFERROR(VLOOKUP(IF(ISNUMBER(FIND(" – ",$BK19)),LEFT($BK19,FIND(" – ",$BK19)-1),$BK19),ProdTbl,3,0),"کد ناشناخته")) | BQ19: =IF($BP19="","",IFERROR(VLOOKUP(IFERROR(VLOOKUP(IF(ISNUMBER(FIND(" – ",$BP19)),LEFT($BP19,FIND(" – ",$BP19)-1),$BP19),ProdTbl,5,0),""),BasketTbl,2,0),"کد ناشناخته")) | BR19: =IF($BP19="","",IFERROR(VLOOKUP(IF(ISNUMBER(FIND(" – ",$BP19)),LEFT($BP19,FIND(" – ",$BP19)-1),$BP19),ProdTbl,3,0),"کد ناشناخته")) | BV19: =IF($BU19="","",IFERROR(VLOOKUP(IFERROR(VLOOKUP(IF(ISNUMBER(FIND(" – ",$BU19)),LEFT($BU19,FIND(" – ",$BU19)-1),$BU19),ProdTbl,5,0),""),BasketTbl,2,0),"کد ناشناخته")) | BW19: =IF($BU19="","",IFERROR(VLOOKUP(IF(ISNUMBER(FIND(" – ",$BU19)),LEFT($BU19,FIND(" – ",$BU19)-1),$BU19),ProdTbl,3,0),"کد ناشناخته")) | CA19: =IF($BZ19="","",IFERROR(VLOOKUP(IFERROR(VLOOKUP(IF(ISNUMBER(FIND(" – ",$BZ19)),LEFT($BZ19,FIND(" – ",$BZ19)-1),$BZ19),ProdTbl,5,0),""),BasketTbl,2,0),"کد ناشناخته")) | CB19: =IF($BZ19="","",IFERROR(VLOOKUP(IF(ISNUMBER(FIND(" – ",$BZ19)),LEFT($BZ19,FIND(" – ",$BZ19)-1),$BZ19),ProdTbl,3,0),"کد ناشناخته")) | CF19: =IF($CE19="","",IFERROR(VLOOKUP(IFERROR(VLOOKUP(IF(ISNUMBER(FIND(" – ",$CE19)),LEFT($CE19,FIND(" – ",$CE19)-1),$CE19),ProdTbl,5,0),""),BasketTbl,2,0),"کد ناشناخته")) | CG19: =IF($CE19="","",IFERROR(VLOOKUP(IF(ISNUMBER(FIND(" – ",$CE19)),LEFT($CE19,FIND(" – ",$CE19)-1),$CE19),ProdTbl,3,0),"کد ناشناخته"))
A20: =IF($B20="","",COUNTA($B$10:$B20)) | E20: =IF($D20="","",IFERROR(VLOOKUP(IF(ISNUMBER(FIND(" – ",$D20)),LEFT($D20,FIND(" – ",$D20)-1),$D20),SellerTbl,2,0),"کد ناشناخته")) | I20: =IF(OR($F20="",$G20=""),"",$F20-$G20) | J20: =IF($I20="","",IF(ABS($I20)<=0.01*$F20,"√","×")) | K20: =IF(COUNT($Q20,$V20,$AA20,$AF20,$AK20,$AP20,$AU20,$AZ20,$BE20,$BJ20,$BO20,$BT20,$BY20,$CD20,$CI20)=0,"",SUM($Q20,$V20,$AA20,$AF20,$AK20,$AP20,$AU20,$AZ20,$BE20,$BJ20,$BO20,$BT20,$BY20,$CD20,$CI20)) | L20: =IF(OR($F20="",$K20=""),"",$F20-$K20) | N20: =IF($M20="","",IFERROR(VLOOKUP(IFERROR(VLOOKUP(IF(ISNUMBER(FIND(" – ",$M20)),LEFT($M20,FIND(" – ",$M20)-1),$M20),ProdTbl,5,0),""),BasketTbl,2,0),"کد ناشناخته")) | O20: =IF($M20="","",IFERROR(VLOOKUP(IF(ISNUMBER(FIND(" – ",$M20)),LEFT($M20,FIND(" – ",$M20)-1),$M20),ProdTbl,3,0),"کد ناشناخته")) | S20: =IF($R20="","",IFERROR(VLOOKUP(IFERROR(VLOOKUP(IF(ISNUMBER(FIND(" – ",$R20)),LEFT($R20,FIND(" – ",$R20)-1),$R20),ProdTbl,5,0),""),BasketTbl,2,0),"کد ناشناخته")) | T20: =IF($R20="","",IFERROR(VLOOKUP(IF(ISNUMBER(FIND(" – ",$R20)),LEFT($R20,FIND(" – ",$R20)-1),$R20),ProdTbl,3,0),"کد ناشناخته")) | X20: =IF($W20="","",IFERROR(VLOOKUP(IFERROR(VLOOKUP(IF(ISNUMBER(FIND(" – ",$W20)),LEFT($W20,FIND(" – ",$W20)-1),$W20),ProdTbl,5,0),""),BasketTbl,2,0),"کد ناشناخته")) | Y20: =IF($W20="","",IFERROR(VLOOKUP(IF(ISNUMBER(FIND(" – ",$W20)),LEFT($W20,FIND(" – ",$W20)-1),$W20),ProdTbl,3,0),"کد ناشناخته")) | AC20: =IF($AB20="","",IFERROR(VLOOKUP(IFERROR(VLOOKUP(IF(ISNUMBER(FIND(" – ",$AB20)),LEFT($AB20,FIND(" – ",$AB20)-1),$AB20),ProdTbl,5,0),""),BasketTbl,2,0),"کد ناشناخته")) | AD20: =IF($AB20="","",IFERROR(VLOOKUP(IF(ISNUMBER(FIND(" – ",$AB20)),LEFT($AB20,FIND(" – ",$AB20)-1),$AB20),ProdTbl,3,0),"کد ناشناخته")) | AH20: =IF($AG20="","",IFERROR(VLOOKUP(IFERROR(VLOOKUP(IF(ISNUMBER(FIND(" – ",$AG20)),LEFT($AG20,FIND(" – ",$AG20)-1),$AG20),ProdTbl,5,0),""),BasketTbl,2,0),"کد ناشناخته")) | AI20: =IF($AG20="","",IFERROR(VLOOKUP(IF(ISNUMBER(FIND(" – ",$AG20)),LEFT($AG20,FIND(" – ",$AG20)-1),$AG20),ProdTbl,3,0),"کد ناشناخته")) | AM20: =IF($AL20="","",IFERROR(VLOOKUP(IFERROR(VLOOKUP(IF(ISNUMBER(FIND(" – ",$AL20)),LEFT($AL20,FIND(" – ",$AL20)-1),$AL20),ProdTbl,5,0),""),BasketTbl,2,0),"کد ناشناخته")) | AN20: =IF($AL20="","",IFERROR(VLOOKUP(IF(ISNUMBER(FIND(" – ",$AL20)),LEFT($AL20,FIND(" – ",$AL20)-1),$AL20),ProdTbl,3,0),"کد ناشناخته")) | AR20: =IF($AQ20="","",IFERROR(VLOOKUP(IFERROR(VLOOKUP(IF(ISNUMBER(FIND(" – ",$AQ20)),LEFT($AQ20,FIND(" – ",$AQ20)-1),$AQ20),ProdTbl,5,0),""),BasketTbl,2,0),"کد ناشناخته")) | AS20: =IF($AQ20="","",IFERROR(VLOOKUP(IF(ISNUMBER(FIND(" – ",$AQ20)),LEFT($AQ20,FIND(" – ",$AQ20)-1),$AQ20),ProdTbl,3,0),"کد ناشناخته")) | AW20: =IF($AV20="","",IFERROR(VLOOKUP(IFERROR(VLOOKUP(IF(ISNUMBER(FIND(" – ",$AV20)),LEFT($AV20,FIND(" – ",$AV20)-1),$AV20),ProdTbl,5,0),""),BasketTbl,2,0),"کد ناشناخته")) | AX20: =IF($AV20="","",IFERROR(VLOOKUP(IF(ISNUMBER(FIND(" – ",$AV20)),LEFT($AV20,FIND(" – ",$AV20)-1),$AV20),ProdTbl,3,0),"کد ناشناخته")) | BB20: =IF($BA20="","",IFERROR(VLOOKUP(IFERROR(VLOOKUP(IF(ISNUMBER(FIND(" – ",$BA20)),LEFT($BA20,FIND(" – ",$BA20)-1),$BA20),ProdTbl,5,0),""),BasketTbl,2,0),"کد ناشناخته")) | BC20: =IF($BA20="","",IFERROR(VLOOKUP(IF(ISNUMBER(FIND(" – ",$BA20)),LEFT($BA20,FIND(" – ",$BA20)-1),$BA20),ProdTbl,3,0),"کد ناشناخته")) | BG20: =IF($BF20="","",IFERROR(VLOOKUP(IFERROR(VLOOKUP(IF(ISNUMBER(FIND(" – ",$BF20)),LEFT($BF20,FIND(" – ",$BF20)-1),$BF20),ProdTbl,5,0),""),BasketTbl,2,0),"کد ناشناخته")) | BH20: =IF($BF20="","",IFERROR(VLOOKUP(IF(ISNUMBER(FIND(" – ",$BF20)),LEFT($BF20,FIND(" – ",$BF20)-1),$BF20),ProdTbl,3,0),"کد ناشناخته")) | BL20: =IF($BK20="","",IFERROR(VLOOKUP(IFERROR(VLOOKUP(IF(ISNUMBER(FIND(" – ",$BK20)),LEFT($BK20,FIND(" – ",$BK20)-1),$BK20),ProdTbl,5,0),""),BasketTbl,2,0),"کد ناشناخته")) | BM20: =IF($BK20="","",IFERROR(VLOOKUP(IF(ISNUMBER(FIND(" – ",$BK20)),LEFT($BK20,FIND(" – ",$BK20)-1),$BK20),ProdTbl,3,0),"کد ناشناخته")) | BQ20: =IF($BP20="","",IFERROR(VLOOKUP(IFERROR(VLOOKUP(IF(ISNUMBER(FIND(" – ",$BP20)),LEFT($BP20,FIND(" – ",$BP20)-1),$BP20),ProdTbl,5,0),""),BasketTbl,2,0),"کد ناشناخته")) | BR20: =IF($BP20="","",IFERROR(VLOOKUP(IF(ISNUMBER(FIND(" – ",$BP20)),LEFT($BP20,FIND(" – ",$BP20)-1),$BP20),ProdTbl,3,0),"کد ناشناخته")) | BV20: =IF($BU20="","",IFERROR(VLOOKUP(IFERROR(VLOOKUP(IF(ISNUMBER(FIND(" – ",$BU20)),LEFT($BU20,FIND(" – ",$BU20)-1),$BU20),ProdTbl,5,0),""),BasketTbl,2,0),"کد ناشناخته")) | BW20: =IF($BU20="","",IFERROR(VLOOKUP(IF(ISNUMBER(FIND(" – ",$BU20)),LEFT($BU20,FIND(" – ",$BU20)-1),$BU20),ProdTbl,3,0),"کد ناشناخته")) | CA20: =IF($BZ20="","",IFERROR(VLOOKUP(IFERROR(VLOOKUP(IF(ISNUMBER(FIND(" – ",$BZ20)),LEFT($BZ20,FIND(" – ",$BZ20)-1),$BZ20),ProdTbl,5,0),""),BasketTbl,2,0),"کد ناشناخته")) | CB20: =IF($BZ20="","",IFERROR(VLOOKUP(IF(ISNUMBER(FIND(" – ",$BZ20)),LEFT($BZ20,FIND(" – ",$BZ20)-1),$BZ20),ProdTbl,3,0),"کد ناشناخته")) | CF20: =IF($CE20="","",IFERROR(VLOOKUP(IFERROR(VLOOKUP(IF(ISNUMBER(FIND(" – ",$CE20)),LEFT($CE20,FIND(" – ",$CE20)-1),$CE20),ProdTbl,5,0),""),BasketTbl,2,0),"کد ناشناخته")) | CG20: =IF($CE20="","",IFERROR(VLOOKUP(IF(ISNUMBER(FIND(" – ",$CE20)),LEFT($CE20,FIND(" – ",$CE20)-1),$CE20),ProdTbl,3,0),"کد ناشناخته"))
A21: =IF($B21="","",COUNTA($B$10:$B21)) | E21: =IF($D21="","",IFERROR(VLOOKUP(IF(ISNUMBER(FIND(" – ",$D21)),LEFT($D21,FIND(" – ",$D21)-1),$D21),SellerTbl,2,0),"کد ناشناخته")) | I21: =IF(OR($F21="",$G21=""),"",$F21-$G21) | J21: =IF($I21="","",IF(ABS($I21)<=0.01*$F21,"√","×")) | K21: =IF(COUNT($Q21,$V21,$AA21,$AF21,$AK21,$AP21,$AU21,$AZ21,$BE21,$BJ21,$BO21,$BT21,$BY21,$CD21,$CI21)=0,"",SUM($Q21,$V21,$AA21,$AF21,$AK21,$AP21,$AU21,$AZ21,$BE21,$BJ21,$BO21,$BT21,$BY21,$CD21,$CI21)) | L21: =IF(OR($F21="",$K21=""),"",$F21-$K21) | N21: =IF($M21="","",IFERROR(VLOOKUP(IFERROR(VLOOKUP(IF(ISNUMBER(FIND(" – ",$M21)),LEFT($M21,FIND(" – ",$M21)-1),$M21),ProdTbl,5,0),""),BasketTbl,2,0),"کد ناشناخته")) | O21: =IF($M21="","",IFERROR(VLOOKUP(IF(ISNUMBER(FIND(" – ",$M21)),LEFT($M21,FIND(" – ",$M21)-1),$M21),ProdTbl,3,0),"کد ناشناخته")) | S21: =IF($R21="","",IFERROR(VLOOKUP(IFERROR(VLOOKUP(IF(ISNUMBER(FIND(" – ",$R21)),LEFT($R21,FIND(" – ",$R21)-1),$R21),ProdTbl,5,0),""),BasketTbl,2,0),"کد ناشناخته")) | T21: =IF($R21="","",IFERROR(VLOOKUP(IF(ISNUMBER(FIND(" – ",$R21)),LEFT($R21,FIND(" – ",$R21)-1),$R21),ProdTbl,3,0),"کد ناشناخته")) | X21: =IF($W21="","",IFERROR(VLOOKUP(IFERROR(VLOOKUP(IF(ISNUMBER(FIND(" – ",$W21)),LEFT($W21,FIND(" – ",$W21)-1),$W21),ProdTbl,5,0),""),BasketTbl,2,0),"کد ناشناخته")) | Y21: =IF($W21="","",IFERROR(VLOOKUP(IF(ISNUMBER(FIND(" – ",$W21)),LEFT($W21,FIND(" – ",$W21)-1),$W21),ProdTbl,3,0),"کد ناشناخته")) | AC21: =IF($AB21="","",IFERROR(VLOOKUP(IFERROR(VLOOKUP(IF(ISNUMBER(FIND(" – ",$AB21)),LEFT($AB21,FIND(" – ",$AB21)-1),$AB21),ProdTbl,5,0),""),BasketTbl,2,0),"کد ناشناخته")) | AD21: =IF($AB21="","",IFERROR(VLOOKUP(IF(ISNUMBER(FIND(" – ",$AB21)),LEFT($AB21,FIND(" – ",$AB21)-1),$AB21),ProdTbl,3,0),"کد ناشناخته")) | AH21: =IF($AG21="","",IFERROR(VLOOKUP(IFERROR(VLOOKUP(IF(ISNUMBER(FIND(" – ",$AG21)),LEFT($AG21,FIND(" – ",$AG21)-1),$AG21),ProdTbl,5,0),""),BasketTbl,2,0),"کد ناشناخته")) | AI21: =IF($AG21="","",IFERROR(VLOOKUP(IF(ISNUMBER(FIND(" – ",$AG21)),LEFT($AG21,FIND(" – ",$AG21)-1),$AG21),ProdTbl,3,0),"کد ناشناخته")) | AM21: =IF($AL21="","",IFERROR(VLOOKUP(IFERROR(VLOOKUP(IF(ISNUMBER(FIND(" – ",$AL21)),LEFT($AL21,FIND(" – ",$AL21)-1),$AL21),ProdTbl,5,0),""),BasketTbl,2,0),"کد ناشناخته")) | AN21: =IF($AL21="","",IFERROR(VLOOKUP(IF(ISNUMBER(FIND(" – ",$AL21)),LEFT($AL21,FIND(" – ",$AL21)-1),$AL21),ProdTbl,3,0),"کد ناشناخته")) | AR21: =IF($AQ21="","",IFERROR(VLOOKUP(IFERROR(VLOOKUP(IF(ISNUMBER(FIND(" – ",$AQ21)),LEFT($AQ21,FIND(" – ",$AQ21)-1),$AQ21),ProdTbl,5,0),""),BasketTbl,2,0),"کد ناشناخته")) | AS21: =IF($AQ21="","",IFERROR(VLOOKUP(IF(ISNUMBER(FIND(" – ",$AQ21)),LEFT($AQ21,FIND(" – ",$AQ21)-1),$AQ21),ProdTbl,3,0),"کد ناشناخته")) | AW21: =IF($AV21="","",IFERROR(VLOOKUP(IFERROR(VLOOKUP(IF(ISNUMBER(FIND(" – ",$AV21)),LEFT($AV21,FIND(" – ",$AV21)-1),$AV21),ProdTbl,5,0),""),BasketTbl,2,0),"کد ناشناخته")) | AX21: =IF($AV21="","",IFERROR(VLOOKUP(IF(ISNUMBER(FIND(" – ",$AV21)),LEFT($AV21,FIND(" – ",$AV21)-1),$AV21),ProdTbl,3,0),"کد ناشناخته")) | BB21: =IF($BA21="","",IFERROR(VLOOKUP(IFERROR(VLOOKUP(IF(ISNUMBER(FIND(" – ",$BA21)),LEFT($BA21,FIND(" – ",$BA21)-1),$BA21),ProdTbl,5,0),""),BasketTbl,2,0),"کد ناشناخته")) | BC21: =IF($BA21="","",IFERROR(VLOOKUP(IF(ISNUMBER(FIND(" – ",$BA21)),LEFT($BA21,FIND(" – ",$BA21)-1),$BA21),ProdTbl,3,0),"کد ناشناخته")) | BG21: =IF($BF21="","",IFERROR(VLOOKUP(IFERROR(VLOOKUP(IF(ISNUMBER(FIND(" – ",$BF21)),LEFT($BF21,FIND(" – ",$BF21)-1),$BF21),ProdTbl,5,0),""),BasketTbl,2,0),"کد ناشناخته")) | BH21: =IF($BF21="","",IFERROR(VLOOKUP(IF(ISNUMBER(FIND(" – ",$BF21)),LEFT($BF21,FIND(" – ",$BF21)-1),$BF21),ProdTbl,3,0),"کد ناشناخته")) | BL21: =IF($BK21="","",IFERROR(VLOOKUP(IFERROR(VLOOKUP(IF(ISNUMBER(FIND(" – ",$BK21)),LEFT($BK21,FIND(" – ",$BK21)-1),$BK21),ProdTbl,5,0),""),BasketTbl,2,0),"کد ناشناخته")) | BM21: =IF($BK21="","",IFERROR(VLOOKUP(IF(ISNUMBER(FIND(" – ",$BK21)),LEFT($BK21,FIND(" – ",$BK21)-1),$BK21),ProdTbl,3,0),"کد ناشناخته")) | BQ21: =IF($BP21="","",IFERROR(VLOOKUP(IFERROR(VLOOKUP(IF(ISNUMBER(FIND(" – ",$BP21)),LEFT($BP21,FIND(" – ",$BP21)-1),$BP21),ProdTbl,5,0),""),BasketTbl,2,0),"کد ناشناخته")) | BR21: =IF($BP21="","",IFERROR(VLOOKUP(IF(ISNUMBER(FIND(" – ",$BP21)),LEFT($BP21,FIND(" – ",$BP21)-1),$BP21),ProdTbl,3,0),"کد ناشناخته")) | BV21: =IF($BU21="","",IFERROR(VLOOKUP(IFERROR(VLOOKUP(IF(ISNUMBER(FIND(" – ",$BU21)),LEFT($BU21,FIND(" – ",$BU21)-1),$BU21),ProdTbl,5,0),""),BasketTbl,2,0),"کد ناشناخته")) | BW21: =IF($BU21="","",IFERROR(VLOOKUP(IF(ISNUMBER(FIND(" – ",$BU21)),LEFT($BU21,FIND(" – ",$BU21)-1),$BU21),ProdTbl,3,0),"کد ناشناخته")) | CA21: =IF($BZ21="","",IFERROR(VLOOKUP(IFERROR(VLOOKUP(IF(ISNUMBER(FIND(" – ",$BZ21)),LEFT($BZ21,FIND(" – ",$BZ21)-1),$BZ21),ProdTbl,5,0),""),BasketTbl,2,0),"کد ناشناخته")) | CB21: =IF($BZ21="","",IFERROR(VLOOKUP(IF(ISNUMBER(FIND(" – ",$BZ21)),LEFT($BZ21,FIND(" – ",$BZ21)-1),$BZ21),ProdTbl,3,0),"کد ناشناخته")) | CF21: =IF($CE21="","",IFERROR(VLOOKUP(IFERROR(VLOOKUP(IF(ISNUMBER(FIND(" – ",$CE21)),LEFT($CE21,FIND(" – ",$CE21)-1),$CE21),ProdTbl,5,0),""),BasketTbl,2,0),"کد ناشناخته")) | CG21: =IF($CE21="","",IFERROR(VLOOKUP(IF(ISNUMBER(FIND(" – ",$CE21)),LEFT($CE21,FIND(" – ",$CE21)-1),$CE21),ProdTbl,3,0),"کد ناشناخته"))
A22: =IF($B22="","",COUNTA($B$10:$B22)) | E22: =IF($D22="","",IFERROR(VLOOKUP(IF(ISNUMBER(FIND(" – ",$D22)),LEFT($D22,FIND(" – ",$D22)-1),$D22),SellerTbl,2,0),"کد ناشناخته")) | I22: =IF(OR($F22="",$G22=""),"",$F22-$G22) | J22: =IF($I22="","",IF(ABS($I22)<=0.01*$F22,"√","×")) | K22: =IF(COUNT($Q22,$V22,$AA22,$AF22,$AK22,$AP22,$AU22,$AZ22,$BE22,$BJ22,$BO22,$BT22,$BY22,$CD22,$CI22)=0,"",SUM($Q22,$V22,$AA22,$AF22,$AK22,$AP22,$AU22,$AZ22,$BE22,$BJ22,$BO22,$BT22,$BY22,$CD22,$CI22)) | L22: =IF(OR($F22="",$K22=""),"",$F22-$K22) | N22: =IF($M22="","",IFERROR(VLOOKUP(IFERROR(VLOOKUP(IF(ISNUMBER(FIND(" – ",$M22)),LEFT($M22,FIND(" – ",$M22)-1),$M22),ProdTbl,5,0),""),BasketTbl,2,0),"کد ناشناخته")) | O22: =IF($M22="","",IFERROR(VLOOKUP(IF(ISNUMBER(FIND(" – ",$M22)),LEFT($M22,FIND(" – ",$M22)-1),$M22),ProdTbl,3,0),"کد ناشناخته")) | S22: =IF($R22="","",IFERROR(VLOOKUP(IFERROR(VLOOKUP(IF(ISNUMBER(FIND(" – ",$R22)),LEFT($R22,FIND(" – ",$R22)-1),$R22),ProdTbl,5,0),""),BasketTbl,2,0),"کد ناشناخته")) | T22: =IF($R22="","",IFERROR(VLOOKUP(IF(ISNUMBER(FIND(" – ",$R22)),LEFT($R22,FIND(" – ",$R22)-1),$R22),ProdTbl,3,0),"کد ناشناخته")) | X22: =IF($W22="","",IFERROR(VLOOKUP(IFERROR(VLOOKUP(IF(ISNUMBER(FIND(" – ",$W22)),LEFT($W22,FIND(" – ",$W22)-1),$W22),ProdTbl,5,0),""),BasketTbl,2,0),"کد ناشناخته")) | Y22: =IF($W22="","",IFERROR(VLOOKUP(IF(ISNUMBER(FIND(" – ",$W22)),LEFT($W22,FIND(" – ",$W22)-1),$W22),ProdTbl,3,0),"کد ناشناخته")) | AC22: =IF($AB22="","",IFERROR(VLOOKUP(IFERROR(VLOOKUP(IF(ISNUMBER(FIND(" – ",$AB22)),LEFT($AB22,FIND(" – ",$AB22)-1),$AB22),ProdTbl,5,0),""),BasketTbl,2,0),"کد ناشناخته")) | AD22: =IF($AB22="","",IFERROR(VLOOKUP(IF(ISNUMBER(FIND(" – ",$AB22)),LEFT($AB22,FIND(" – ",$AB22)-1),$AB22),ProdTbl,3,0),"کد ناشناخته")) | AH22: =IF($AG22="","",IFERROR(VLOOKUP(IFERROR(VLOOKUP(IF(ISNUMBER(FIND(" – ",$AG22)),LEFT($AG22,FIND(" – ",$AG22)-1),$AG22),ProdTbl,5,0),""),BasketTbl,2,0),"کد ناشناخته")) | AI22: =IF($AG22="","",IFERROR(VLOOKUP(IF(ISNUMBER(FIND(" – ",$AG22)),LEFT($AG22,FIND(" – ",$AG22)-1),$AG22),ProdTbl,3,0),"کد ناشناخته")) | AM22: =IF($AL22="","",IFERROR(VLOOKUP(IFERROR(VLOOKUP(IF(ISNUMBER(FIND(" – ",$AL22)),LEFT($AL22,FIND(" – ",$AL22)-1),$AL22),ProdTbl,5,0),""),BasketTbl,2,0),"کد ناشناخته")) | AN22: =IF($AL22="","",IFERROR(VLOOKUP(IF(ISNUMBER(FIND(" – ",$AL22)),LEFT($AL22,FIND(" – ",$AL22)-1),$AL22),ProdTbl,3,0),"کد ناشناخته")) | AR22: =IF($AQ22="","",IFERROR(VLOOKUP(IFERROR(VLOOKUP(IF(ISNUMBER(FIND(" – ",$AQ22)),LEFT($AQ22,FIND(" – ",$AQ22)-1),$AQ22),ProdTbl,5,0),""),BasketTbl,2,0),"کد ناشناخته")) | AS22: =IF($AQ22="","",IFERROR(VLOOKUP(IF(ISNUMBER(FIND(" – ",$AQ22)),LEFT($AQ22,FIND(" – ",$AQ22)-1),$AQ22),ProdTbl,3,0),"کد ناشناخته")) | AW22: =IF($AV22="","",IFERROR(VLOOKUP(IFERROR(VLOOKUP(IF(ISNUMBER(FIND(" – ",$AV22)),LEFT($AV22,FIND(" – ",$AV22)-1),$AV22),ProdTbl,5,0),""),BasketTbl,2,0),"کد ناشناخته")) | AX22: =IF($AV22="","",IFERROR(VLOOKUP(IF(ISNUMBER(FIND(" – ",$AV22)),LEFT($AV22,FIND(" – ",$AV22)-1),$AV22),ProdTbl,3,0),"کد ناشناخته")) | BB22: =IF($BA22="","",IFERROR(VLOOKUP(IFERROR(VLOOKUP(IF(ISNUMBER(FIND(" – ",$BA22)),LEFT($BA22,FIND(" – ",$BA22)-1),$BA22),ProdTbl,5,0),""),BasketTbl,2,0),"کد ناشناخته")) | BC22: =IF($BA22="","",IFERROR(VLOOKUP(IF(ISNUMBER(FIND(" – ",$BA22)),LEFT($BA22,FIND(" – ",$BA22)-1),$BA22),ProdTbl,3,0),"کد ناشناخته")) | BG22: =IF($BF22="","",IFERROR(VLOOKUP(IFERROR(VLOOKUP(IF(ISNUMBER(FIND(" – ",$BF22)),LEFT($BF22,FIND(" – ",$BF22)-1),$BF22),ProdTbl,5,0),""),BasketTbl,2,0),"کد ناشناخته")) | BH22: =IF($BF22="","",IFERROR(VLOOKUP(IF(ISNUMBER(FIND(" – ",$BF22)),LEFT($BF22,FIND(" – ",$BF22)-1),$BF22),ProdTbl,3,0),"کد ناشناخته")) | BL22: =IF($BK22="","",IFERROR(VLOOKUP(IFERROR(VLOOKUP(IF(ISNUMBER(FIND(" – ",$BK22)),LEFT($BK22,FIND(" – ",$BK22)-1),$BK22),ProdTbl,5,0),""),BasketTbl,2,0),"کد ناشناخته")) | BM22: =IF($BK22="","",IFERROR(VLOOKUP(IF(ISNUMBER(FIND(" – ",$BK22)),LEFT($BK22,FIND(" – ",$BK22)-1),$BK22),ProdTbl,3,0),"کد ناشناخته")) | BQ22: =IF($BP22="","",IFERROR(VLOOKUP(IFERROR(VLOOKUP(IF(ISNUMBER(FIND(" – ",$BP22)),LEFT($BP22,FIND(" – ",$BP22)-1),$BP22),ProdTbl,5,0),""),BasketTbl,2,0),"کد ناشناخته")) | BR22: =IF($BP22="","",IFERROR(VLOOKUP(IF(ISNUMBER(FIND(" – ",$BP22)),LEFT($BP22,FIND(" – ",$BP22)-1),$BP22),ProdTbl,3,0),"کد ناشناخته")) | BV22: =IF($BU22="","",IFERROR(VLOOKUP(IFERROR(VLOOKUP(IF(ISNUMBER(FIND(" – ",$BU22)),LEFT($BU22,FIND(" – ",$BU22)-1),$BU22),ProdTbl,5,0),""),BasketTbl,2,0),"کد ناشناخته")) | BW22: =IF($BU22="","",IFERROR(VLOOKUP(IF(ISNUMBER(FIND(" – ",$BU22)),LEFT($BU22,FIND(" – ",$BU22)-1),$BU22),ProdTbl,3,0),"کد ناشناخته")) | CA22: =IF($BZ22="","",IFERROR(VLOOKUP(IFERROR(VLOOKUP(IF(ISNUMBER(FIND(" – ",$BZ22)),LEFT($BZ22,FIND(" – ",$BZ22)-1),$BZ22),ProdTbl,5,0),""),BasketTbl,2,0),"کد ناشناخته")) | CB22: =IF($BZ22="","",IFERROR(VLOOKUP(IF(ISNUMBER(FIND(" – ",$BZ22)),LEFT($BZ22,FIND(" – ",$BZ22)-1),$BZ22),ProdTbl,3,0),"کد ناشناخته")) | CF22: =IF($CE22="","",IFERROR(VLOOKUP(IFERROR(VLOOKUP(IF(ISNUMBER(FIND(" – ",$CE22)),LEFT($CE22,FIND(" – ",$CE22)-1),$CE22),ProdTbl,5,0),""),BasketTbl,2,0),"کد ناشناخته")) | CG22: =IF($CE22="","",IFERROR(VLOOKUP(IF(ISNUMBER(FIND(" – ",$CE22)),LEFT($CE22,FIND(" – ",$CE22)-1),$CE22),ProdTbl,3,0),"کد ناشناخته"))
A23: =IF($B23="","",COUNTA($B$10:$B23)) | E23: =IF($D23="","",IFERROR(VLOOKUP(IF(ISNUMBER(FIND(" – ",$D23)),LEFT($D23,FIND(" – ",$D23)-1),$D23),SellerTbl,2,0),"کد ناشناخته")) | I23: =IF(OR($F23="",$G23=""),"",$F23-$G23) | J23: =IF($I23="","",IF(ABS($I23)<=0.01*$F23,"√","×")) | K23: =IF(COUNT($Q23,$V23,$AA23,$AF23,$AK23,$AP23,$AU23,$AZ23,$BE23,$BJ23,$BO23,$BT23,$BY23,$CD23,$CI23)=0,"",SUM($Q23,$V23,$AA23,$AF23,$AK23,$AP23,$AU23,$AZ23,$BE23,$BJ23,$BO23,$BT23,$BY23,$CD23,$CI23)) | L23: =IF(OR($F23="",$K23=""),"",$F23-$K23) | N23: =IF($M23="","",IFERROR(VLOOKUP(IFERROR(VLOOKUP(IF(ISNUMBER(FIND(" – ",$M23)),LEFT($M23,FIND(" – ",$M23)-1),$M23),ProdTbl,5,0),""),BasketTbl,2,0),"کد ناشناخته")) | O23: =IF($M23="","",IFERROR(VLOOKUP(IF(ISNUMBER(FIND(" – ",$M23)),LEFT($M23,FIND(" – ",$M23)-1),$M23),ProdTbl,3,0),"کد ناشناخته")) | S23: =IF($R23="","",IFERROR(VLOOKUP(IFERROR(VLOOKUP(IF(ISNUMBER(FIND(" – ",$R23)),LEFT($R23,FIND(" – ",$R23)-1),$R23),ProdTbl,5,0),""),BasketTbl,2,0),"کد ناشناخته")) | T23: =IF($R23="","",IFERROR(VLOOKUP(IF(ISNUMBER(FIND(" – ",$R23)),LEFT($R23,FIND(" – ",$R23)-1),$R23),ProdTbl,3,0),"کد ناشناخته")) | X23: =IF($W23="","",IFERROR(VLOOKUP(IFERROR(VLOOKUP(IF(ISNUMBER(FIND(" – ",$W23)),LEFT($W23,FIND(" – ",$W23)-1),$W23),ProdTbl,5,0),""),BasketTbl,2,0),"کد ناشناخته")) | Y23: =IF($W23="","",IFERROR(VLOOKUP(IF(ISNUMBER(FIND(" – ",$W23)),LEFT($W23,FIND(" – ",$W23)-1),$W23),ProdTbl,3,0),"کد ناشناخته")) | AC23: =IF($AB23="","",IFERROR(VLOOKUP(IFERROR(VLOOKUP(IF(ISNUMBER(FIND(" – ",$AB23)),LEFT($AB23,FIND(" – ",$AB23)-1),$AB23),ProdTbl,5,0),""),BasketTbl,2,0),"کد ناشناخته")) | AD23: =IF($AB23="","",IFERROR(VLOOKUP(IF(ISNUMBER(FIND(" – ",$AB23)),LEFT($AB23,FIND(" – ",$AB23)-1),$AB23),ProdTbl,3,0),"کد ناشناخته")) | AH23: =IF($AG23="","",IFERROR(VLOOKUP(IFERROR(VLOOKUP(IF(ISNUMBER(FIND(" – ",$AG23)),LEFT($AG23,FIND(" – ",$AG23)-1),$AG23),ProdTbl,5,0),""),BasketTbl,2,0),"کد ناشناخته")) | AI23: =IF($AG23="","",IFERROR(VLOOKUP(IF(ISNUMBER(FIND(" – ",$AG23)),LEFT($AG23,FIND(" – ",$AG23)-1),$AG23),ProdTbl,3,0),"کد ناشناخته")) | AM23: =IF($AL23="","",IFERROR(VLOOKUP(IFERROR(VLOOKUP(IF(ISNUMBER(FIND(" – ",$AL23)),LEFT($AL23,FIND(" – ",$AL23)-1),$AL23),ProdTbl,5,0),""),BasketTbl,2,0),"کد ناشناخته")) | AN23: =IF($AL23="","",IFERROR(VLOOKUP(IF(ISNUMBER(FIND(" – ",$AL23)),LEFT($AL23,FIND(" – ",$AL23)-1),$AL23),ProdTbl,3,0),"کد ناشناخته")) | AR23: =IF($AQ23="","",IFERROR(VLOOKUP(IFERROR(VLOOKUP(IF(ISNUMBER(FIND(" – ",$AQ23)),LEFT($AQ23,FIND(" – ",$AQ23)-1),$AQ23),ProdTbl,5,0),""),BasketTbl,2,0),"کد ناشناخته")) | AS23: =IF($AQ23="","",IFERROR(VLOOKUP(IF(ISNUMBER(FIND(" – ",$AQ23)),LEFT($AQ23,FIND(" – ",$AQ23)-1),$AQ23),ProdTbl,3,0),"کد ناشناخته")) | AW23: =IF($AV23="","",IFERROR(VLOOKUP(IFERROR(VLOOKUP(IF(ISNUMBER(FIND(" – ",$AV23)),LEFT($AV23,FIND(" – ",$AV23)-1),$AV23),ProdTbl,5,0),""),BasketTbl,2,0),"کد ناشناخته")) | AX23: =IF($AV23="","",IFERROR(VLOOKUP(IF(ISNUMBER(FIND(" – ",$AV23)),LEFT($AV23,FIND(" – ",$AV23)-1),$AV23),ProdTbl,3,0),"کد ناشناخته")) | BB23: =IF($BA23="","",IFERROR(VLOOKUP(IFERROR(VLOOKUP(IF(ISNUMBER(FIND(" – ",$BA23)),LEFT($BA23,FIND(" – ",$BA23)-1),$BA23),ProdTbl,5,0),""),BasketTbl,2,0),"کد ناشناخته")) | BC23: =IF($BA23="","",IFERROR(VLOOKUP(IF(ISNUMBER(FIND(" – ",$BA23)),LEFT($BA23,FIND(" – ",$BA23)-1),$BA23),ProdTbl,3,0),"کد ناشناخته")) | BG23: =IF($BF23="","",IFERROR(VLOOKUP(IFERROR(VLOOKUP(IF(ISNUMBER(FIND(" – ",$BF23)),LEFT($BF23,FIND(" – ",$BF23)-1),$BF23),ProdTbl,5,0),""),BasketTbl,2,0),"کد ناشناخته")) | BH23: =IF($BF23="","",IFERROR(VLOOKUP(IF(ISNUMBER(FIND(" – ",$BF23)),LEFT($BF23,FIND(" – ",$BF23)-1),$BF23),ProdTbl,3,0),"کد ناشناخته")) | BL23: =IF($BK23="","",IFERROR(VLOOKUP(IFERROR(VLOOKUP(IF(ISNUMBER(FIND(" – ",$BK23)),LEFT($BK23,FIND(" – ",$BK23)-1),$BK23),ProdTbl,5,0),""),BasketTbl,2,0),"کد ناشناخته")) | BM23: =IF($BK23="","",IFERROR(VLOOKUP(IF(ISNUMBER(FIND(" – ",$BK23)),LEFT($BK23,FIND(" – ",$BK23)-1),$BK23),ProdTbl,3,0),"کد ناشناخته")) | BQ23: =IF($BP23="","",IFERROR(VLOOKUP(IFERROR(VLOOKUP(IF(ISNUMBER(FIND(" – ",$BP23)),LEFT($BP23,FIND(" – ",$BP23)-1),$BP23),ProdTbl,5,0),""),BasketTbl,2,0),"کد ناشناخته")) | BR23: =IF($BP23="","",IFERROR(VLOOKUP(IF(ISNUMBER(FIND(" – ",$BP23)),LEFT($BP23,FIND(" – ",$BP23)-1),$BP23),ProdTbl,3,0),"کد ناشناخته")) | BV23: =IF($BU23="","",IFERROR(VLOOKUP(IFERROR(VLOOKUP(IF(ISNUMBER(FIND(" – ",$BU23)),LEFT($BU23,FIND(" – ",$BU23)-1),$BU23),ProdTbl,5,0),""),BasketTbl,2,0),"کد ناشناخته")) | BW23: =IF($BU23="","",IFERROR(VLOOKUP(IF(ISNUMBER(FIND(" – ",$BU23)),LEFT($BU23,FIND(" – ",$BU23)-1),$BU23),ProdTbl,3,0),"کد ناشناخته")) | CA23: =IF($BZ23="","",IFERROR(VLOOKUP(IFERROR(VLOOKUP(IF(ISNUMBER(FIND(" – ",$BZ23)),LEFT($BZ23,FIND(" – ",$BZ23)-1),$BZ23),ProdTbl,5,0),""),BasketTbl,2,0),"کد ناشناخته")) | CB23: =IF($BZ23="","",IFERROR(VLOOKUP(IF(ISNUMBER(FIND(" – ",$BZ23)),LEFT($BZ23,FIND(" – ",$BZ23)-1),$BZ23),ProdTbl,3,0),"کد ناشناخته")) | CF23: =IF($CE23="","",IFERROR(VLOOKUP(IFERROR(VLOOKUP(IF(ISNUMBER(FIND(" – ",$CE23)),LEFT($CE23,FIND(" – ",$CE23)-1),$CE23),ProdTbl,5,0),""),BasketTbl,2,0),"کد ناشناخته")) | CG23: =IF($CE23="","",IFERROR(VLOOKUP(IF(ISNUMBER(FIND(" – ",$CE23)),LEFT($CE23,FIND(" – ",$CE23)-1),$CE23),ProdTbl,3,0),"کد ناشناخته"))
A24: =IF($B24="","",COUNTA($B$10:$B24)) | E24: =IF($D24="","",IFERROR(VLOOKUP(IF(ISNUMBER(FIND(" – ",$D24)),LEFT($D24,FIND(" – ",$D24)-1),$D24),SellerTbl,2,0),"کد ناشناخته")) | I24: =IF(OR($F24="",$G24=""),"",$F24-$G24) | J24: =IF($I24="","",IF(ABS($I24)<=0.01*$F24,"√","×")) | K24: =IF(COUNT($Q24,$V24,$AA24,$AF24,$AK24,$AP24,$AU24,$AZ24,$BE24,$BJ24,$BO24,$BT24,$BY24,$CD24,$CI24)=0,"",SUM($Q24,$V24,$AA24,$AF24,$AK24,$AP24,$AU24,$AZ24,$BE24,$BJ24,$BO24,$BT24,$BY24,$CD24,$CI24)) | L24: =IF(OR($F24="",$K24=""),"",$F24-$K24) | N24: =IF($M24="","",IFERROR(VLOOKUP(IFERROR(VLOOKUP(IF(ISNUMBER(FIND(" – ",$M24)),LEFT($M24,FIND(" – ",$M24)-1),$M24),ProdTbl,5,0),""),BasketTbl,2,0),"کد ناشناخته")) | O24: =IF($M24="","",IFERROR(VLOOKUP(IF(ISNUMBER(FIND(" – ",$M24)),LEFT($M24,FIND(" – ",$M24)-1),$M24),ProdTbl,3,0),"کد ناشناخته")) | S24: =IF($R24="","",IFERROR(VLOOKUP(IFERROR(VLOOKUP(IF(ISNUMBER(FIND(" – ",$R24)),LEFT($R24,FIND(" – ",$R24)-1),$R24),ProdTbl,5,0),""),BasketTbl,2,0),"کد ناشناخته")) | T24: =IF($R24="","",IFERROR(VLOOKUP(IF(ISNUMBER(FIND(" – ",$R24)),LEFT($R24,FIND(" – ",$R24)-1),$R24),ProdTbl,3,0),"کد ناشناخته")) | X24: =IF($W24="","",IFERROR(VLOOKUP(IFERROR(VLOOKUP(IF(ISNUMBER(FIND(" – ",$W24)),LEFT($W24,FIND(" – ",$W24)-1),$W24),ProdTbl,5,0),""),BasketTbl,2,0),"کد ناشناخته")) | Y24: =IF($W24="","",IFERROR(VLOOKUP(IF(ISNUMBER(FIND(" – ",$W24)),LEFT($W24,FIND(" – ",$W24)-1),$W24),ProdTbl,3,0),"کد ناشناخته")) | AC24: =IF($AB24="","",IFERROR(VLOOKUP(IFERROR(VLOOKUP(IF(ISNUMBER(FIND(" – ",$AB24)),LEFT($AB24,FIND(" – ",$AB24)-1),$AB24),ProdTbl,5,0),""),BasketTbl,2,0),"کد ناشناخته")) | AD24: =IF($AB24="","",IFERROR(VLOOKUP(IF(ISNUMBER(FIND(" – ",$AB24)),LEFT($AB24,FIND(" – ",$AB24)-1),$AB24),ProdTbl,3,0),"کد ناشناخته")) | AH24: =IF($AG24="","",IFERROR(VLOOKUP(IFERROR(VLOOKUP(IF(ISNUMBER(FIND(" – ",$AG24)),LEFT($AG24,FIND(" – ",$AG24)-1),$AG24),ProdTbl,5,0),""),BasketTbl,2,0),"کد ناشناخته")) | AI24: =IF($AG24="","",IFERROR(VLOOKUP(IF(ISNUMBER(FIND(" – ",$AG24)),LEFT($AG24,FIND(" – ",$AG24)-1),$AG24),ProdTbl,3,0),"کد ناشناخته")) | AM24: =IF($AL24="","",IFERROR(VLOOKUP(IFERROR(VLOOKUP(IF(ISNUMBER(FIND(" – ",$AL24)),LEFT($AL24,FIND(" – ",$AL24)-1),$AL24),ProdTbl,5,0),""),BasketTbl,2,0),"کد ناشناخته")) | AN24: =IF($AL24="","",IFERROR(VLOOKUP(IF(ISNUMBER(FIND(" – ",$AL24)),LEFT($AL24,FIND(" – ",$AL24)-1),$AL24),ProdTbl,3,0),"کد ناشناخته")) | AR24: =IF($AQ24="","",IFERROR(VLOOKUP(IFERROR(VLOOKUP(IF(ISNUMBER(FIND(" – ",$AQ24)),LEFT($AQ24,FIND(" – ",$AQ24)-1),$AQ24),ProdTbl,5,0),""),BasketTbl,2,0),"کد ناشناخته")) | AS24: =IF($AQ24="","",IFERROR(VLOOKUP(IF(ISNUMBER(FIND(" – ",$AQ24)),LEFT($AQ24,FIND(" – ",$AQ24)-1),$AQ24),ProdTbl,3,0),"کد ناشناخته")) | AW24: =IF($AV24="","",IFERROR(VLOOKUP(IFERROR(VLOOKUP(IF(ISNUMBER(FIND(" – ",$AV24)),LEFT($AV24,FIND(" – ",$AV24)-1),$AV24),ProdTbl,5,0),""),BasketTbl,2,0),"کد ناشناخته")) | AX24: =IF($AV24="","",IFERROR(VLOOKUP(IF(ISNUMBER(FIND(" – ",$AV24)),LEFT($AV24,FIND(" – ",$AV24)-1),$AV24),ProdTbl,3,0),"کد ناشناخته")) | BB24: =IF($BA24="","",IFERROR(VLOOKUP(IFERROR(VLOOKUP(IF(ISNUMBER(FIND(" – ",$BA24)),LEFT($BA24,FIND(" – ",$BA24)-1),$BA24),ProdTbl,5,0),""),BasketTbl,2,0),"کد ناشناخته")) | BC24: =IF($BA24="","",IFERROR(VLOOKUP(IF(ISNUMBER(FIND(" – ",$BA24)),LEFT($BA24,FIND(" – ",$BA24)-1),$BA24),ProdTbl,3,0),"کد ناشناخته")) | BG24: =IF($BF24="","",IFERROR(VLOOKUP(IFERROR(VLOOKUP(IF(ISNUMBER(FIND(" – ",$BF24)),LEFT($BF24,FIND(" – ",$BF24)-1),$BF24),ProdTbl,5,0),""),BasketTbl,2,0),"کد ناشناخته")) | BH24: =IF($BF24="","",IFERROR(VLOOKUP(IF(ISNUMBER(FIND(" – ",$BF24)),LEFT($BF24,FIND(" – ",$BF24)-1),$BF24),ProdTbl,3,0),"کد ناشناخته")) | BL24: =IF($BK24="","",IFERROR(VLOOKUP(IFERROR(VLOOKUP(IF(ISNUMBER(FIND(" – ",$BK24)),LEFT($BK24,FIND(" – ",$BK24)-1),$BK24),ProdTbl,5,0),""),BasketTbl,2,0),"کد ناشناخته")) | BM24: =IF($BK24="","",IFERROR(VLOOKUP(IF(ISNUMBER(FIND(" – ",$BK24)),LEFT($BK24,FIND(" – ",$BK24)-1),$BK24),ProdTbl,3,0),"کد ناشناخته")) | BQ24: =IF($BP24="","",IFERROR(VLOOKUP(IFERROR(VLOOKUP(IF(ISNUMBER(FIND(" – ",$BP24)),LEFT($BP24,FIND(" – ",$BP24)-1),$BP24),ProdTbl,5,0),""),BasketTbl,2,0),"کد ناشناخته")) | BR24: =IF($BP24="","",IFERROR(VLOOKUP(IF(ISNUMBER(FIND(" – ",$BP24)),LEFT($BP24,FIND(" – ",$BP24)-1),$BP24),ProdTbl,3,0),"کد ناشناخته")) | BV24: =IF($BU24="","",IFERROR(VLOOKUP(IFERROR(VLOOKUP(IF(ISNUMBER(FIND(" – ",$BU24)),LEFT($BU24,FIND(" – ",$BU24)-1),$BU24),ProdTbl,5,0),""),BasketTbl,2,0),"کد ناشناخته")) | BW24: =IF($BU24="","",IFERROR(VLOOKUP(IF(ISNUMBER(FIND(" – ",$BU24)),LEFT($BU24,FIND(" – ",$BU24)-1),$BU24),ProdTbl,3,0),"کد ناشناخته")) | CA24: =IF($BZ24="","",IFERROR(VLOOKUP(IFERROR(VLOOKUP(IF(ISNUMBER(FIND(" – ",$BZ24)),LEFT($BZ24,FIND(" – ",$BZ24)-1),$BZ24),ProdTbl,5,0),""),BasketTbl,2,0),"کد ناشناخته")) | CB24: =IF($BZ24="","",IFERROR(VLOOKUP(IF(ISNUMBER(FIND(" – ",$BZ24)),LEFT($BZ24,FIND(" – ",$BZ24)-1),$BZ24),ProdTbl,3,0),"کد ناشناخته")) | CF24: =IF($CE24="","",IFERROR(VLOOKUP(IFERROR(VLOOKUP(IF(ISNUMBER(FIND(" – ",$CE24)),LEFT($CE24,FIND(" – ",$CE24)-1),$CE24),ProdTbl,5,0),""),BasketTbl,2,0),"کد ناشناخته")) | CG24: =IF($CE24="","",IFERROR(VLOOKUP(IF(ISNUMBER(FIND(" – ",$CE24)),LEFT($CE24,FIND(" – ",$CE24)-1),$CE24),ProdTbl,3,0),"کد ناشناخته"))
A25: =IF($B25="","",COUNTA($B$10:$B25)) | E25: =IF($D25="","",IFERROR(VLOOKUP(IF(ISNUMBER(FIND(" – ",$D25)),LEFT($D25,FIND(" – ",$D25)-1),$D25),SellerTbl,2,0),"کد ناشناخته")) | I25: =IF(OR($F25="",$G25=""),"",$F25-$G25) | J25: =IF($I25="","",IF(ABS($I25)<=0.01*$F25,"√","×")) | K25: =IF(COUNT($Q25,$V25,$AA25,$AF25,$AK25,$AP25,$AU25,$AZ25,$BE25,$BJ25,$BO25,$BT25,$BY25,$CD25,$CI25)=0,"",SUM($Q25,$V25,$AA25,$AF25,$AK25,$AP25,$AU25,$AZ25,$BE25,$BJ25,$BO25,$BT25,$BY25,$CD25,$CI25)) | L25: =IF(OR($F25="",$K25=""),"",$F25-$K25) | N25: =IF($M25="","",IFERROR(VLOOKUP(IFERROR(VLOOKUP(IF(ISNUMBER(FIND(" – ",$M25)),LEFT($M25,FIND(" – ",$M25)-1),$M25),ProdTbl,5,0),""),BasketTbl,2,0),"کد ناشناخته")) | O25: =IF($M25="","",IFERROR(VLOOKUP(IF(ISNUMBER(FIND(" – ",$M25)),LEFT($M25,FIND(" – ",$M25)-1),$M25),ProdTbl,3,0),"کد ناشناخته")) | S25: =IF($R25="","",IFERROR(VLOOKUP(IFERROR(VLOOKUP(IF(ISNUMBER(FIND(" – ",$R25)),LEFT($R25,FIND(" – ",$R25)-1),$R25),ProdTbl,5,0),""),BasketTbl,2,0),"کد ناشناخته")) | T25: =IF($R25="","",IFERROR(VLOOKUP(IF(ISNUMBER(FIND(" – ",$R25)),LEFT($R25,FIND(" – ",$R25)-1),$R25),ProdTbl,3,0),"کد ناشناخته")) | X25: =IF($W25="","",IFERROR(VLOOKUP(IFERROR(VLOOKUP(IF(ISNUMBER(FIND(" – ",$W25)),LEFT($W25,FIND(" – ",$W25)-1),$W25),ProdTbl,5,0),""),BasketTbl,2,0),"کد ناشناخته")) | Y25: =IF($W25="","",IFERROR(VLOOKUP(IF(ISNUMBER(FIND(" – ",$W25)),LEFT($W25,FIND(" – ",$W25)-1),$W25),ProdTbl,3,0),"کد ناشناخته")) | AC25: =IF($AB25="","",IFERROR(VLOOKUP(IFERROR(VLOOKUP(IF(ISNUMBER(FIND(" – ",$AB25)),LEFT($AB25,FIND(" – ",$AB25)-1),$AB25),ProdTbl,5,0),""),BasketTbl,2,0),"کد ناشناخته")) | AD25: =IF($AB25="","",IFERROR(VLOOKUP(IF(ISNUMBER(FIND(" – ",$AB25)),LEFT($AB25,FIND(" – ",$AB25)-1),$AB25),ProdTbl,3,0),"کد ناشناخته")) | AH25: =IF($AG25="","",IFERROR(VLOOKUP(IFERROR(VLOOKUP(IF(ISNUMBER(FIND(" – ",$AG25)),LEFT($AG25,FIND(" – ",$AG25)-1),$AG25),ProdTbl,5,0),""),BasketTbl,2,0),"کد ناشناخته")) | AI25: =IF($AG25="","",IFERROR(VLOOKUP(IF(ISNUMBER(FIND(" – ",$AG25)),LEFT($AG25,FIND(" – ",$AG25)-1),$AG25),ProdTbl,3,0),"کد ناشناخته")) | AM25: =IF($AL25="","",IFERROR(VLOOKUP(IFERROR(VLOOKUP(IF(ISNUMBER(FIND(" – ",$AL25)),LEFT($AL25,FIND(" – ",$AL25)-1),$AL25),ProdTbl,5,0),""),BasketTbl,2,0),"کد ناشناخته")) | AN25: =IF($AL25="","",IFERROR(VLOOKUP(IF(ISNUMBER(FIND(" – ",$AL25)),LEFT($AL25,FIND(" – ",$AL25)-1),$AL25),ProdTbl,3,0),"کد ناشناخته")) | AR25: =IF($AQ25="","",IFERROR(VLOOKUP(IFERROR(VLOOKUP(IF(ISNUMBER(FIND(" – ",$AQ25)),LEFT($AQ25,FIND(" – ",$AQ25)-1),$AQ25),ProdTbl,5,0),""),BasketTbl,2,0),"کد ناشناخته")) | AS25: =IF($AQ25="","",IFERROR(VLOOKUP(IF(ISNUMBER(FIND(" – ",$AQ25)),LEFT($AQ25,FIND(" – ",$AQ25)-1),$AQ25),ProdTbl,3,0),"کد ناشناخته")) | AW25: =IF($AV25="","",IFERROR(VLOOKUP(IFERROR(VLOOKUP(IF(ISNUMBER(FIND(" – ",$AV25)),LEFT($AV25,FIND(" – ",$AV25)-1),$AV25),ProdTbl,5,0),""),BasketTbl,2,0),"کد ناشناخته")) | AX25: =IF($AV25="","",IFERROR(VLOOKUP(IF(ISNUMBER(FIND(" – ",$AV25)),LEFT($AV25,FIND(" – ",$AV25)-1),$AV25),ProdTbl,3,0),"کد ناشناخته")) | BB25: =IF($BA25="","",IFERROR(VLOOKUP(IFERROR(VLOOKUP(IF(ISNUMBER(FIND(" – ",$BA25)),LEFT($BA25,FIND(" – ",$BA25)-1),$BA25),ProdTbl,5,0),""),BasketTbl,2,0),"کد ناشناخته")) | BC25: =IF($BA25="","",IFERROR(VLOOKUP(IF(ISNUMBER(FIND(" – ",$BA25)),LEFT($BA25,FIND(" – ",$BA25)-1),$BA25),ProdTbl,3,0),"کد ناشناخته")) | BG25: =IF($BF25="","",IFERROR(VLOOKUP(IFERROR(VLOOKUP(IF(ISNUMBER(FIND(" – ",$BF25)),LEFT($BF25,FIND(" – ",$BF25)-1),$BF25),ProdTbl,5,0),""),BasketTbl,2,0),"کد ناشناخته")) | BH25: =IF($BF25="","",IFERROR(VLOOKUP(IF(ISNUMBER(FIND(" – ",$BF25)),LEFT($BF25,FIND(" – ",$BF25)-1),$BF25),ProdTbl,3,0),"کد ناشناخته")) | BL25: =IF($BK25="","",IFERROR(VLOOKUP(IFERROR(VLOOKUP(IF(ISNUMBER(FIND(" – ",$BK25)),LEFT($BK25,FIND(" – ",$BK25)-1),$BK25),ProdTbl,5,0),""),BasketTbl,2,0),"کد ناشناخته")) | BM25: =IF($BK25="","",IFERROR(VLOOKUP(IF(ISNUMBER(FIND(" – ",$BK25)),LEFT($BK25,FIND(" – ",$BK25)-1),$BK25),ProdTbl,3,0),"کد ناشناخته")) | BQ25: =IF($BP25="","",IFERROR(VLOOKUP(IFERROR(VLOOKUP(IF(ISNUMBER(FIND(" – ",$BP25)),LEFT($BP25,FIND(" – ",$BP25)-1),$BP25),ProdTbl,5,0),""),BasketTbl,2,0),"کد ناشناخته")) | BR25: =IF($BP25="","",IFERROR(VLOOKUP(IF(ISNUMBER(FIND(" – ",$BP25)),LEFT($BP25,FIND(" – ",$BP25)-1),$BP25),ProdTbl,3,0),"کد ناشناخته")) | BV25: =IF($BU25="","",IFERROR(VLOOKUP(IFERROR(VLOOKUP(IF(ISNUMBER(FIND(" – ",$BU25)),LEFT($BU25,FIND(" – ",$BU25)-1),$BU25),ProdTbl,5,0),""),BasketTbl,2,0),"کد ناشناخته")) | BW25: =IF($BU25="","",IFERROR(VLOOKUP(IF(ISNUMBER(FIND(" – ",$BU25)),LEFT($BU25,FIND(" – ",$BU25)-1),$BU25),ProdTbl,3,0),"کد ناشناخته")) | CA25: =IF($BZ25="","",IFERROR(VLOOKUP(IFERROR(VLOOKUP(IF(ISNUMBER(FIND(" – ",$BZ25)),LEFT($BZ25,FIND(" – ",$BZ25)-1),$BZ25),ProdTbl,5,0),""),BasketTbl,2,0),"کد ناشناخته")) | CB25: =IF($BZ25="","",IFERROR(VLOOKUP(IF(ISNUMBER(FIND(" – ",$BZ25)),LEFT($BZ25,FIND(" – ",$BZ25)-1),$BZ25),ProdTbl,3,0),"کد ناشناخته")) | CF25: =IF($CE25="","",IFERROR(VLOOKUP(IFERROR(VLOOKUP(IF(ISNUMBER(FIND(" – ",$CE25)),LEFT($CE25,FIND(" – ",$CE25)-1),$CE25),ProdTbl,5,0),""),BasketTbl,2,0),"کد ناشناخته")) | CG25: =IF($CE25="","",IFERROR(VLOOKUP(IF(ISNUMBER(FIND(" – ",$CE25)),LEFT($CE25,FIND(" – ",$CE25)-1),$CE25),ProdTbl,3,0),"کد ناشناخته"))
... A2009: =IF($B2009="","",COUNTA($B$10:$B2009)) | E2009: =IF($D2009="","",IFERROR(VLOOKUP(IF(ISNUMBER(FIND(" – ",$D2009)),LEFT($D2009,FIND(" – ",$D2009)-1),$D2009),SellerTbl,2,0),"کد ناشناخته")) | I2009: =IF(OR($F2009="",$G2009=""),"",$F2009-$G2009) | J2009: =IF($I2009="","",IF(ABS($I2009)<=0.01*$F2009,"√","×")) | K2009: =IF(COUNT($Q2009,$V2009,$AA2009,$AF2009,$AK2009,$AP2009,$AU2009,$AZ2009,$BE2009,$BJ2009,$BO2009,$BT2009,$BY2009,$CD2009,$CI2009)=0,"",SUM($Q2009,$V2009,$AA2009,$AF2009,$AK2009,$AP2009,$AU2009,$AZ2009,$BE2009,$BJ2009,$BO2009,$BT2009,$BY2009,$CD2009,$CI2009)) | L2009: =IF(OR($F2009="",$K2009=""),"",$F2009-$K2009) | N2009: =IF($M2009="","",IFERROR(VLOOKUP(IFERROR(VLOOKUP(IF(ISNUMBER(FIND(" – ",$M2009)),LEFT($M2009,FIND(" – ",$M2009)-1),$M2009),ProdTbl,5,0),""),BasketTbl,2,0),"کد ناشناخته")) | O2009: =IF($M2009="","",IFERROR(VLOOKUP(IF(ISNUMBER(FIND(" – ",$M2009)),LEFT($M2009,FIND(" – ",$M2009)-1),$M2009),ProdTbl,3,0),"کد ناشناخته")) | S2009: =IF($R2009="","",IFERROR(VLOOKUP(IFERROR(VLOOKUP(IF(ISNUMBER(FIND(" – ",$R2009)),LEFT($R2009,FIND(" – ",$R2009)-1),$R2009),ProdTbl,5,0),""),BasketTbl,2,0),"کد ناشناخته")) | T2009: =IF($R2009="","",IFERROR(VLOOKUP(IF(ISNUMBER(FIND(" – ",$R2009)),LEFT($R2009,FIND(" – ",$R2009)-1),$R2009),ProdTbl,3,0),"کد ناشناخته")) | X2009: =IF($W2009="","",IFERROR(VLOOKUP(IFERROR(VLOOKUP(IF(ISNUMBER(FIND(" – ",$W2009)),LEFT($W2009,FIND(" – ",$W2009)-1),$W2009),ProdTbl,5,0),""),BasketTbl,2,0),"کد ناشناخته")) | Y2009: =IF($W2009="","",IFERROR(VLOOKUP(IF(ISNUMBER(FIND(" – ",$W2009)),LEFT($W2009,FIND(" – ",$W2009)-1),$W2009),ProdTbl,3,0),"کد ناشناخته")) | AC2009: =IF($AB2009="","",IFERROR(VLOOKUP(IFERROR(VLOOKUP(IF(ISNUMBER(FIND(" – ",$AB2009)),LEFT($AB2009,FIND(" – ",$AB2009)-1),$AB2009),ProdTbl,5,0),""),BasketTbl,2,0),"کد ناشناخته")) | AD2009: =IF($AB2009="","",IFERROR(VLOOKUP(IF(ISNUMBER(FIND(" – ",$AB2009)),LEFT($AB2009,FIND(" – ",$AB2009)-1),$AB2009),ProdTbl,3,0),"کد ناشناخته")) | AH2009: =IF($AG2009="","",IFERROR(VLOOKUP(IFERROR(VLOOKUP(IF(ISNUMBER(FIND(" – ",$AG2009)),LEFT($AG2009,FIND(" – ",$AG2009)-1),$AG2009),ProdTbl,5,0),""),BasketTbl,2,0),"کد ناشناخته")) | AI2009: =IF($AG2009="","",IFERROR(VLOOKUP(IF(ISNUMBER(FIND(" – ",$AG2009)),LEFT($AG2009,FIND(" – ",$AG2009)-1),$AG2009),ProdTbl,3,0),"کد ناشناخته")) | AM2009: =IF($AL2009="","",IFERROR(VLOOKUP(IFERROR(VLOOKUP(IF(ISNUMBER(FIND(" – ",$AL2009)),LEFT($AL2009,FIND(" – ",$AL2009)-1),$AL2009),ProdTbl,5,0),""),BasketTbl,2,0),"کد ناشناخته")) | AN2009: =IF($AL2009="","",IFERROR(VLOOKUP(IF(ISNUMBER(FIND(" – ",$AL2009)),LEFT($AL2009,FIND(" – ",$AL2009)-1),$AL2009),ProdTbl,3,0),"کد ناشناخته")) | AR2009: =IF($AQ2009="","",IFERROR(VLOOKUP(IFERROR(VLOOKUP(IF(ISNUMBER(FIND(" – ",$AQ2009)),LEFT($AQ2009,FIND(" – ",$AQ2009)-1),$AQ2009),ProdTbl,5,0),""),BasketTbl,2,0),"کد ناشناخته")) | AS2009: =IF($AQ2009="","",IFERROR(VLOOKUP(IF(ISNUMBER(FIND(" – ",$AQ2009)),LEFT($AQ2009,FIND(" – ",$AQ2009)-1),$AQ2009),ProdTbl,3,0),"کد ناشناخته")) | AW2009: =IF($AV2009="","",IFERROR(VLOOKUP(IFERROR(VLOOKUP(IF(ISNUMBER(FIND(" – ",$AV2009)),LEFT($AV2009,FIND(" – ",$AV2009)-1),$AV2009),ProdTbl,5,0),""),BasketTbl,2,0),"کد ناشناخته")) | AX2009: =IF($AV2009="","",IFERROR(VLOOKUP(IF(ISNUMBER(FIND(" – ",$AV2009)),LEFT($AV2009,FIND(" – ",$AV2009)-1),$AV2009),ProdTbl,3,0),"کد ناشناخته")) | BB2009: =IF($BA2009="","",IFERROR(VLOOKUP(IFERROR(VLOOKUP(IF(ISNUMBER(FIND(" – ",$BA2009)),LEFT($BA2009,FIND(" – ",$BA2009)-1),$BA2009),ProdTbl,5,0),""),BasketTbl,2,0),"کد ناشناخته")) | BC2009: =IF($BA2009="","",IFERROR(VLOOKUP(IF(ISNUMBER(FIND(" – ",$BA2009)),LEFT($BA2009,FIND(" – ",$BA2009)-1),$BA2009),ProdTbl,3,0),"کد ناشناخته")) | BG2009: =IF($BF2009="","",IFERROR(VLOOKUP(IFERROR(VLOOKUP(IF(ISNUMBER(FIND(" – ",$BF2009)),LEFT($BF2009,FIND(" – ",$BF2009)-1),$BF2009),ProdTbl,5,0),""),BasketTbl,2,0),"کد ناشناخته")) | BH2009: =IF($BF2009="","",IFERROR(VLOOKUP(IF(ISNUMBER(FIND(" – ",$BF2009)),LEFT($BF2009,FIND(" – ",$BF2009)-1),$BF2009),ProdTbl,3,0),"کد ناشناخته")) | BL2009: =IF($BK2009="","",IFERROR(VLOOKUP(IFERROR(VLOOKUP(IF(ISNUMBER(FIND(" – ",$BK2009)),LEFT($BK2009,FIND(" – ",$BK2009)-1),$BK2009),ProdTbl,5,0),""),BasketTbl,2,0),"کد ناشناخته")) | BM2009: =IF($BK2009="","",IFERROR(VLOOKUP(IF(ISNUMBER(FIND(" – ",$BK2009)),LEFT($BK2009,FIND(" – ",$BK2009)-1),$BK2009),ProdTbl,3,0),"کد ناشناخته")) | BQ2009: =IF($BP2009="","",IFERROR(VLOOKUP(IFERROR(VLOOKUP(IF(ISNUMBER(FIND(" – ",$BP2009)),LEFT($BP2009,FIND(" – ",$BP2009)-1),$BP2009),ProdTbl,5,0),""),BasketTbl,2,0),"کد ناشناخته")) | BR2009: =IF($BP2009="","",IFERROR(VLOOKUP(IF(ISNUMBER(FIND(" – ",$BP2009)),LEFT($BP2009,FIND(" – ",$BP2009)-1),$BP2009),ProdTbl,3,0),"کد ناشناخته")) | BV2009: =IF($BU2009="","",IFERROR(VLOOKUP(IFERROR(VLOOKUP(IF(ISNUMBER(FIND(" – ",$BU2009)),LEFT($BU2009,FIND(" – ",$BU2009)-1),$BU2009),ProdTbl,5,0),""),BasketTbl,2,0),"کد ناشناخته")) | BW2009: =IF($BU2009="","",IFERROR(VLOOKUP(IF(ISNUMBER(FIND(" – ",$BU2009)),LEFT($BU2009,FIND(" – ",$BU2009)-1),$BU2009),ProdTbl,3,0),"کد ناشناخته")) | CA2009: =IF($BZ2009="","",IFERROR(VLOOKUP(IFERROR(VLOOKUP(IF(ISNUMBER(FIND(" – ",$BZ2009)),LEFT($BZ2009,FIND(" – ",$BZ2009)-1),$BZ2009),ProdTbl,5,0),""),BasketTbl,2,0),"کد ناشناخته")) | CB2009: =IF($BZ2009="","",IFERROR(VLOOKUP(IF(ISNUMBER(FIND(" – ",$BZ2009)),LEFT($BZ2009,FIND(" – ",$BZ2009)-1),$BZ2009),ProdTbl,3,0),"کد ناشناخته")) | CF2009: =IF($CE2009="","",IFERROR(VLOOKUP(IFERROR(VLOOKUP(IF(ISNUMBER(FIND(" – ",$CE2009)),LEFT($CE2009,FIND(" – ",$CE2009)-1),$CE2009),ProdTbl,5,0),""),BasketTbl,2,0),"کد ناشناخته")) | CG2009: =IF($CE2009="","",IFERROR(VLOOKUP(IF(ISNUMBER(FIND(" – ",$CE2009)),LEFT($CE2009,FIND(" – ",$CE2009)-1),$CE2009),ProdTbl,3,0),"کد ناشناخته"))

Sheet Sync
A1: مازندشت — سورتینگ و بسته‌بندی مرکبات
A2: باغدشت، بخش مرکزی، شهرستان قائم‌شهر، استان مازندران، ایران | MAZANDASHT · CITRUS SORTING & PACKING
A3: برگه فنی — آینه‌ی فایل مادر (INFO) برای فایل فروش. فرمول‌ها را تغییر ندهید. اگر همه سلول‌ها خالی شدند یعنی لینک به‌روز نشده: Data ← Edit Links ← Update Values.
A5: Sellers · Code | B5: Sellers · Name | C5: Sellers · Type | E5: Products_Sell · Code | F5: · Name | G5: · Category | H5: · Unit | I5: · Basket | K5: Baskets · Code | L5: Baskets · Name | N5: Company | P5: cum·S | Q5: LIST · Seller codes | R5: LIST · Sellers | T5: cum·P | U5: LIST · Product codes | V5: LIST · Products
A6: =IF([1]Sellers!$A$7="","",[1]Sellers!$A$7) | B6: =IF([1]Sellers!$B$7="","",[1]Sellers!$B$7) | C6: =IF([1]Sellers!$C$7="","",[1]Sellers!$C$7) | E6: =IF([1]Products_Sell!$A$7="","",[1]Products_Sell!$A$7) | F6: =IF([1]Products_Sell!$B$7="","",[1]Products_Sell!$B$7) | G6: =IF([1]Products_Sell!$C$7="","",[1]Products_Sell!$C$7) | H6: =IF([1]Products_Sell!$D$7="","",[1]Products_Sell!$D$7) | I6: =IF([1]Products_Sell!$E$7="","",[1]Products_Sell!$E$7) | K6: =IF([1]Baskets!$A$7="","",[1]Baskets!$A$7) | L6: =IF([1]Baskets!$B$7="","",[1]Baskets!$B$7) | N6: =IF([1]Company!$C$5="","",[1]Company!$C$5) | P6: =COUNTIF($A$6:$A6,"?*") | Q6: =IFERROR(INDEX($A$6:$A$105,MATCH(ROW()-5,$P$6:$P$105,0)),"") | R6: =IF($Q6="","",$Q6&" – "&IF(IFERROR(VLOOKUP($Q6,$A$6:$B$105,2,0),"")="","(بدون عنوان)",VLOOKUP($Q6,$A$6:$B$105,2,0))) | T6: =COUNTIF($E$6:$E6,"?*") | U6: =IFERROR(INDEX($E$6:$E$105,MATCH(ROW()-5,$T$6:$T$105,0)),"") | V6: =IF($U6="","",$U6&" – "&IF(IFERROR(VLOOKUP($U6,$E$6:$F$105,2,0),"")="","(بدون عنوان)",VLOOKUP($U6,$E$6:$F$105,2,0)))
A7: =IF([1]Sellers!$A$8="","",[1]Sellers!$A$8) | B7: =IF([1]Sellers!$B$8="","",[1]Sellers!$B$8) | C7: =IF([1]Sellers!$C$8="","",[1]Sellers!$C$8) | E7: =IF([1]Products_Sell!$A$8="","",[1]Products_Sell!$A$8) | F7: =IF([1]Products_Sell!$B$8="","",[1]Products_Sell!$B$8) | G7: =IF([1]Products_Sell!$C$8="","",[1]Products_Sell!$C$8) | H7: =IF([1]Products_Sell!$D$8="","",[1]Products_Sell!$D$8) | I7: =IF([1]Products_Sell!$E$8="","",[1]Products_Sell!$E$8) | K7: =IF([1]Baskets!$A$8="","",[1]Baskets!$A$8) | L7: =IF([1]Baskets!$B$8="","",[1]Baskets!$B$8) | N7: =IF([1]Company!$C$8="","",[1]Company!$C$8) | P7: =COUNTIF($A$6:$A7,"?*") | Q7: =IFERROR(INDEX($A$6:$A$105,MATCH(ROW()-5,$P$6:$P$105,0)),"") | R7: =IF($Q7="","",$Q7&" – "&IF(IFERROR(VLOOKUP($Q7,$A$6:$B$105,2,0),"")="","(بدون عنوان)",VLOOKUP($Q7,$A$6:$B$105,2,0))) | T7: =COUNTIF($E$6:$E7,"?*") | U7: =IFERROR(INDEX($E$6:$E$105,MATCH(ROW()-5,$T$6:$T$105,0)),"") | V7: =IF($U7="","",$U7&" – "&IF(IFERROR(VLOOKUP($U7,$E$6:$F$105,2,0),"")="","(بدون عنوان)",VLOOKUP($U7,$E$6:$F$105,2,0)))
A8: =IF([1]Sellers!$A$9="","",[1]Sellers!$A$9) | B8: =IF([1]Sellers!$B$9="","",[1]Sellers!$B$9) | C8: =IF([1]Sellers!$C$9="","",[1]Sellers!$C$9) | E8: =IF([1]Products_Sell!$A$9="","",[1]Products_Sell!$A$9) | F8: =IF([1]Products_Sell!$B$9="","",[1]Products_Sell!$B$9) | G8: =IF([1]Products_Sell!$C$9="","",[1]Products_Sell!$C$9) | H8: =IF([1]Products_Sell!$D$9="","",[1]Products_Sell!$D$9) | I8: =IF([1]Products_Sell!$E$9="","",[1]Products_Sell!$E$9) | K8: =IF([1]Baskets!$A$9="","",[1]Baskets!$A$9) | L8: =IF([1]Baskets!$B$9="","",[1]Baskets!$B$9) | N8: =IF([1]Company!$C$9="","",[1]Company!$C$9) | P8: =COUNTIF($A$6:$A8,"?*") | Q8: =IFERROR(INDEX($A$6:$A$105,MATCH(ROW()-5,$P$6:$P$105,0)),"") | R8: =IF($Q8="","",$Q8&" – "&IF(IFERROR(VLOOKUP($Q8,$A$6:$B$105,2,0),"")="","(بدون عنوان)",VLOOKUP($Q8,$A$6:$B$105,2,0))) | T8: =COUNTIF($E$6:$E8,"?*") | U8: =IFERROR(INDEX($E$6:$E$105,MATCH(ROW()-5,$T$6:$T$105,0)),"") | V8: =IF($U8="","",$U8&" – "&IF(IFERROR(VLOOKUP($U8,$E$6:$F$105,2,0),"")="","(بدون عنوان)",VLOOKUP($U8,$E$6:$F$105,2,0)))
A9: =IF([1]Sellers!$A$10="","",[1]Sellers!$A$10) | B9: =IF([1]Sellers!$B$10="","",[1]Sellers!$B$10) | C9: =IF([1]Sellers!$C$10="","",[1]Sellers!$C$10) | E9: =IF([1]Products_Sell!$A$10="","",[1]Products_Sell!$A$10) | F9: =IF([1]Products_Sell!$B$10="","",[1]Products_Sell!$B$10) | G9: =IF([1]Products_Sell!$C$10="","",[1]Products_Sell!$C$10) | H9: =IF([1]Products_Sell!$D$10="","",[1]Products_Sell!$D$10) | I9: =IF([1]Products_Sell!$E$10="","",[1]Products_Sell!$E$10) | K9: =IF([1]Baskets!$A$10="","",[1]Baskets!$A$10) | L9: =IF([1]Baskets!$B$10="","",[1]Baskets!$B$10) | N9: =IF([1]Company!$C$7="","",[1]Company!$C$7) | P9: =COUNTIF($A$6:$A9,"?*") | Q9: =IFERROR(INDEX($A$6:$A$105,MATCH(ROW()-5,$P$6:$P$105,0)),"") | R9: =IF($Q9="","",$Q9&" – "&IF(IFERROR(VLOOKUP($Q9,$A$6:$B$105,2,0),"")="","(بدون عنوان)",VLOOKUP($Q9,$A$6:$B$105,2,0))) | T9: =COUNTIF($E$6:$E9,"?*") | U9: =IFERROR(INDEX($E$6:$E$105,MATCH(ROW()-5,$T$6:$T$105,0)),"") | V9: =IF($U9="","",$U9&" – "&IF(IFERROR(VLOOKUP($U9,$E$6:$F$105,2,0),"")="","(بدون عنوان)",VLOOKUP($U9,$E$6:$F$105,2,0)))
A10: =IF([1]Sellers!$A$11="","",[1]Sellers!$A$11) | B10: =IF([1]Sellers!$B$11="","",[1]Sellers!$B$11) | C10: =IF([1]Sellers!$C$11="","",[1]Sellers!$C$11) | E10: =IF([1]Products_Sell!$A$11="","",[1]Products_Sell!$A$11) | F10: =IF([1]Products_Sell!$B$11="","",[1]Products_Sell!$B$11) | G10: =IF([1]Products_Sell!$C$11="","",[1]Products_Sell!$C$11) | H10: =IF([1]Products_Sell!$D$11="","",[1]Products_Sell!$D$11) | I10: =IF([1]Products_Sell!$E$11="","",[1]Products_Sell!$E$11) | K10: =IF([1]Baskets!$A$11="","",[1]Baskets!$A$11) | L10: =IF([1]Baskets!$B$11="","",[1]Baskets!$B$11) | P10: =COUNTIF($A$6:$A10,"?*") | Q10: =IFERROR(INDEX($A$6:$A$105,MATCH(ROW()-5,$P$6:$P$105,0)),"") | R10: =IF($Q10="","",$Q10&" – "&IF(IFERROR(VLOOKUP($Q10,$A$6:$B$105,2,0),"")="","(بدون عنوان)",VLOOKUP($Q10,$A$6:$B$105,2,0))) | T10: =COUNTIF($E$6:$E10,"?*") | U10: =IFERROR(INDEX($E$6:$E$105,MATCH(ROW()-5,$T$6:$T$105,0)),"") | V10: =IF($U10="","",$U10&" – "&IF(IFERROR(VLOOKUP($U10,$E$6:$F$105,2,0),"")="","(بدون عنوان)",VLOOKUP($U10,$E$6:$F$105,2,0)))
A11: =IF([1]Sellers!$A$12="","",[1]Sellers!$A$12) | B11: =IF([1]Sellers!$B$12="","",[1]Sellers!$B$12) | C11: =IF([1]Sellers!$C$12="","",[1]Sellers!$C$12) | E11: =IF([1]Products_Sell!$A$12="","",[1]Products_Sell!$A$12) | F11: =IF([1]Products_Sell!$B$12="","",[1]Products_Sell!$B$12) | G11: =IF([1]Products_Sell!$C$12="","",[1]Products_Sell!$C$12) | H11: =IF([1]Products_Sell!$D$12="","",[1]Products_Sell!$D$12) | I11: =IF([1]Products_Sell!$E$12="","",[1]Products_Sell!$E$12) | K11: =IF([1]Baskets!$A$12="","",[1]Baskets!$A$12) | L11: =IF([1]Baskets!$B$12="","",[1]Baskets!$B$12) | P11: =COUNTIF($A$6:$A11,"?*") | Q11: =IFERROR(INDEX($A$6:$A$105,MATCH(ROW()-5,$P$6:$P$105,0)),"") | R11: =IF($Q11="","",$Q11&" – "&IF(IFERROR(VLOOKUP($Q11,$A$6:$B$105,2,0),"")="","(بدون عنوان)",VLOOKUP($Q11,$A$6:$B$105,2,0))) | T11: =COUNTIF($E$6:$E11,"?*") | U11: =IFERROR(INDEX($E$6:$E$105,MATCH(ROW()-5,$T$6:$T$105,0)),"") | V11: =IF($U11="","",$U11&" – "&IF(IFERROR(VLOOKUP($U11,$E$6:$F$105,2,0),"")="","(بدون عنوان)",VLOOKUP($U11,$E$6:$F$105,2,0)))
A12: =IF([1]Sellers!$A$13="","",[1]Sellers!$A$13) | B12: =IF([1]Sellers!$B$13="","",[1]Sellers!$B$13) | C12: =IF([1]Sellers!$C$13="","",[1]Sellers!$C$13) | E12: =IF([1]Products_Sell!$A$13="","",[1]Products_Sell!$A$13) | F12: =IF([1]Products_Sell!$B$13="","",[1]Products_Sell!$B$13) | G12: =IF([1]Products_Sell!$C$13="","",[1]Products_Sell!$C$13) | H12: =IF([1]Products_Sell!$D$13="","",[1]Products_Sell!$D$13) | I12: =IF([1]Products_Sell!$E$13="","",[1]Products_Sell!$E$13) | K12: =IF([1]Baskets!$A$13="","",[1]Baskets!$A$13) | L12: =IF([1]Baskets!$B$13="","",[1]Baskets!$B$13) | P12: =COUNTIF($A$6:$A12,"?*") | Q12: =IFERROR(INDEX($A$6:$A$105,MATCH(ROW()-5,$P$6:$P$105,0)),"") | R12: =IF($Q12="","",$Q12&" – "&IF(IFERROR(VLOOKUP($Q12,$A$6:$B$105,2,0),"")="","(بدون عنوان)",VLOOKUP($Q12,$A$6:$B$105,2,0))) | T12: =COUNTIF($E$6:$E12,"?*") | U12: =IFERROR(INDEX($E$6:$E$105,MATCH(ROW()-5,$T$6:$T$105,0)),"") | V12: =IF($U12="","",$U12&" – "&IF(IFERROR(VLOOKUP($U12,$E$6:$F$105,2,0),"")="","(بدون عنوان)",VLOOKUP($U12,$E$6:$F$105,2,0)))
A13: =IF([1]Sellers!$A$14="","",[1]Sellers!$A$14) | B13: =IF([1]Sellers!$B$14="","",[1]Sellers!$B$14) | C13: =IF([1]Sellers!$C$14="","",[1]Sellers!$C$14) | E13: =IF([1]Products_Sell!$A$14="","",[1]Products_Sell!$A$14) | F13: =IF([1]Products_Sell!$B$14="","",[1]Products_Sell!$B$14) | G13: =IF([1]Products_Sell!$C$14="","",[1]Products_Sell!$C$14) | H13: =IF([1]Products_Sell!$D$14="","",[1]Products_Sell!$D$14) | I13: =IF([1]Products_Sell!$E$14="","",[1]Products_Sell!$E$14) | K13: =IF([1]Baskets!$A$14="","",[1]Baskets!$A$14) | L13: =IF([1]Baskets!$B$14="","",[1]Baskets!$B$14) | P13: =COUNTIF($A$6:$A13,"?*") | Q13: =IFERROR(INDEX($A$6:$A$105,MATCH(ROW()-5,$P$6:$P$105,0)),"") | R13: =IF($Q13="","",$Q13&" – "&IF(IFERROR(VLOOKUP($Q13,$A$6:$B$105,2,0),"")="","(بدون عنوان)",VLOOKUP($Q13,$A$6:$B$105,2,0))) | T13: =COUNTIF($E$6:$E13,"?*") | U13: =IFERROR(INDEX($E$6:$E$105,MATCH(ROW()-5,$T$6:$T$105,0)),"") | V13: =IF($U13="","",$U13&" – "&IF(IFERROR(VLOOKUP($U13,$E$6:$F$105,2,0),"")="","(بدون عنوان)",VLOOKUP($U13,$E$6:$F$105,2,0)))
A14: =IF([1]Sellers!$A$15="","",[1]Sellers!$A$15) | B14: =IF([1]Sellers!$B$15="","",[1]Sellers!$B$15) | C14: =IF([1]Sellers!$C$15="","",[1]Sellers!$C$15) | E14: =IF([1]Products_Sell!$A$15="","",[1]Products_Sell!$A$15) | F14: =IF([1]Products_Sell!$B$15="","",[1]Products_Sell!$B$15) | G14: =IF([1]Products_Sell!$C$15="","",[1]Products_Sell!$C$15) | H14: =IF([1]Products_Sell!$D$15="","",[1]Products_Sell!$D$15) | I14: =IF([1]Products_Sell!$E$15="","",[1]Products_Sell!$E$15) | K14: =IF([1]Baskets!$A$15="","",[1]Baskets!$A$15) | L14: =IF([1]Baskets!$B$15="","",[1]Baskets!$B$15) | P14: =COUNTIF($A$6:$A14,"?*") | Q14: =IFERROR(INDEX($A$6:$A$105,MATCH(ROW()-5,$P$6:$P$105,0)),"") | R14: =IF($Q14="","",$Q14&" – "&IF(IFERROR(VLOOKUP($Q14,$A$6:$B$105,2,0),"")="","(بدون عنوان)",VLOOKUP($Q14,$A$6:$B$105,2,0))) | T14: =COUNTIF($E$6:$E14,"?*") | U14: =IFERROR(INDEX($E$6:$E$105,MATCH(ROW()-5,$T$6:$T$105,0)),"") | V14: =IF($U14="","",$U14&" – "&IF(IFERROR(VLOOKUP($U14,$E$6:$F$105,2,0),"")="","(بدون عنوان)",VLOOKUP($U14,$E$6:$F$105,2,0)))
A15: =IF([1]Sellers!$A$16="","",[1]Sellers!$A$16) | B15: =IF([1]Sellers!$B$16="","",[1]Sellers!$B$16) | C15: =IF([1]Sellers!$C$16="","",[1]Sellers!$C$16) | E15: =IF([1]Products_Sell!$A$16="","",[1]Products_Sell!$A$16) | F15: =IF([1]Products_Sell!$B$16="","",[1]Products_Sell!$B$16) | G15: =IF([1]Products_Sell!$C$16="","",[1]Products_Sell!$C$16) | H15: =IF([1]Products_Sell!$D$16="","",[1]Products_Sell!$D$16) | I15: =IF([1]Products_Sell!$E$16="","",[1]Products_Sell!$E$16) | K15: =IF([1]Baskets!$A$16="","",[1]Baskets!$A$16) | L15: =IF([1]Baskets!$B$16="","",[1]Baskets!$B$16) | P15: =COUNTIF($A$6:$A15,"?*") | Q15: =IFERROR(INDEX($A$6:$A$105,MATCH(ROW()-5,$P$6:$P$105,0)),"") | R15: =IF($Q15="","",$Q15&" – "&IF(IFERROR(VLOOKUP($Q15,$A$6:$B$105,2,0),"")="","(بدون عنوان)",VLOOKUP($Q15,$A$6:$B$105,2,0))) | T15: =COUNTIF($E$6:$E15,"?*") | U15: =IFERROR(INDEX($E$6:$E$105,MATCH(ROW()-5,$T$6:$T$105,0)),"") | V15: =IF($U15="","",$U15&" – "&IF(IFERROR(VLOOKUP($U15,$E$6:$F$105,2,0),"")="","(بدون عنوان)",VLOOKUP($U15,$E$6:$F$105,2,0)))
A16: =IF([1]Sellers!$A$17="","",[1]Sellers!$A$17) | B16: =IF([1]Sellers!$B$17="","",[1]Sellers!$B$17) | C16: =IF([1]Sellers!$C$17="","",[1]Sellers!$C$17) | E16: =IF([1]Products_Sell!$A$17="","",[1]Products_Sell!$A$17) | F16: =IF([1]Products_Sell!$B$17="","",[1]Products_Sell!$B$17) | G16: =IF([1]Products_Sell!$C$17="","",[1]Products_Sell!$C$17) | H16: =IF([1]Products_Sell!$D$17="","",[1]Products_Sell!$D$17) | I16: =IF([1]Products_Sell!$E$17="","",[1]Products_Sell!$E$17) | K16: =IF([1]Baskets!$A$17="","",[1]Baskets!$A$17) | L16: =IF([1]Baskets!$B$17="","",[1]Baskets!$B$17) | P16: =COUNTIF($A$6:$A16,"?*") | Q16: =IFERROR(INDEX($A$6:$A$105,MATCH(ROW()-5,$P$6:$P$105,0)),"") | R16: =IF($Q16="","",$Q16&" – "&IF(IFERROR(VLOOKUP($Q16,$A$6:$B$105,2,0),"")="","(بدون عنوان)",VLOOKUP($Q16,$A$6:$B$105,2,0))) | T16: =COUNTIF($E$6:$E16,"?*") | U16: =IFERROR(INDEX($E$6:$E$105,MATCH(ROW()-5,$T$6:$T$105,0)),"") | V16: =IF($U16="","",$U16&" – "&IF(IFERROR(VLOOKUP($U16,$E$6:$F$105,2,0),"")="","(بدون عنوان)",VLOOKUP($U16,$E$6:$F$105,2,0)))
A17: =IF([1]Sellers!$A$18="","",[1]Sellers!$A$18) | B17: =IF([1]Sellers!$B$18="","",[1]Sellers!$B$18) | C17: =IF([1]Sellers!$C$18="","",[1]Sellers!$C$18) | E17: =IF([1]Products_Sell!$A$18="","",[1]Products_Sell!$A$18) | F17: =IF([1]Products_Sell!$B$18="","",[1]Products_Sell!$B$18) | G17: =IF([1]Products_Sell!$C$18="","",[1]Products_Sell!$C$18) | H17: =IF([1]Products_Sell!$D$18="","",[1]Products_Sell!$D$18) | I17: =IF([1]Products_Sell!$E$18="","",[1]Products_Sell!$E$18) | K17: =IF([1]Baskets!$A$18="","",[1]Baskets!$A$18) | L17: =IF([1]Baskets!$B$18="","",[1]Baskets!$B$18) | P17: =COUNTIF($A$6:$A17,"?*") | Q17: =IFERROR(INDEX($A$6:$A$105,MATCH(ROW()-5,$P$6:$P$105,0)),"") | R17: =IF($Q17="","",$Q17&" – "&IF(IFERROR(VLOOKUP($Q17,$A$6:$B$105,2,0),"")="","(بدون عنوان)",VLOOKUP($Q17,$A$6:$B$105,2,0))) | T17: =COUNTIF($E$6:$E17,"?*") | U17: =IFERROR(INDEX($E$6:$E$105,MATCH(ROW()-5,$T$6:$T$105,0)),"") | V17: =IF($U17="","",$U17&" – "&IF(IFERROR(VLOOKUP($U17,$E$6:$F$105,2,0),"")="","(بدون عنوان)",VLOOKUP($U17,$E$6:$F$105,2,0)))
A18: =IF([1]Sellers!$A$19="","",[1]Sellers!$A$19) | B18: =IF([1]Sellers!$B$19="","",[1]Sellers!$B$19) | C18: =IF([1]Sellers!$C$19="","",[1]Sellers!$C$19) | E18: =IF([1]Products_Sell!$A$19="","",[1]Products_Sell!$A$19) | F18: =IF([1]Products_Sell!$B$19="","",[1]Products_Sell!$B$19) | G18: =IF([1]Products_Sell!$C$19="","",[1]Products_Sell!$C$19) | H18: =IF([1]Products_Sell!$D$19="","",[1]Products_Sell!$D$19) | I18: =IF([1]Products_Sell!$E$19="","",[1]Products_Sell!$E$19) | K18: =IF([1]Baskets!$A$19="","",[1]Baskets!$A$19) | L18: =IF([1]Baskets!$B$19="","",[1]Baskets!$B$19) | P18: =COUNTIF($A$6:$A18,"?*") | Q18: =IFERROR(INDEX($A$6:$A$105,MATCH(ROW()-5,$P$6:$P$105,0)),"") | R18: =IF($Q18="","",$Q18&" – "&IF(IFERROR(VLOOKUP($Q18,$A$6:$B$105,2,0),"")="","(بدون عنوان)",VLOOKUP($Q18,$A$6:$B$105,2,0))) | T18: =COUNTIF($E$6:$E18,"?*") | U18: =IFERROR(INDEX($E$6:$E$105,MATCH(ROW()-5,$T$6:$T$105,0)),"") | V18: =IF($U18="","",$U18&" – "&IF(IFERROR(VLOOKUP($U18,$E$6:$F$105,2,0),"")="","(بدون عنوان)",VLOOKUP($U18,$E$6:$F$105,2,0)))
A19: =IF([1]Sellers!$A$20="","",[1]Sellers!$A$20) | B19: =IF([1]Sellers!$B$20="","",[1]Sellers!$B$20) | C19: =IF([1]Sellers!$C$20="","",[1]Sellers!$C$20) | E19: =IF([1]Products_Sell!$A$20="","",[1]Products_Sell!$A$20) | F19: =IF([1]Products_Sell!$B$20="","",[1]Products_Sell!$B$20) | G19: =IF([1]Products_Sell!$C$20="","",[1]Products_Sell!$C$20) | H19: =IF([1]Products_Sell!$D$20="","",[1]Products_Sell!$D$20) | I19: =IF([1]Products_Sell!$E$20="","",[1]Products_Sell!$E$20) | K19: =IF([1]Baskets!$A$20="","",[1]Baskets!$A$20) | L19: =IF([1]Baskets!$B$20="","",[1]Baskets!$B$20) | P19: =COUNTIF($A$6:$A19,"?*") | Q19: =IFERROR(INDEX($A$6:$A$105,MATCH(ROW()-5,$P$6:$P$105,0)),"") | R19: =IF($Q19="","",$Q19&" – "&IF(IFERROR(VLOOKUP($Q19,$A$6:$B$105,2,0),"")="","(بدون عنوان)",VLOOKUP($Q19,$A$6:$B$105,2,0))) | T19: =COUNTIF($E$6:$E19,"?*") | U19: =IFERROR(INDEX($E$6:$E$105,MATCH(ROW()-5,$T$6:$T$105,0)),"") | V19: =IF($U19="","",$U19&" – "&IF(IFERROR(VLOOKUP($U19,$E$6:$F$105,2,0),"")="","(بدون عنوان)",VLOOKUP($U19,$E$6:$F$105,2,0)))
A20: =IF([1]Sellers!$A$21="","",[1]Sellers!$A$21) | B20: =IF([1]Sellers!$B$21="","",[1]Sellers!$B$21) | C20: =IF([1]Sellers!$C$21="","",[1]Sellers!$C$21) | E20: =IF([1]Products_Sell!$A$21="","",[1]Products_Sell!$A$21) | F20: =IF([1]Products_Sell!$B$21="","",[1]Products_Sell!$B$21) | G20: =IF([1]Products_Sell!$C$21="","",[1]Products_Sell!$C$21) | H20: =IF([1]Products_Sell!$D$21="","",[1]Products_Sell!$D$21) | I20: =IF([1]Products_Sell!$E$21="","",[1]Products_Sell!$E$21) | K20: =IF([1]Baskets!$A$21="","",[1]Baskets!$A$21) | L20: =IF([1]Baskets!$B$21="","",[1]Baskets!$B$21) | P20: =COUNTIF($A$6:$A20,"?*") | Q20: =IFERROR(INDEX($A$6:$A$105,MATCH(ROW()-5,$P$6:$P$105,0)),"") | R20: =IF($Q20="","",$Q20&" – "&IF(IFERROR(VLOOKUP($Q20,$A$6:$B$105,2,0),"")="","(بدون عنوان)",VLOOKUP($Q20,$A$6:$B$105,2,0))) | T20: =COUNTIF($E$6:$E20,"?*") | U20: =IFERROR(INDEX($E$6:$E$105,MATCH(ROW()-5,$T$6:$T$105,0)),"") | V20: =IF($U20="","",$U20&" – "&IF(IFERROR(VLOOKUP($U20,$E$6:$F$105,2,0),"")="","(بدون عنوان)",VLOOKUP($U20,$E$6:$F$105,2,0)))
A21: =IF([1]Sellers!$A$22="","",[1]Sellers!$A$22) | B21: =IF([1]Sellers!$B$22="","",[1]Sellers!$B$22) | C21: =IF([1]Sellers!$C$22="","",[1]Sellers!$C$22) | E21: =IF([1]Products_Sell!$A$22="","",[1]Products_Sell!$A$22) | F21: =IF([1]Products_Sell!$B$22="","",[1]Products_Sell!$B$22) | G21: =IF([1]Products_Sell!$C$22="","",[1]Products_Sell!$C$22) | H21: =IF([1]Products_Sell!$D$22="","",[1]Products_Sell!$D$22) | I21: =IF([1]Products_Sell!$E$22="","",[1]Products_Sell!$E$22) | K21: =IF([1]Baskets!$A$22="","",[1]Baskets!$A$22) | L21: =IF([1]Baskets!$B$22="","",[1]Baskets!$B$22) | P21: =COUNTIF($A$6:$A21,"?*") | Q21: =IFERROR(INDEX($A$6:$A$105,MATCH(ROW()-5,$P$6:$P$105,0)),"") | R21: =IF($Q21="","",$Q21&" – "&IF(IFERROR(VLOOKUP($Q21,$A$6:$B$105,2,0),"")="","(بدون عنوان)",VLOOKUP($Q21,$A$6:$B$105,2,0))) | T21: =COUNTIF($E$6:$E21,"?*") | U21: =IFERROR(INDEX($E$6:$E$105,MATCH(ROW()-5,$T$6:$T$105,0)),"") | V21: =IF($U21="","",$U21&" – "&IF(IFERROR(VLOOKUP($U21,$E$6:$F$105,2,0),"")="","(بدون عنوان)",VLOOKUP($U21,$E$6:$F$105,2,0)))
A22: =IF([1]Sellers!$A$23="","",[1]Sellers!$A$23) | B22: =IF([1]Sellers!$B$23="","",[1]Sellers!$B$23) | C22: =IF([1]Sellers!$C$23="","",[1]Sellers!$C$23) | E22: =IF([1]Products_Sell!$A$23="","",[1]Products_Sell!$A$23) | F22: =IF([1]Products_Sell!$B$23="","",[1]Products_Sell!$B$23) | G22: =IF([1]Products_Sell!$C$23="","",[1]Products_Sell!$C$23) | H22: =IF([1]Products_Sell!$D$23="","",[1]Products_Sell!$D$23) | I22: =IF([1]Products_Sell!$E$23="","",[1]Products_Sell!$E$23) | K22: =IF([1]Baskets!$A$23="","",[1]Baskets!$A$23) | L22: =IF([1]Baskets!$B$23="","",[1]Baskets!$B$23) | P22: =COUNTIF($A$6:$A22,"?*") | Q22: =IFERROR(INDEX($A$6:$A$105,MATCH(ROW()-5,$P$6:$P$105,0)),"") | R22: =IF($Q22="","",$Q22&" – "&IF(IFERROR(VLOOKUP($Q22,$A$6:$B$105,2,0),"")="","(بدون عنوان)",VLOOKUP($Q22,$A$6:$B$105,2,0))) | T22: =COUNTIF($E$6:$E22,"?*") | U22: =IFERROR(INDEX($E$6:$E$105,MATCH(ROW()-5,$T$6:$T$105,0)),"") | V22: =IF($U22="","",$U22&" – "&IF(IFERROR(VLOOKUP($U22,$E$6:$F$105,2,0),"")="","(بدون عنوان)",VLOOKUP($U22,$E$6:$F$105,2,0)))
A23: =IF([1]Sellers!$A$24="","",[1]Sellers!$A$24) | B23: =IF([1]Sellers!$B$24="","",[1]Sellers!$B$24) | C23: =IF([1]Sellers!$C$24="","",[1]Sellers!$C$24) | E23: =IF([1]Products_Sell!$A$24="","",[1]Products_Sell!$A$24) | F23: =IF([1]Products_Sell!$B$24="","",[1]Products_Sell!$B$24) | G23: =IF([1]Products_Sell!$C$24="","",[1]Products_Sell!$C$24) | H23: =IF([1]Products_Sell!$D$24="","",[1]Products_Sell!$D$24) | I23: =IF([1]Products_Sell!$E$24="","",[1]Products_Sell!$E$24) | K23: =IF([1]Baskets!$A$24="","",[1]Baskets!$A$24) | L23: =IF([1]Baskets!$B$24="","",[1]Baskets!$B$24) | P23: =COUNTIF($A$6:$A23,"?*") | Q23: =IFERROR(INDEX($A$6:$A$105,MATCH(ROW()-5,$P$6:$P$105,0)),"") | R23: =IF($Q23="","",$Q23&" – "&IF(IFERROR(VLOOKUP($Q23,$A$6:$B$105,2,0),"")="","(بدون عنوان)",VLOOKUP($Q23,$A$6:$B$105,2,0))) | T23: =COUNTIF($E$6:$E23,"?*") | U23: =IFERROR(INDEX($E$6:$E$105,MATCH(ROW()-5,$T$6:$T$105,0)),"") | V23: =IF($U23="","",$U23&" – "&IF(IFERROR(VLOOKUP($U23,$E$6:$F$105,2,0),"")="","(بدون عنوان)",VLOOKUP($U23,$E$6:$F$105,2,0)))
A24: =IF([1]Sellers!$A$25="","",[1]Sellers!$A$25) | B24: =IF([1]Sellers!$B$25="","",[1]Sellers!$B$25) | C24: =IF([1]Sellers!$C$25="","",[1]Sellers!$C$25) | E24: =IF([1]Products_Sell!$A$25="","",[1]Products_Sell!$A$25) | F24: =IF([1]Products_Sell!$B$25="","",[1]Products_Sell!$B$25) | G24: =IF([1]Products_Sell!$C$25="","",[1]Products_Sell!$C$25) | H24: =IF([1]Products_Sell!$D$25="","",[1]Products_Sell!$D$25) | I24: =IF([1]Products_Sell!$E$25="","",[1]Products_Sell!$E$25) | K24: =IF([1]Baskets!$A$25="","",[1]Baskets!$A$25) | L24: =IF([1]Baskets!$B$25="","",[1]Baskets!$B$25) | P24: =COUNTIF($A$6:$A24,"?*") | Q24: =IFERROR(INDEX($A$6:$A$105,MATCH(ROW()-5,$P$6:$P$105,0)),"") | R24: =IF($Q24="","",$Q24&" – "&IF(IFERROR(VLOOKUP($Q24,$A$6:$B$105,2,0),"")="","(بدون عنوان)",VLOOKUP($Q24,$A$6:$B$105,2,0))) | T24: =COUNTIF($E$6:$E24,"?*") | U24: =IFERROR(INDEX($E$6:$E$105,MATCH(ROW()-5,$T$6:$T$105,0)),"") | V24: =IF($U24="","",$U24&" – "&IF(IFERROR(VLOOKUP($U24,$E$6:$F$105,2,0),"")="","(بدون عنوان)",VLOOKUP($U24,$E$6:$F$105,2,0)))
A25: =IF([1]Sellers!$A$26="","",[1]Sellers!$A$26) | B25: =IF([1]Sellers!$B$26="","",[1]Sellers!$B$26) | C25: =IF([1]Sellers!$C$26="","",[1]Sellers!$C$26) | E25: =IF([1]Products_Sell!$A$26="","",[1]Products_Sell!$A$26) | F25: =IF([1]Products_Sell!$B$26="","",[1]Products_Sell!$B$26) | G25: =IF([1]Products_Sell!$C$26="","",[1]Products_Sell!$C$26) | H25: =IF([1]Products_Sell!$D$26="","",[1]Products_Sell!$D$26) | I25: =IF([1]Products_Sell!$E$26="","",[1]Products_Sell!$E$26) | K25: =IF([1]Baskets!$A$26="","",[1]Baskets!$A$26) | L25: =IF([1]Baskets!$B$26="","",[1]Baskets!$B$26) | P25: =COUNTIF($A$6:$A25,"?*") | Q25: =IFERROR(INDEX($A$6:$A$105,MATCH(ROW()-5,$P$6:$P$105,0)),"") | R25: =IF($Q25="","",$Q25&" – "&IF(IFERROR(VLOOKUP($Q25,$A$6:$B$105,2,0),"")="","(بدون عنوان)",VLOOKUP($Q25,$A$6:$B$105,2,0))) | T25: =COUNTIF($E$6:$E25,"?*") | U25: =IFERROR(INDEX($E$6:$E$105,MATCH(ROW()-5,$T$6:$T$105,0)),"") | V25: =IF($U25="","",$U25&" – "&IF(IFERROR(VLOOKUP($U25,$E$6:$F$105,2,0),"")="","(بدون عنوان)",VLOOKUP($U25,$E$6:$F$105,2,0)))
A26: =IF([1]Sellers!$A$27="","",[1]Sellers!$A$27) | B26: =IF([1]Sellers!$B$27="","",[1]Sellers!$B$27) | C26: =IF([1]Sellers!$C$27="","",[1]Sellers!$C$27) | E26: =IF([1]Products_Sell!$A$27="","",[1]Products_Sell!$A$27) | F26: =IF([1]Products_Sell!$B$27="","",[1]Products_Sell!$B$27) | G26: =IF([1]Products_Sell!$C$27="","",[1]Products_Sell!$C$27) | H26: =IF([1]Products_Sell!$D$27="","",[1]Products_Sell!$D$27) | I26: =IF([1]Products_Sell!$E$27="","",[1]Products_Sell!$E$27) | K26: =IF([1]Baskets!$A$27="","",[1]Baskets!$A$27) | L26: =IF([1]Baskets!$B$27="","",[1]Baskets!$B$27) | P26: =COUNTIF($A$6:$A26,"?*") | Q26: =IFERROR(INDEX($A$6:$A$105,MATCH(ROW()-5,$P$6:$P$105,0)),"") | R26: =IF($Q26="","",$Q26&" – "&IF(IFERROR(VLOOKUP($Q26,$A$6:$B$105,2,0),"")="","(بدون عنوان)",VLOOKUP($Q26,$A$6:$B$105,2,0))) | T26: =COUNTIF($E$6:$E26,"?*") | U26: =IFERROR(INDEX($E$6:$E$105,MATCH(ROW()-5,$T$6:$T$105,0)),"") | V26: =IF($U26="","",$U26&" – "&IF(IFERROR(VLOOKUP($U26,$E$6:$F$105,2,0),"")="","(بدون عنوان)",VLOOKUP($U26,$E$6:$F$105,2,0)))
A27: =IF([1]Sellers!$A$28="","",[1]Sellers!$A$28) | B27: =IF([1]Sellers!$B$28="","",[1]Sellers!$B$28) | C27: =IF([1]Sellers!$C$28="","",[1]Sellers!$C$28) | E27: =IF([1]Products_Sell!$A$28="","",[1]Products_Sell!$A$28) | F27: =IF([1]Products_Sell!$B$28="","",[1]Products_Sell!$B$28) | G27: =IF([1]Products_Sell!$C$28="","",[1]Products_Sell!$C$28) | H27: =IF([1]Products_Sell!$D$28="","",[1]Products_Sell!$D$28) | I27: =IF([1]Products_Sell!$E$28="","",[1]Products_Sell!$E$28) | K27: =IF([1]Baskets!$A$28="","",[1]Baskets!$A$28) | L27: =IF([1]Baskets!$B$28="","",[1]Baskets!$B$28) | P27: =COUNTIF($A$6:$A27,"?*") | Q27: =IFERROR(INDEX($A$6:$A$105,MATCH(ROW()-5,$P$6:$P$105,0)),"") | R27: =IF($Q27="","",$Q27&" – "&IF(IFERROR(VLOOKUP($Q27,$A$6:$B$105,2,0),"")="","(بدون عنوان)",VLOOKUP($Q27,$A$6:$B$105,2,0))) | T27: =COUNTIF($E$6:$E27,"?*") | U27: =IFERROR(INDEX($E$6:$E$105,MATCH(ROW()-5,$T$6:$T$105,0)),"") | V27: =IF($U27="","",$U27&" – "&IF(IFERROR(VLOOKUP($U27,$E$6:$F$105,2,0),"")="","(بدون عنوان)",VLOOKUP($U27,$E$6:$F$105,2,0)))
A28: =IF([1]Sellers!$A$29="","",[1]Sellers!$A$29) | B28: =IF([1]Sellers!$B$29="","",[1]Sellers!$B$29) | C28: =IF([1]Sellers!$C$29="","",[1]Sellers!$C$29) | E28: =IF([1]Products_Sell!$A$29="","",[1]Products_Sell!$A$29) | F28: =IF([1]Products_Sell!$B$29="","",[1]Products_Sell!$B$29) | G28: =IF([1]Products_Sell!$C$29="","",[1]Products_Sell!$C$29) | H28: =IF([1]Products_Sell!$D$29="","",[1]Products_Sell!$D$29) | I28: =IF([1]Products_Sell!$E$29="","",[1]Products_Sell!$E$29) | K28: =IF([1]Baskets!$A$29="","",[1]Baskets!$A$29) | L28: =IF([1]Baskets!$B$29="","",[1]Baskets!$B$29) | P28: =COUNTIF($A$6:$A28,"?*") | Q28: =IFERROR(INDEX($A$6:$A$105,MATCH(ROW()-5,$P$6:$P$105,0)),"") | R28: =IF($Q28="","",$Q28&" – "&IF(IFERROR(VLOOKUP($Q28,$A$6:$B$105,2,0),"")="","(بدون عنوان)",VLOOKUP($Q28,$A$6:$B$105,2,0))) | T28: =COUNTIF($E$6:$E28,"?*") | U28: =IFERROR(INDEX($E$6:$E$105,MATCH(ROW()-5,$T$6:$T$105,0)),"") | V28: =IF($U28="","",$U28&" – "&IF(IFERROR(VLOOKUP($U28,$E$6:$F$105,2,0),"")="","(بدون عنوان)",VLOOKUP($U28,$E$6:$F$105,2,0)))
A29: =IF([1]Sellers!$A$30="","",[1]Sellers!$A$30) | B29: =IF([1]Sellers!$B$30="","",[1]Sellers!$B$30) | C29: =IF([1]Sellers!$C$30="","",[1]Sellers!$C$30) | E29: =IF([1]Products_Sell!$A$30="","",[1]Products_Sell!$A$30) | F29: =IF([1]Products_Sell!$B$30="","",[1]Products_Sell!$B$30) | G29: =IF([1]Products_Sell!$C$30="","",[1]Products_Sell!$C$30) | H29: =IF([1]Products_Sell!$D$30="","",[1]Products_Sell!$D$30) | I29: =IF([1]Products_Sell!$E$30="","",[1]Products_Sell!$E$30) | K29: =IF([1]Baskets!$A$30="","",[1]Baskets!$A$30) | L29: =IF([1]Baskets!$B$30="","",[1]Baskets!$B$30) | P29: =COUNTIF($A$6:$A29,"?*") | Q29: =IFERROR(INDEX($A$6:$A$105,MATCH(ROW()-5,$P$6:$P$105,0)),"") | R29: =IF($Q29="","",$Q29&" – "&IF(IFERROR(VLOOKUP($Q29,$A$6:$B$105,2,0),"")="","(بدون عنوان)",VLOOKUP($Q29,$A$6:$B$105,2,0))) | T29: =COUNTIF($E$6:$E29,"?*") | U29: =IFERROR(INDEX($E$6:$E$105,MATCH(ROW()-5,$T$6:$T$105,0)),"") | V29: =IF($U29="","",$U29&" – "&IF(IFERROR(VLOOKUP($U29,$E$6:$F$105,2,0),"")="","(بدون عنوان)",VLOOKUP($U29,$E$6:$F$105,2,0)))
A30: =IF([1]Sellers!$A$31="","",[1]Sellers!$A$31) | B30: =IF([1]Sellers!$B$31="","",[1]Sellers!$B$31) | C30: =IF([1]Sellers!$C$31="","",[1]Sellers!$C$31) | E30: =IF([1]Products_Sell!$A$31="","",[1]Products_Sell!$A$31) | F30: =IF([1]Products_Sell!$B$31="","",[1]Products_Sell!$B$31) | G30: =IF([1]Products_Sell!$C$31="","",[1]Products_Sell!$C$31) | H30: =IF([1]Products_Sell!$D$31="","",[1]Products_Sell!$D$31) | I30: =IF([1]Products_Sell!$E$31="","",[1]Products_Sell!$E$31) | K30: =IF([1]Baskets!$A$31="","",[1]Baskets!$A$31) | L30: =IF([1]Baskets!$B$31="","",[1]Baskets!$B$31) | P30: =COUNTIF($A$6:$A30,"?*") | Q30: =IFERROR(INDEX($A$6:$A$105,MATCH(ROW()-5,$P$6:$P$105,0)),"") | R30: =IF($Q30="","",$Q30&" – "&IF(IFERROR(VLOOKUP($Q30,$A$6:$B$105,2,0),"")="","(بدون عنوان)",VLOOKUP($Q30,$A$6:$B$105,2,0))) | T30: =COUNTIF($E$6:$E30,"?*") | U30: =IFERROR(INDEX($E$6:$E$105,MATCH(ROW()-5,$T$6:$T$105,0)),"") | V30: =IF($U30="","",$U30&" – "&IF(IFERROR(VLOOKUP($U30,$E$6:$F$105,2,0),"")="","(بدون عنوان)",VLOOKUP($U30,$E$6:$F$105,2,0)))
A31: =IF([1]Sellers!$A$32="","",[1]Sellers!$A$32) | B31: =IF([1]Sellers!$B$32="","",[1]Sellers!$B$32) | C31: =IF([1]Sellers!$C$32="","",[1]Sellers!$C$32) | E31: =IF([1]Products_Sell!$A$32="","",[1]Products_Sell!$A$32) | F31: =IF([1]Products_Sell!$B$32="","",[1]Products_Sell!$B$32) | G31: =IF([1]Products_Sell!$C$32="","",[1]Products_Sell!$C$32) | H31: =IF([1]Products_Sell!$D$32="","",[1]Products_Sell!$D$32) | I31: =IF([1]Products_Sell!$E$32="","",[1]Products_Sell!$E$32) | K31: =IF([1]Baskets!$A$32="","",[1]Baskets!$A$32) | L31: =IF([1]Baskets!$B$32="","",[1]Baskets!$B$32) | P31: =COUNTIF($A$6:$A31,"?*") | Q31: =IFERROR(INDEX($A$6:$A$105,MATCH(ROW()-5,$P$6:$P$105,0)),"") | R31: =IF($Q31="","",$Q31&" – "&IF(IFERROR(VLOOKUP($Q31,$A$6:$B$105,2,0),"")="","(بدون عنوان)",VLOOKUP($Q31,$A$6:$B$105,2,0))) | T31: =COUNTIF($E$6:$E31,"?*") | U31: =IFERROR(INDEX($E$6:$E$105,MATCH(ROW()-5,$T$6:$T$105,0)),"") | V31: =IF($U31="","",$U31&" – "&IF(IFERROR(VLOOKUP($U31,$E$6:$F$105,2,0),"")="","(بدون عنوان)",VLOOKUP($U31,$E$6:$F$105,2,0)))
A32: =IF([1]Sellers!$A$33="","",[1]Sellers!$A$33) | B32: =IF([1]Sellers!$B$33="","",[1]Sellers!$B$33) | C32: =IF([1]Sellers!$C$33="","",[1]Sellers!$C$33) | E32: =IF([1]Products_Sell!$A$33="","",[1]Products_Sell!$A$33) | F32: =IF([1]Products_Sell!$B$33="","",[1]Products_Sell!$B$33) | G32: =IF([1]Products_Sell!$C$33="","",[1]Products_Sell!$C$33) | H32: =IF([1]Products_Sell!$D$33="","",[1]Products_Sell!$D$33) | I32: =IF([1]Products_Sell!$E$33="","",[1]Products_Sell!$E$33) | K32: =IF([1]Baskets!$A$33="","",[1]Baskets!$A$33) | L32: =IF([1]Baskets!$B$33="","",[1]Baskets!$B$33) | P32: =COUNTIF($A$6:$A32,"?*") | Q32: =IFERROR(INDEX($A$6:$A$105,MATCH(ROW()-5,$P$6:$P$105,0)),"") | R32: =IF($Q32="","",$Q32&" – "&IF(IFERROR(VLOOKUP($Q32,$A$6:$B$105,2,0),"")="","(بدون عنوان)",VLOOKUP($Q32,$A$6:$B$105,2,0))) | T32: =COUNTIF($E$6:$E32,"?*") | U32: =IFERROR(INDEX($E$6:$E$105,MATCH(ROW()-5,$T$6:$T$105,0)),"") | V32: =IF($U32="","",$U32&" – "&IF(IFERROR(VLOOKUP($U32,$E$6:$F$105,2,0),"")="","(بدون عنوان)",VLOOKUP($U32,$E$6:$F$105,2,0)))
A33: =IF([1]Sellers!$A$34="","",[1]Sellers!$A$34) | B33: =IF([1]Sellers!$B$34="","",[1]Sellers!$B$34) | C33: =IF([1]Sellers!$C$34="","",[1]Sellers!$C$34) | E33: =IF([1]Products_Sell!$A$34="","",[1]Products_Sell!$A$34) | F33: =IF([1]Products_Sell!$B$34="","",[1]Products_Sell!$B$34) | G33: =IF([1]Products_Sell!$C$34="","",[1]Products_Sell!$C$34) | H33: =IF([1]Products_Sell!$D$34="","",[1]Products_Sell!$D$34) | I33: =IF([1]Products_Sell!$E$34="","",[1]Products_Sell!$E$34) | K33: =IF([1]Baskets!$A$34="","",[1]Baskets!$A$34) | L33: =IF([1]Baskets!$B$34="","",[1]Baskets!$B$34) | P33: =COUNTIF($A$6:$A33,"?*") | Q33: =IFERROR(INDEX($A$6:$A$105,MATCH(ROW()-5,$P$6:$P$105,0)),"") | R33: =IF($Q33="","",$Q33&" – "&IF(IFERROR(VLOOKUP($Q33,$A$6:$B$105,2,0),"")="","(بدون عنوان)",VLOOKUP($Q33,$A$6:$B$105,2,0))) | T33: =COUNTIF($E$6:$E33,"?*") | U33: =IFERROR(INDEX($E$6:$E$105,MATCH(ROW()-5,$T$6:$T$105,0)),"") | V33: =IF($U33="","",$U33&" – "&IF(IFERROR(VLOOKUP($U33,$E$6:$F$105,2,0),"")="","(بدون عنوان)",VLOOKUP($U33,$E$6:$F$105,2,0)))
A34: =IF([1]Sellers!$A$35="","",[1]Sellers!$A$35) | B34: =IF([1]Sellers!$B$35="","",[1]Sellers!$B$35) | C34: =IF([1]Sellers!$C$35="","",[1]Sellers!$C$35) | E34: =IF([1]Products_Sell!$A$35="","",[1]Products_Sell!$A$35) | F34: =IF([1]Products_Sell!$B$35="","",[1]Products_Sell!$B$35) | G34: =IF([1]Products_Sell!$C$35="","",[1]Products_Sell!$C$35) | H34: =IF([1]Products_Sell!$D$35="","",[1]Products_Sell!$D$35) | I34: =IF([1]Products_Sell!$E$35="","",[1]Products_Sell!$E$35) | K34: =IF([1]Baskets!$A$35="","",[1]Baskets!$A$35) | L34: =IF([1]Baskets!$B$35="","",[1]Baskets!$B$35) | P34: =COUNTIF($A$6:$A34,"?*") | Q34: =IFERROR(INDEX($A$6:$A$105,MATCH(ROW()-5,$P$6:$P$105,0)),"") | R34: =IF($Q34="","",$Q34&" – "&IF(IFERROR(VLOOKUP($Q34,$A$6:$B$105,2,0),"")="","(بدون عنوان)",VLOOKUP($Q34,$A$6:$B$105,2,0))) | T34: =COUNTIF($E$6:$E34,"?*") | U34: =IFERROR(INDEX($E$6:$E$105,MATCH(ROW()-5,$T$6:$T$105,0)),"") | V34: =IF($U34="","",$U34&" – "&IF(IFERROR(VLOOKUP($U34,$E$6:$F$105,2,0),"")="","(بدون عنوان)",VLOOKUP($U34,$E$6:$F$105,2,0)))
A35: =IF([1]Sellers!$A$36="","",[1]Sellers!$A$36) | B35: =IF([1]Sellers!$B$36="","",[1]Sellers!$B$36) | C35: =IF([1]Sellers!$C$36="","",[1]Sellers!$C$36) | E35: =IF([1]Products_Sell!$A$36="","",[1]Products_Sell!$A$36) | F35: =IF([1]Products_Sell!$B$36="","",[1]Products_Sell!$B$36) | G35: =IF([1]Products_Sell!$C$36="","",[1]Products_Sell!$C$36) | H35: =IF([1]Products_Sell!$D$36="","",[1]Products_Sell!$D$36) | I35: =IF([1]Products_Sell!$E$36="","",[1]Products_Sell!$E$36) | K35: =IF([1]Baskets!$A$36="","",[1]Baskets!$A$36) | L35: =IF([1]Baskets!$B$36="","",[1]Baskets!$B$36) | P35: =COUNTIF($A$6:$A35,"?*") | Q35: =IFERROR(INDEX($A$6:$A$105,MATCH(ROW()-5,$P$6:$P$105,0)),"") | R35: =IF($Q35="","",$Q35&" – "&IF(IFERROR(VLOOKUP($Q35,$A$6:$B$105,2,0),"")="","(بدون عنوان)",VLOOKUP($Q35,$A$6:$B$105,2,0))) | T35: =COUNTIF($E$6:$E35,"?*") | U35: =IFERROR(INDEX($E$6:$E$105,MATCH(ROW()-5,$T$6:$T$105,0)),"") | V35: =IF($U35="","",$U35&" – "&IF(IFERROR(VLOOKUP($U35,$E$6:$F$105,2,0),"")="","(بدون عنوان)",VLOOKUP($U35,$E$6:$F$105,2,0)))
A36: =IF([1]Sellers!$A$37="","",[1]Sellers!$A$37) | B36: =IF([1]Sellers!$B$37="","",[1]Sellers!$B$37) | C36: =IF([1]Sellers!$C$37="","",[1]Sellers!$C$37) | E36: =IF([1]Products_Sell!$A$37="","",[1]Products_Sell!$A$37) | F36: =IF([1]Products_Sell!$B$37="","",[1]Products_Sell!$B$37) | G36: =IF([1]Products_Sell!$C$37="","",[1]Products_Sell!$C$37) | H36: =IF([1]Products_Sell!$D$37="","",[1]Products_Sell!$D$37) | I36: =IF([1]Products_Sell!$E$37="","",[1]Products_Sell!$E$37) | P36: =COUNTIF($A$6:$A36,"?*") | Q36: =IFERROR(INDEX($A$6:$A$105,MATCH(ROW()-5,$P$6:$P$105,0)),"") | R36: =IF($Q36="","",$Q36&" – "&IF(IFERROR(VLOOKUP($Q36,$A$6:$B$105,2,0),"")="","(بدون عنوان)",VLOOKUP($Q36,$A$6:$B$105,2,0))) | T36: =COUNTIF($E$6:$E36,"?*") | U36: =IFERROR(INDEX($E$6:$E$105,MATCH(ROW()-5,$T$6:$T$105,0)),"") | V36: =IF($U36="","",$U36&" – "&IF(IFERROR(VLOOKUP($U36,$E$6:$F$105,2,0),"")="","(بدون عنوان)",VLOOKUP($U36,$E$6:$F$105,2,0)))
A37: =IF([1]Sellers!$A$38="","",[1]Sellers!$A$38) | B37: =IF([1]Sellers!$B$38="","",[1]Sellers!$B$38) | C37: =IF([1]Sellers!$C$38="","",[1]Sellers!$C$38) | E37: =IF([1]Products_Sell!$A$38="","",[1]Products_Sell!$A$38) | F37: =IF([1]Products_Sell!$B$38="","",[1]Products_Sell!$B$38) | G37: =IF([1]Products_Sell!$C$38="","",[1]Products_Sell!$C$38) | H37: =IF([1]Products_Sell!$D$38="","",[1]Products_Sell!$D$38) | I37: =IF([1]Products_Sell!$E$38="","",[1]Products_Sell!$E$38) | P37: =COUNTIF($A$6:$A37,"?*") | Q37: =IFERROR(INDEX($A$6:$A$105,MATCH(ROW()-5,$P$6:$P$105,0)),"") | R37: =IF($Q37="","",$Q37&" – "&IF(IFERROR(VLOOKUP($Q37,$A$6:$B$105,2,0),"")="","(بدون عنوان)",VLOOKUP($Q37,$A$6:$B$105,2,0))) | T37: =COUNTIF($E$6:$E37,"?*") | U37: =IFERROR(INDEX($E$6:$E$105,MATCH(ROW()-5,$T$6:$T$105,0)),"") | V37: =IF($U37="","",$U37&" – "&IF(IFERROR(VLOOKUP($U37,$E$6:$F$105,2,0),"")="","(بدون عنوان)",VLOOKUP($U37,$E$6:$F$105,2,0)))
A38: =IF([1]Sellers!$A$39="","",[1]Sellers!$A$39) | B38: =IF([1]Sellers!$B$39="","",[1]Sellers!$B$39) | C38: =IF([1]Sellers!$C$39="","",[1]Sellers!$C$39) | E38: =IF([1]Products_Sell!$A$39="","",[1]Products_Sell!$A$39) | F38: =IF([1]Products_Sell!$B$39="","",[1]Products_Sell!$B$39) | G38: =IF([1]Products_Sell!$C$39="","",[1]Products_Sell!$C$39) | H38: =IF([1]Products_Sell!$D$39="","",[1]Products_Sell!$D$39) | I38: =IF([1]Products_Sell!$E$39="","",[1]Products_Sell!$E$39) | P38: =COUNTIF($A$6:$A38,"?*") | Q38: =IFERROR(INDEX($A$6:$A$105,MATCH(ROW()-5,$P$6:$P$105,0)),"") | R38: =IF($Q38="","",$Q38&" – "&IF(IFERROR(VLOOKUP($Q38,$A$6:$B$105,2,0),"")="","(بدون عنوان)",VLOOKUP($Q38,$A$6:$B$105,2,0))) | T38: =COUNTIF($E$6:$E38,"?*") | U38: =IFERROR(INDEX($E$6:$E$105,MATCH(ROW()-5,$T$6:$T$105,0)),"") | V38: =IF($U38="","",$U38&" – "&IF(IFERROR(VLOOKUP($U38,$E$6:$F$105,2,0),"")="","(بدون عنوان)",VLOOKUP($U38,$E$6:$F$105,2,0)))
A39: =IF([1]Sellers!$A$40="","",[1]Sellers!$A$40) | B39: =IF([1]Sellers!$B$40="","",[1]Sellers!$B$40) | C39: =IF([1]Sellers!$C$40="","",[1]Sellers!$C$40) | E39: =IF([1]Products_Sell!$A$40="","",[1]Products_Sell!$A$40) | F39: =IF([1]Products_Sell!$B$40="","",[1]Products_Sell!$B$40) | G39: =IF([1]Products_Sell!$C$40="","",[1]Products_Sell!$C$40) | H39: =IF([1]Products_Sell!$D$40="","",[1]Products_Sell!$D$40) | I39: =IF([1]Products_Sell!$E$40="","",[1]Products_Sell!$E$40) | P39: =COUNTIF($A$6:$A39,"?*") | Q39: =IFERROR(INDEX($A$6:$A$105,MATCH(ROW()-5,$P$6:$P$105,0)),"") | R39: =IF($Q39="","",$Q39&" – "&IF(IFERROR(VLOOKUP($Q39,$A$6:$B$105,2,0),"")="","(بدون عنوان)",VLOOKUP($Q39,$A$6:$B$105,2,0))) | T39: =COUNTIF($E$6:$E39,"?*") | U39: =IFERROR(INDEX($E$6:$E$105,MATCH(ROW()-5,$T$6:$T$105,0)),"") | V39: =IF($U39="","",$U39&" – "&IF(IFERROR(VLOOKUP($U39,$E$6:$F$105,2,0),"")="","(بدون عنوان)",VLOOKUP($U39,$E$6:$F$105,2,0)))
A40: =IF([1]Sellers!$A$41="","",[1]Sellers!$A$41) | B40: =IF([1]Sellers!$B$41="","",[1]Sellers!$B$41) | C40: =IF([1]Sellers!$C$41="","",[1]Sellers!$C$41) | E40: =IF([1]Products_Sell!$A$41="","",[1]Products_Sell!$A$41) | F40: =IF([1]Products_Sell!$B$41="","",[1]Products_Sell!$B$41) | G40: =IF([1]Products_Sell!$C$41="","",[1]Products_Sell!$C$41) | H40: =IF([1]Products_Sell!$D$41="","",[1]Products_Sell!$D$41) | I40: =IF([1]Products_Sell!$E$41="","",[1]Products_Sell!$E$41) | P40: =COUNTIF($A$6:$A40,"?*") | Q40: =IFERROR(INDEX($A$6:$A$105,MATCH(ROW()-5,$P$6:$P$105,0)),"") | R40: =IF($Q40="","",$Q40&" – "&IF(IFERROR(VLOOKUP($Q40,$A$6:$B$105,2,0),"")="","(بدون عنوان)",VLOOKUP($Q40,$A$6:$B$105,2,0))) | T40: =COUNTIF($E$6:$E40,"?*") | U40: =IFERROR(INDEX($E$6:$E$105,MATCH(ROW()-5,$T$6:$T$105,0)),"") | V40: =IF($U40="","",$U40&" – "&IF(IFERROR(VLOOKUP($U40,$E$6:$F$105,2,0),"")="","(بدون عنوان)",VLOOKUP($U40,$E$6:$F$105,2,0)))
A41: =IF([1]Sellers!$A$42="","",[1]Sellers!$A$42) | B41: =IF([1]Sellers!$B$42="","",[1]Sellers!$B$42) | C41: =IF([1]Sellers!$C$42="","",[1]Sellers!$C$42) | E41: =IF([1]Products_Sell!$A$42="","",[1]Products_Sell!$A$42) | F41: =IF([1]Products_Sell!$B$42="","",[1]Products_Sell!$B$42) | G41: =IF([1]Products_Sell!$C$42="","",[1]Products_Sell!$C$42) | H41: =IF([1]Products_Sell!$D$42="","",[1]Products_Sell!$D$42) | I41: =IF([1]Products_Sell!$E$42="","",[1]Products_Sell!$E$42) | P41: =COUNTIF($A$6:$A41,"?*") | Q41: =IFERROR(INDEX($A$6:$A$105,MATCH(ROW()-5,$P$6:$P$105,0)),"") | R41: =IF($Q41="","",$Q41&" – "&IF(IFERROR(VLOOKUP($Q41,$A$6:$B$105,2,0),"")="","(بدون عنوان)",VLOOKUP($Q41,$A$6:$B$105,2,0))) | T41: =COUNTIF($E$6:$E41,"?*") | U41: =IFERROR(INDEX($E$6:$E$105,MATCH(ROW()-5,$T$6:$T$105,0)),"") | V41: =IF($U41="","",$U41&" – "&IF(IFERROR(VLOOKUP($U41,$E$6:$F$105,2,0),"")="","(بدون عنوان)",VLOOKUP($U41,$E$6:$F$105,2,0)))
A42: =IF([1]Sellers!$A$43="","",[1]Sellers!$A$43) | B42: =IF([1]Sellers!$B$43="","",[1]Sellers!$B$43) | C42: =IF([1]Sellers!$C$43="","",[1]Sellers!$C$43) | E42: =IF([1]Products_Sell!$A$43="","",[1]Products_Sell!$A$43) | F42: =IF([1]Products_Sell!$B$43="","",[1]Products_Sell!$B$43) | G42: =IF([1]Products_Sell!$C$43="","",[1]Products_Sell!$C$43) | H42: =IF([1]Products_Sell!$D$43="","",[1]Products_Sell!$D$43) | I42: =IF([1]Products_Sell!$E$43="","",[1]Products_Sell!$E$43) | P42: =COUNTIF($A$6:$A42,"?*") | Q42: =IFERROR(INDEX($A$6:$A$105,MATCH(ROW()-5,$P$6:$P$105,0)),"") | R42: =IF($Q42="","",$Q42&" – "&IF(IFERROR(VLOOKUP($Q42,$A$6:$B$105,2,0),"")="","(بدون عنوان)",VLOOKUP($Q42,$A$6:$B$105,2,0))) | T42: =COUNTIF($E$6:$E42,"?*") | U42: =IFERROR(INDEX($E$6:$E$105,MATCH(ROW()-5,$T$6:$T$105,0)),"") | V42: =IF($U42="","",$U42&" – "&IF(IFERROR(VLOOKUP($U42,$E$6:$F$105,2,0),"")="","(بدون عنوان)",VLOOKUP($U42,$E$6:$F$105,2,0)))
A43: =IF([1]Sellers!$A$44="","",[1]Sellers!$A$44) | B43: =IF([1]Sellers!$B$44="","",[1]Sellers!$B$44) | C43: =IF([1]Sellers!$C$44="","",[1]Sellers!$C$44) | E43: =IF([1]Products_Sell!$A$44="","",[1]Products_Sell!$A$44) | F43: =IF([1]Products_Sell!$B$44="","",[1]Products_Sell!$B$44) | G43: =IF([1]Products_Sell!$C$44="","",[1]Products_Sell!$C$44) | H43: =IF([1]Products_Sell!$D$44="","",[1]Products_Sell!$D$44) | I43: =IF([1]Products_Sell!$E$44="","",[1]Products_Sell!$E$44) | P43: =COUNTIF($A$6:$A43,"?*") | Q43: =IFERROR(INDEX($A$6:$A$105,MATCH(ROW()-5,$P$6:$P$105,0)),"") | R43: =IF($Q43="","",$Q43&" – "&IF(IFERROR(VLOOKUP($Q43,$A$6:$B$105,2,0),"")="","(بدون عنوان)",VLOOKUP($Q43,$A$6:$B$105,2,0))) | T43: =COUNTIF($E$6:$E43,"?*") | U43: =IFERROR(INDEX($E$6:$E$105,MATCH(ROW()-5,$T$6:$T$105,0)),"") | V43: =IF($U43="","",$U43&" – "&IF(IFERROR(VLOOKUP($U43,$E$6:$F$105,2,0),"")="","(بدون عنوان)",VLOOKUP($U43,$E$6:$F$105,2,0)))
A44: =IF([1]Sellers!$A$45="","",[1]Sellers!$A$45) | B44: =IF([1]Sellers!$B$45="","",[1]Sellers!$B$45) | C44: =IF([1]Sellers!$C$45="","",[1]Sellers!$C$45) | E44: =IF([1]Products_Sell!$A$45="","",[1]Products_Sell!$A$45) | F44: =IF([1]Products_Sell!$B$45="","",[1]Products_Sell!$B$45) | G44: =IF([1]Products_Sell!$C$45="","",[1]Products_Sell!$C$45) | H44: =IF([1]Products_Sell!$D$45="","",[1]Products_Sell!$D$45) | I44: =IF([1]Products_Sell!$E$45="","",[1]Products_Sell!$E$45) | P44: =COUNTIF($A$6:$A44,"?*") | Q44: =IFERROR(INDEX($A$6:$A$105,MATCH(ROW()-5,$P$6:$P$105,0)),"") | R44: =IF($Q44="","",$Q44&" – "&IF(IFERROR(VLOOKUP($Q44,$A$6:$B$105,2,0),"")="","(بدون عنوان)",VLOOKUP($Q44,$A$6:$B$105,2,0))) | T44: =COUNTIF($E$6:$E44,"?*") | U44: =IFERROR(INDEX($E$6:$E$105,MATCH(ROW()-5,$T$6:$T$105,0)),"") | V44: =IF($U44="","",$U44&" – "&IF(IFERROR(VLOOKUP($U44,$E$6:$F$105,2,0),"")="","(بدون عنوان)",VLOOKUP($U44,$E$6:$F$105,2,0)))
A45: =IF([1]Sellers!$A$46="","",[1]Sellers!$A$46) | B45: =IF([1]Sellers!$B$46="","",[1]Sellers!$B$46) | C45: =IF([1]Sellers!$C$46="","",[1]Sellers!$C$46) | E45: =IF([1]Products_Sell!$A$46="","",[1]Products_Sell!$A$46) | F45: =IF([1]Products_Sell!$B$46="","",[1]Products_Sell!$B$46) | G45: =IF([1]Products_Sell!$C$46="","",[1]Products_Sell!$C$46) | H45: =IF([1]Products_Sell!$D$46="","",[1]Products_Sell!$D$46) | I45: =IF([1]Products_Sell!$E$46="","",[1]Products_Sell!$E$46) | P45: =COUNTIF($A$6:$A45,"?*") | Q45: =IFERROR(INDEX($A$6:$A$105,MATCH(ROW()-5,$P$6:$P$105,0)),"") | R45: =IF($Q45="","",$Q45&" – "&IF(IFERROR(VLOOKUP($Q45,$A$6:$B$105,2,0),"")="","(بدون عنوان)",VLOOKUP($Q45,$A$6:$B$105,2,0))) | T45: =COUNTIF($E$6:$E45,"?*") | U45: =IFERROR(INDEX($E$6:$E$105,MATCH(ROW()-5,$T$6:$T$105,0)),"") | V45: =IF($U45="","",$U45&" – "&IF(IFERROR(VLOOKUP($U45,$E$6:$F$105,2,0),"")="","(بدون عنوان)",VLOOKUP($U45,$E$6:$F$105,2,0)))
A46: =IF([1]Sellers!$A$47="","",[1]Sellers!$A$47) | B46: =IF([1]Sellers!$B$47="","",[1]Sellers!$B$47) | C46: =IF([1]Sellers!$C$47="","",[1]Sellers!$C$47) | E46: =IF([1]Products_Sell!$A$47="","",[1]Products_Sell!$A$47) | F46: =IF([1]Products_Sell!$B$47="","",[1]Products_Sell!$B$47) | G46: =IF([1]Products_Sell!$C$47="","",[1]Products_Sell!$C$47) | H46: =IF([1]Products_Sell!$D$47="","",[1]Products_Sell!$D$47) | I46: =IF([1]Products_Sell!$E$47="","",[1]Products_Sell!$E$47) | P46: =COUNTIF($A$6:$A46,"?*") | Q46: =IFERROR(INDEX($A$6:$A$105,MATCH(ROW()-5,$P$6:$P$105,0)),"") | R46: =IF($Q46="","",$Q46&" – "&IF(IFERROR(VLOOKUP($Q46,$A$6:$B$105,2,0),"")="","(بدون عنوان)",VLOOKUP($Q46,$A$6:$B$105,2,0))) | T46: =COUNTIF($E$6:$E46,"?*") | U46: =IFERROR(INDEX($E$6:$E$105,MATCH(ROW()-5,$T$6:$T$105,0)),"") | V46: =IF($U46="","",$U46&" – "&IF(IFERROR(VLOOKUP($U46,$E$6:$F$105,2,0),"")="","(بدون عنوان)",VLOOKUP($U46,$E$6:$F$105,2,0)))
A47: =IF([1]Sellers!$A$48="","",[1]Sellers!$A$48) | B47: =IF([1]Sellers!$B$48="","",[1]Sellers!$B$48) | C47: =IF([1]Sellers!$C$48="","",[1]Sellers!$C$48) | E47: =IF([1]Products_Sell!$A$48="","",[1]Products_Sell!$A$48) | F47: =IF([1]Products_Sell!$B$48="","",[1]Products_Sell!$B$48) | G47: =IF([1]Products_Sell!$C$48="","",[1]Products_Sell!$C$48) | H47: =IF([1]Products_Sell!$D$48="","",[1]Products_Sell!$D$48) | I47: =IF([1]Products_Sell!$E$48="","",[1]Products_Sell!$E$48) | P47: =COUNTIF($A$6:$A47,"?*") | Q47: =IFERROR(INDEX($A$6:$A$105,MATCH(ROW()-5,$P$6:$P$105,0)),"") | R47: =IF($Q47="","",$Q47&" – "&IF(IFERROR(VLOOKUP($Q47,$A$6:$B$105,2,0),"")="","(بدون عنوان)",VLOOKUP($Q47,$A$6:$B$105,2,0))) | T47: =COUNTIF($E$6:$E47,"?*") | U47: =IFERROR(INDEX($E$6:$E$105,MATCH(ROW()-5,$T$6:$T$105,0)),"") | V47: =IF($U47="","",$U47&" – "&IF(IFERROR(VLOOKUP($U47,$E$6:$F$105,2,0),"")="","(بدون عنوان)",VLOOKUP($U47,$E$6:$F$105,2,0)))
A48: =IF([1]Sellers!$A$49="","",[1]Sellers!$A$49) | B48: =IF([1]Sellers!$B$49="","",[1]Sellers!$B$49) | C48: =IF([1]Sellers!$C$49="","",[1]Sellers!$C$49) | E48: =IF([1]Products_Sell!$A$49="","",[1]Products_Sell!$A$49) | F48: =IF([1]Products_Sell!$B$49="","",[1]Products_Sell!$B$49) | G48: =IF([1]Products_Sell!$C$49="","",[1]Products_Sell!$C$49) | H48: =IF([1]Products_Sell!$D$49="","",[1]Products_Sell!$D$49) | I48: =IF([1]Products_Sell!$E$49="","",[1]Products_Sell!$E$49) | P48: =COUNTIF($A$6:$A48,"?*") | Q48: =IFERROR(INDEX($A$6:$A$105,MATCH(ROW()-5,$P$6:$P$105,0)),"") | R48: =IF($Q48="","",$Q48&" – "&IF(IFERROR(VLOOKUP($Q48,$A$6:$B$105,2,0),"")="","(بدون عنوان)",VLOOKUP($Q48,$A$6:$B$105,2,0))) | T48: =COUNTIF($E$6:$E48,"?*") | U48: =IFERROR(INDEX($E$6:$E$105,MATCH(ROW()-5,$T$6:$T$105,0)),"") | V48: =IF($U48="","",$U48&" – "&IF(IFERROR(VLOOKUP($U48,$E$6:$F$105,2,0),"")="","(بدون عنوان)",VLOOKUP($U48,$E$6:$F$105,2,0)))
A49: =IF([1]Sellers!$A$50="","",[1]Sellers!$A$50) | B49: =IF([1]Sellers!$B$50="","",[1]Sellers!$B$50) | C49: =IF([1]Sellers!$C$50="","",[1]Sellers!$C$50) | E49: =IF([1]Products_Sell!$A$50="","",[1]Products_Sell!$A$50) | F49: =IF([1]Products_Sell!$B$50="","",[1]Products_Sell!$B$50) | G49: =IF([1]Products_Sell!$C$50="","",[1]Products_Sell!$C$50) | H49: =IF([1]Products_Sell!$D$50="","",[1]Products_Sell!$D$50) | I49: =IF([1]Products_Sell!$E$50="","",[1]Products_Sell!$E$50) | P49: =COUNTIF($A$6:$A49,"?*") | Q49: =IFERROR(INDEX($A$6:$A$105,MATCH(ROW()-5,$P$6:$P$105,0)),"") | R49: =IF($Q49="","",$Q49&" – "&IF(IFERROR(VLOOKUP($Q49,$A$6:$B$105,2,0),"")="","(بدون عنوان)",VLOOKUP($Q49,$A$6:$B$105,2,0))) | T49: =COUNTIF($E$6:$E49,"?*") | U49: =IFERROR(INDEX($E$6:$E$105,MATCH(ROW()-5,$T$6:$T$105,0)),"") | V49: =IF($U49="","",$U49&" – "&IF(IFERROR(VLOOKUP($U49,$E$6:$F$105,2,0),"")="","(بدون عنوان)",VLOOKUP($U49,$E$6:$F$105,2,0)))
A50: =IF([1]Sellers!$A$51="","",[1]Sellers!$A$51) | B50: =IF([1]Sellers!$B$51="","",[1]Sellers!$B$51) | C50: =IF([1]Sellers!$C$51="","",[1]Sellers!$C$51) | E50: =IF([1]Products_Sell!$A$51="","",[1]Products_Sell!$A$51) | F50: =IF([1]Products_Sell!$B$51="","",[1]Products_Sell!$B$51) | G50: =IF([1]Products_Sell!$C$51="","",[1]Products_Sell!$C$51) | H50: =IF([1]Products_Sell!$D$51="","",[1]Products_Sell!$D$51) | I50: =IF([1]Products_Sell!$E$51="","",[1]Products_Sell!$E$51) | P50: =COUNTIF($A$6:$A50,"?*") | Q50: =IFERROR(INDEX($A$6:$A$105,MATCH(ROW()-5,$P$6:$P$105,0)),"") | R50: =IF($Q50="","",$Q50&" – "&IF(IFERROR(VLOOKUP($Q50,$A$6:$B$105,2,0),"")="","(بدون عنوان)",VLOOKUP($Q50,$A$6:$B$105,2,0))) | T50: =COUNTIF($E$6:$E50,"?*") | U50: =IFERROR(INDEX($E$6:$E$105,MATCH(ROW()-5,$T$6:$T$105,0)),"") | V50: =IF($U50="","",$U50&" – "&IF(IFERROR(VLOOKUP($U50,$E$6:$F$105,2,0),"")="","(بدون عنوان)",VLOOKUP($U50,$E$6:$F$105,2,0)))
A51: =IF([1]Sellers!$A$52="","",[1]Sellers!$A$52) | B51: =IF([1]Sellers!$B$52="","",[1]Sellers!$B$52) | C51: =IF([1]Sellers!$C$52="","",[1]Sellers!$C$52) | E51: =IF([1]Products_Sell!$A$52="","",[1]Products_Sell!$A$52) | F51: =IF([1]Products_Sell!$B$52="","",[1]Products_Sell!$B$52) | G51: =IF([1]Products_Sell!$C$52="","",[1]Products_Sell!$C$52) | H51: =IF([1]Products_Sell!$D$52="","",[1]Products_Sell!$D$52) | I51: =IF([1]Products_Sell!$E$52="","",[1]Products_Sell!$E$52) | P51: =COUNTIF($A$6:$A51,"?*") | Q51: =IFERROR(INDEX($A$6:$A$105,MATCH(ROW()-5,$P$6:$P$105,0)),"") | R51: =IF($Q51="","",$Q51&" – "&IF(IFERROR(VLOOKUP($Q51,$A$6:$B$105,2,0),"")="","(بدون عنوان)",VLOOKUP($Q51,$A$6:$B$105,2,0))) | T51: =COUNTIF($E$6:$E51,"?*") | U51: =IFERROR(INDEX($E$6:$E$105,MATCH(ROW()-5,$T$6:$T$105,0)),"") | V51: =IF($U51="","",$U51&" – "&IF(IFERROR(VLOOKUP($U51,$E$6:$F$105,2,0),"")="","(بدون عنوان)",VLOOKUP($U51,$E$6:$F$105,2,0)))
A52: =IF([1]Sellers!$A$53="","",[1]Sellers!$A$53) | B52: =IF([1]Sellers!$B$53="","",[1]Sellers!$B$53) | C52: =IF([1]Sellers!$C$53="","",[1]Sellers!$C$53) | E52: =IF([1]Products_Sell!$A$53="","",[1]Products_Sell!$A$53) | F52: =IF([1]Products_Sell!$B$53="","",[1]Products_Sell!$B$53) | G52: =IF([1]Products_Sell!$C$53="","",[1]Products_Sell!$C$53) | H52: =IF([1]Products_Sell!$D$53="","",[1]Products_Sell!$D$53) | I52: =IF([1]Products_Sell!$E$53="","",[1]Products_Sell!$E$53) | P52: =COUNTIF($A$6:$A52,"?*") | Q52: =IFERROR(INDEX($A$6:$A$105,MATCH(ROW()-5,$P$6:$P$105,0)),"") | R52: =IF($Q52="","",$Q52&" – "&IF(IFERROR(VLOOKUP($Q52,$A$6:$B$105,2,0),"")="","(بدون عنوان)",VLOOKUP($Q52,$A$6:$B$105,2,0))) | T52: =COUNTIF($E$6:$E52,"?*") | U52: =IFERROR(INDEX($E$6:$E$105,MATCH(ROW()-5,$T$6:$T$105,0)),"") | V52: =IF($U52="","",$U52&" – "&IF(IFERROR(VLOOKUP($U52,$E$6:$F$105,2,0),"")="","(بدون عنوان)",VLOOKUP($U52,$E$6:$F$105,2,0)))
A53: =IF([1]Sellers!$A$54="","",[1]Sellers!$A$54) | B53: =IF([1]Sellers!$B$54="","",[1]Sellers!$B$54) | C53: =IF([1]Sellers!$C$54="","",[1]Sellers!$C$54) | E53: =IF([1]Products_Sell!$A$54="","",[1]Products_Sell!$A$54) | F53: =IF([1]Products_Sell!$B$54="","",[1]Products_Sell!$B$54) | G53: =IF([1]Products_Sell!$C$54="","",[1]Products_Sell!$C$54) | H53: =IF([1]Products_Sell!$D$54="","",[1]Products_Sell!$D$54) | I53: =IF([1]Products_Sell!$E$54="","",[1]Products_Sell!$E$54) | P53: =COUNTIF($A$6:$A53,"?*") | Q53: =IFERROR(INDEX($A$6:$A$105,MATCH(ROW()-5,$P$6:$P$105,0)),"") | R53: =IF($Q53="","",$Q53&" – "&IF(IFERROR(VLOOKUP($Q53,$A$6:$B$105,2,0),"")="","(بدون عنوان)",VLOOKUP($Q53,$A$6:$B$105,2,0))) | T53: =COUNTIF($E$6:$E53,"?*") | U53: =IFERROR(INDEX($E$6:$E$105,MATCH(ROW()-5,$T$6:$T$105,0)),"") | V53: =IF($U53="","",$U53&" – "&IF(IFERROR(VLOOKUP($U53,$E$6:$F$105,2,0),"")="","(بدون عنوان)",VLOOKUP($U53,$E$6:$F$105,2,0)))
A54: =IF([1]Sellers!$A$55="","",[1]Sellers!$A$55) | B54: =IF([1]Sellers!$B$55="","",[1]Sellers!$B$55) | C54: =IF([1]Sellers!$C$55="","",[1]Sellers!$C$55) | E54: =IF([1]Products_Sell!$A$55="","",[1]Products_Sell!$A$55) | F54: =IF([1]Products_Sell!$B$55="","",[1]Products_Sell!$B$55) | G54: =IF([1]Products_Sell!$C$55="","",[1]Products_Sell!$C$55) | H54: =IF([1]Products_Sell!$D$55="","",[1]Products_Sell!$D$55) | I54: =IF([1]Products_Sell!$E$55="","",[1]Products_Sell!$E$55) | P54: =COUNTIF($A$6:$A54,"?*") | Q54: =IFERROR(INDEX($A$6:$A$105,MATCH(ROW()-5,$P$6:$P$105,0)),"") | R54: =IF($Q54="","",$Q54&" – "&IF(IFERROR(VLOOKUP($Q54,$A$6:$B$105,2,0),"")="","(بدون عنوان)",VLOOKUP($Q54,$A$6:$B$105,2,0))) | T54: =COUNTIF($E$6:$E54,"?*") | U54: =IFERROR(INDEX($E$6:$E$105,MATCH(ROW()-5,$T$6:$T$105,0)),"") | V54: =IF($U54="","",$U54&" – "&IF(IFERROR(VLOOKUP($U54,$E$6:$F$105,2,0),"")="","(بدون عنوان)",VLOOKUP($U54,$E$6:$F$105,2,0)))
A55: =IF([1]Sellers!$A$56="","",[1]Sellers!$A$56) | B55: =IF([1]Sellers!$B$56="","",[1]Sellers!$B$56) | C55: =IF([1]Sellers!$C$56="","",[1]Sellers!$C$56) | E55: =IF([1]Products_Sell!$A$56="","",[1]Products_Sell!$A$56) | F55: =IF([1]Products_Sell!$B$56="","",[1]Products_Sell!$B$56) | G55: =IF([1]Products_Sell!$C$56="","",[1]Products_Sell!$C$56) | H55: =IF([1]Products_Sell!$D$56="","",[1]Products_Sell!$D$56) | I55: =IF([1]Products_Sell!$E$56="","",[1]Products_Sell!$E$56) | P55: =COUNTIF($A$6:$A55,"?*") | Q55: =IFERROR(INDEX($A$6:$A$105,MATCH(ROW()-5,$P$6:$P$105,0)),"") | R55: =IF($Q55="","",$Q55&" – "&IF(IFERROR(VLOOKUP($Q55,$A$6:$B$105,2,0),"")="","(بدون عنوان)",VLOOKUP($Q55,$A$6:$B$105,2,0))) | T55: =COUNTIF($E$6:$E55,"?*") | U55: =IFERROR(INDEX($E$6:$E$105,MATCH(ROW()-5,$T$6:$T$105,0)),"") | V55: =IF($U55="","",$U55&" – "&IF(IFERROR(VLOOKUP($U55,$E$6:$F$105,2,0),"")="","(بدون عنوان)",VLOOKUP($U55,$E$6:$F$105,2,0)))
A56: =IF([1]Sellers!$A$57="","",[1]Sellers!$A$57) | B56: =IF([1]Sellers!$B$57="","",[1]Sellers!$B$57) | C56: =IF([1]Sellers!$C$57="","",[1]Sellers!$C$57) | E56: =IF([1]Products_Sell!$A$57="","",[1]Products_Sell!$A$57) | F56: =IF([1]Products_Sell!$B$57="","",[1]Products_Sell!$B$57) | G56: =IF([1]Products_Sell!$C$57="","",[1]Products_Sell!$C$57) | H56: =IF([1]Products_Sell!$D$57="","",[1]Products_Sell!$D$57) | I56: =IF([1]Products_Sell!$E$57="","",[1]Products_Sell!$E$57) | P56: =COUNTIF($A$6:$A56,"?*") | Q56: =IFERROR(INDEX($A$6:$A$105,MATCH(ROW()-5,$P$6:$P$105,0)),"") | R56: =IF($Q56="","",$Q56&" – "&IF(IFERROR(VLOOKUP($Q56,$A$6:$B$105,2,0),"")="","(بدون عنوان)",VLOOKUP($Q56,$A$6:$B$105,2,0))) | T56: =COUNTIF($E$6:$E56,"?*") | U56: =IFERROR(INDEX($E$6:$E$105,MATCH(ROW()-5,$T$6:$T$105,0)),"") | V56: =IF($U56="","",$U56&" – "&IF(IFERROR(VLOOKUP($U56,$E$6:$F$105,2,0),"")="","(بدون عنوان)",VLOOKUP($U56,$E$6:$F$105,2,0)))
A57: =IF([1]Sellers!$A$58="","",[1]Sellers!$A$58) | B57: =IF([1]Sellers!$B$58="","",[1]Sellers!$B$58) | C57: =IF([1]Sellers!$C$58="","",[1]Sellers!$C$58) | E57: =IF([1]Products_Sell!$A$58="","",[1]Products_Sell!$A$58) | F57: =IF([1]Products_Sell!$B$58="","",[1]Products_Sell!$B$58) | G57: =IF([1]Products_Sell!$C$58="","",[1]Products_Sell!$C$58) | H57: =IF([1]Products_Sell!$D$58="","",[1]Products_Sell!$D$58) | I57: =IF([1]Products_Sell!$E$58="","",[1]Products_Sell!$E$58) | P57: =COUNTIF($A$6:$A57,"?*") | Q57: =IFERROR(INDEX($A$6:$A$105,MATCH(ROW()-5,$P$6:$P$105,0)),"") | R57: =IF($Q57="","",$Q57&" – "&IF(IFERROR(VLOOKUP($Q57,$A$6:$B$105,2,0),"")="","(بدون عنوان)",VLOOKUP($Q57,$A$6:$B$105,2,0))) | T57: =COUNTIF($E$6:$E57,"?*") | U57: =IFERROR(INDEX($E$6:$E$105,MATCH(ROW()-5,$T$6:$T$105,0)),"") | V57: =IF($U57="","",$U57&" – "&IF(IFERROR(VLOOKUP($U57,$E$6:$F$105,2,0),"")="","(بدون عنوان)",VLOOKUP($U57,$E$6:$F$105,2,0)))
A58: =IF([1]Sellers!$A$59="","",[1]Sellers!$A$59) | B58: =IF([1]Sellers!$B$59="","",[1]Sellers!$B$59) | C58: =IF([1]Sellers!$C$59="","",[1]Sellers!$C$59) | E58: =IF([1]Products_Sell!$A$59="","",[1]Products_Sell!$A$59) | F58: =IF([1]Products_Sell!$B$59="","",[1]Products_Sell!$B$59) | G58: =IF([1]Products_Sell!$C$59="","",[1]Products_Sell!$C$59) | H58: =IF([1]Products_Sell!$D$59="","",[1]Products_Sell!$D$59) | I58: =IF([1]Products_Sell!$E$59="","",[1]Products_Sell!$E$59) | P58: =COUNTIF($A$6:$A58,"?*") | Q58: =IFERROR(INDEX($A$6:$A$105,MATCH(ROW()-5,$P$6:$P$105,0)),"") | R58: =IF($Q58="","",$Q58&" – "&IF(IFERROR(VLOOKUP($Q58,$A$6:$B$105,2,0),"")="","(بدون عنوان)",VLOOKUP($Q58,$A$6:$B$105,2,0))) | T58: =COUNTIF($E$6:$E58,"?*") | U58: =IFERROR(INDEX($E$6:$E$105,MATCH(ROW()-5,$T$6:$T$105,0)),"") | V58: =IF($U58="","",$U58&" – "&IF(IFERROR(VLOOKUP($U58,$E$6:$F$105,2,0),"")="","(بدون عنوان)",VLOOKUP($U58,$E$6:$F$105,2,0)))
A59: =IF([1]Sellers!$A$60="","",[1]Sellers!$A$60) | B59: =IF([1]Sellers!$B$60="","",[1]Sellers!$B$60) | C59: =IF([1]Sellers!$C$60="","",[1]Sellers!$C$60) | E59: =IF([1]Products_Sell!$A$60="","",[1]Products_Sell!$A$60) | F59: =IF([1]Products_Sell!$B$60="","",[1]Products_Sell!$B$60) | G59: =IF([1]Products_Sell!$C$60="","",[1]Products_Sell!$C$60) | H59: =IF([1]Products_Sell!$D$60="","",[1]Products_Sell!$D$60) | I59: =IF([1]Products_Sell!$E$60="","",[1]Products_Sell!$E$60) | P59: =COUNTIF($A$6:$A59,"?*") | Q59: =IFERROR(INDEX($A$6:$A$105,MATCH(ROW()-5,$P$6:$P$105,0)),"") | R59: =IF($Q59="","",$Q59&" – "&IF(IFERROR(VLOOKUP($Q59,$A$6:$B$105,2,0),"")="","(بدون عنوان)",VLOOKUP($Q59,$A$6:$B$105,2,0))) | T59: =COUNTIF($E$6:$E59,"?*") | U59: =IFERROR(INDEX($E$6:$E$105,MATCH(ROW()-5,$T$6:$T$105,0)),"") | V59: =IF($U59="","",$U59&" – "&IF(IFERROR(VLOOKUP($U59,$E$6:$F$105,2,0),"")="","(بدون عنوان)",VLOOKUP($U59,$E$6:$F$105,2,0)))
A60: =IF([1]Sellers!$A$61="","",[1]Sellers!$A$61) | B60: =IF([1]Sellers!$B$61="","",[1]Sellers!$B$61) | C60: =IF([1]Sellers!$C$61="","",[1]Sellers!$C$61) | E60: =IF([1]Products_Sell!$A$61="","",[1]Products_Sell!$A$61) | F60: =IF([1]Products_Sell!$B$61="","",[1]Products_Sell!$B$61) | G60: =IF([1]Products_Sell!$C$61="","",[1]Products_Sell!$C$61) | H60: =IF([1]Products_Sell!$D$61="","",[1]Products_Sell!$D$61) | I60: =IF([1]Products_Sell!$E$61="","",[1]Products_Sell!$E$61) | P60: =COUNTIF($A$6:$A60,"?*") | Q60: =IFERROR(INDEX($A$6:$A$105,MATCH(ROW()-5,$P$6:$P$105,0)),"") | R60: =IF($Q60="","",$Q60&" – "&IF(IFERROR(VLOOKUP($Q60,$A$6:$B$105,2,0),"")="","(بدون عنوان)",VLOOKUP($Q60,$A$6:$B$105,2,0))) | T60: =COUNTIF($E$6:$E60,"?*") | U60: =IFERROR(INDEX($E$6:$E$105,MATCH(ROW()-5,$T$6:$T$105,0)),"") | V60: =IF($U60="","",$U60&" – "&IF(IFERROR(VLOOKUP($U60,$E$6:$F$105,2,0),"")="","(بدون عنوان)",VLOOKUP($U60,$E$6:$F$105,2,0)))
A61: =IF([1]Sellers!$A$62="","",[1]Sellers!$A$62) | B61: =IF([1]Sellers!$B$62="","",[1]Sellers!$B$62) | C61: =IF([1]Sellers!$C$62="","",[1]Sellers!$C$62) | E61: =IF([1]Products_Sell!$A$62="","",[1]Products_Sell!$A$62) | F61: =IF([1]Products_Sell!$B$62="","",[1]Products_Sell!$B$62) | G61: =IF([1]Products_Sell!$C$62="","",[1]Products_Sell!$C$62) | H61: =IF([1]Products_Sell!$D$62="","",[1]Products_Sell!$D$62) | I61: =IF([1]Products_Sell!$E$62="","",[1]Products_Sell!$E$62) | P61: =COUNTIF($A$6:$A61,"?*") | Q61: =IFERROR(INDEX($A$6:$A$105,MATCH(ROW()-5,$P$6:$P$105,0)),"") | R61: =IF($Q61="","",$Q61&" – "&IF(IFERROR(VLOOKUP($Q61,$A$6:$B$105,2,0),"")="","(بدون عنوان)",VLOOKUP($Q61,$A$6:$B$105,2,0))) | T61: =COUNTIF($E$6:$E61,"?*") | U61: =IFERROR(INDEX($E$6:$E$105,MATCH(ROW()-5,$T$6:$T$105,0)),"") | V61: =IF($U61="","",$U61&" – "&IF(IFERROR(VLOOKUP($U61,$E$6:$F$105,2,0),"")="","(بدون عنوان)",VLOOKUP($U61,$E$6:$F$105,2,0)))
A62: =IF([1]Sellers!$A$63="","",[1]Sellers!$A$63) | B62: =IF([1]Sellers!$B$63="","",[1]Sellers!$B$63) | C62: =IF([1]Sellers!$C$63="","",[1]Sellers!$C$63) | E62: =IF([1]Products_Sell!$A$63="","",[1]Products_Sell!$A$63) | F62: =IF([1]Products_Sell!$B$63="","",[1]Products_Sell!$B$63) | G62: =IF([1]Products_Sell!$C$63="","",[1]Products_Sell!$C$63) | H62: =IF([1]Products_Sell!$D$63="","",[1]Products_Sell!$D$63) | I62: =IF([1]Products_Sell!$E$63="","",[1]Products_Sell!$E$63) | P62: =COUNTIF($A$6:$A62,"?*") | Q62: =IFERROR(INDEX($A$6:$A$105,MATCH(ROW()-5,$P$6:$P$105,0)),"") | R62: =IF($Q62="","",$Q62&" – "&IF(IFERROR(VLOOKUP($Q62,$A$6:$B$105,2,0),"")="","(بدون عنوان)",VLOOKUP($Q62,$A$6:$B$105,2,0))) | T62: =COUNTIF($E$6:$E62,"?*") | U62: =IFERROR(INDEX($E$6:$E$105,MATCH(ROW()-5,$T$6:$T$105,0)),"") | V62: =IF($U62="","",$U62&" – "&IF(IFERROR(VLOOKUP($U62,$E$6:$F$105,2,0),"")="","(بدون عنوان)",VLOOKUP($U62,$E$6:$F$105,2,0)))
A63: =IF([1]Sellers!$A$64="","",[1]Sellers!$A$64) | B63: =IF([1]Sellers!$B$64="","",[1]Sellers!$B$64) | C63: =IF([1]Sellers!$C$64="","",[1]Sellers!$C$64) | E63: =IF([1]Products_Sell!$A$64="","",[1]Products_Sell!$A$64) | F63: =IF([1]Products_Sell!$B$64="","",[1]Products_Sell!$B$64) | G63: =IF([1]Products_Sell!$C$64="","",[1]Products_Sell!$C$64) | H63: =IF([1]Products_Sell!$D$64="","",[1]Products_Sell!$D$64) | I63: =IF([1]Products_Sell!$E$64="","",[1]Products_Sell!$E$64) | P63: =COUNTIF($A$6:$A63,"?*") | Q63: =IFERROR(INDEX($A$6:$A$105,MATCH(ROW()-5,$P$6:$P$105,0)),"") | R63: =IF($Q63="","",$Q63&" – "&IF(IFERROR(VLOOKUP($Q63,$A$6:$B$105,2,0),"")="","(بدون عنوان)",VLOOKUP($Q63,$A$6:$B$105,2,0))) | T63: =COUNTIF($E$6:$E63,"?*") | U63: =IFERROR(INDEX($E$6:$E$105,MATCH(ROW()-5,$T$6:$T$105,0)),"") | V63: =IF($U63="","",$U63&" – "&IF(IFERROR(VLOOKUP($U63,$E$6:$F$105,2,0),"")="","(بدون عنوان)",VLOOKUP($U63,$E$6:$F$105,2,0)))
A64: =IF([1]Sellers!$A$65="","",[1]Sellers!$A$65) | B64: =IF([1]Sellers!$B$65="","",[1]Sellers!$B$65) | C64: =IF([1]Sellers!$C$65="","",[1]Sellers!$C$65) | E64: =IF([1]Products_Sell!$A$65="","",[1]Products_Sell!$A$65) | F64: =IF([1]Products_Sell!$B$65="","",[1]Products_Sell!$B$65) | G64: =IF([1]Products_Sell!$C$65="","",[1]Products_Sell!$C$65) | H64: =IF([1]Products_Sell!$D$65="","",[1]Products_Sell!$D$65) | I64: =IF([1]Products_Sell!$E$65="","",[1]Products_Sell!$E$65) | P64: =COUNTIF($A$6:$A64,"?*") | Q64: =IFERROR(INDEX($A$6:$A$105,MATCH(ROW()-5,$P$6:$P$105,0)),"") | R64: =IF($Q64="","",$Q64&" – "&IF(IFERROR(VLOOKUP($Q64,$A$6:$B$105,2,0),"")="","(بدون عنوان)",VLOOKUP($Q64,$A$6:$B$105,2,0))) | T64: =COUNTIF($E$6:$E64,"?*") | U64: =IFERROR(INDEX($E$6:$E$105,MATCH(ROW()-5,$T$6:$T$105,0)),"") | V64: =IF($U64="","",$U64&" – "&IF(IFERROR(VLOOKUP($U64,$E$6:$F$105,2,0),"")="","(بدون عنوان)",VLOOKUP($U64,$E$6:$F$105,2,0)))
A65: =IF([1]Sellers!$A$66="","",[1]Sellers!$A$66) | B65: =IF([1]Sellers!$B$66="","",[1]Sellers!$B$66) | C65: =IF([1]Sellers!$C$66="","",[1]Sellers!$C$66) | E65: =IF([1]Products_Sell!$A$66="","",[1]Products_Sell!$A$66) | F65: =IF([1]Products_Sell!$B$66="","",[1]Products_Sell!$B$66) | G65: =IF([1]Products_Sell!$C$66="","",[1]Products_Sell!$C$66) | H65: =IF([1]Products_Sell!$D$66="","",[1]Products_Sell!$D$66) | I65: =IF([1]Products_Sell!$E$66="","",[1]Products_Sell!$E$66) | P65: =COUNTIF($A$6:$A65,"?*") | Q65: =IFERROR(INDEX($A$6:$A$105,MATCH(ROW()-5,$P$6:$P$105,0)),"") | R65: =IF($Q65="","",$Q65&" – "&IF(IFERROR(VLOOKUP($Q65,$A$6:$B$105,2,0),"")="","(بدون عنوان)",VLOOKUP($Q65,$A$6:$B$105,2,0))) | T65: =COUNTIF($E$6:$E65,"?*") | U65: =IFERROR(INDEX($E$6:$E$105,MATCH(ROW()-5,$T$6:$T$105,0)),"") | V65: =IF($U65="","",$U65&" – "&IF(IFERROR(VLOOKUP($U65,$E$6:$F$105,2,0),"")="","(بدون عنوان)",VLOOKUP($U65,$E$6:$F$105,2,0)))
A66: =IF([1]Sellers!$A$67="","",[1]Sellers!$A$67) | B66: =IF([1]Sellers!$B$67="","",[1]Sellers!$B$67) | C66: =IF([1]Sellers!$C$67="","",[1]Sellers!$C$67) | E66: =IF([1]Products_Sell!$A$67="","",[1]Products_Sell!$A$67) | F66: =IF([1]Products_Sell!$B$67="","",[1]Products_Sell!$B$67) | G66: =IF([1]Products_Sell!$C$67="","",[1]Products_Sell!$C$67) | H66: =IF([1]Products_Sell!$D$67="","",[1]Products_Sell!$D$67) | I66: =IF([1]Products_Sell!$E$67="","",[1]Products_Sell!$E$67) | P66: =COUNTIF($A$6:$A66,"?*") | Q66: =IFERROR(INDEX($A$6:$A$105,MATCH(ROW()-5,$P$6:$P$105,0)),"") | R66: =IF($Q66="","",$Q66&" – "&IF(IFERROR(VLOOKUP($Q66,$A$6:$B$105,2,0),"")="","(بدون عنوان)",VLOOKUP($Q66,$A$6:$B$105,2,0))) | T66: =COUNTIF($E$6:$E66,"?*") | U66: =IFERROR(INDEX($E$6:$E$105,MATCH(ROW()-5,$T$6:$T$105,0)),"") | V66: =IF($U66="","",$U66&" – "&IF(IFERROR(VLOOKUP($U66,$E$6:$F$105,2,0),"")="","(بدون عنوان)",VLOOKUP($U66,$E$6:$F$105,2,0)))
A67: =IF([1]Sellers!$A$68="","",[1]Sellers!$A$68) | B67: =IF([1]Sellers!$B$68="","",[1]Sellers!$B$68) | C67: =IF([1]Sellers!$C$68="","",[1]Sellers!$C$68) | E67: =IF([1]Products_Sell!$A$68="","",[1]Products_Sell!$A$68) | F67: =IF([1]Products_Sell!$B$68="","",[1]Products_Sell!$B$68) | G67: =IF([1]Products_Sell!$C$68="","",[1]Products_Sell!$C$68) | H67: =IF([1]Products_Sell!$D$68="","",[1]Products_Sell!$D$68) | I67: =IF([1]Products_Sell!$E$68="","",[1]Products_Sell!$E$68) | P67: =COUNTIF($A$6:$A67,"?*") | Q67: =IFERROR(INDEX($A$6:$A$105,MATCH(ROW()-5,$P$6:$P$105,0)),"") | R67: =IF($Q67="","",$Q67&" – "&IF(IFERROR(VLOOKUP($Q67,$A$6:$B$105,2,0),"")="","(بدون عنوان)",VLOOKUP($Q67,$A$6:$B$105,2,0))) | T67: =COUNTIF($E$6:$E67,"?*") | U67: =IFERROR(INDEX($E$6:$E$105,MATCH(ROW()-5,$T$6:$T$105,0)),"") | V67: =IF($U67="","",$U67&" – "&IF(IFERROR(VLOOKUP($U67,$E$6:$F$105,2,0),"")="","(بدون عنوان)",VLOOKUP($U67,$E$6:$F$105,2,0)))
A68: =IF([1]Sellers!$A$69="","",[1]Sellers!$A$69) | B68: =IF([1]Sellers!$B$69="","",[1]Sellers!$B$69) | C68: =IF([1]Sellers!$C$69="","",[1]Sellers!$C$69) | E68: =IF([1]Products_Sell!$A$69="","",[1]Products_Sell!$A$69) | F68: =IF([1]Products_Sell!$B$69="","",[1]Products_Sell!$B$69) | G68: =IF([1]Products_Sell!$C$69="","",[1]Products_Sell!$C$69) | H68: =IF([1]Products_Sell!$D$69="","",[1]Products_Sell!$D$69) | I68: =IF([1]Products_Sell!$E$69="","",[1]Products_Sell!$E$69) | P68: =COUNTIF($A$6:$A68,"?*") | Q68: =IFERROR(INDEX($A$6:$A$105,MATCH(ROW()-5,$P$6:$P$105,0)),"") | R68: =IF($Q68="","",$Q68&" – "&IF(IFERROR(VLOOKUP($Q68,$A$6:$B$105,2,0),"")="","(بدون عنوان)",VLOOKUP($Q68,$A$6:$B$105,2,0))) | T68: =COUNTIF($E$6:$E68,"?*") | U68: =IFERROR(INDEX($E$6:$E$105,MATCH(ROW()-5,$T$6:$T$105,0)),"") | V68: =IF($U68="","",$U68&" – "&IF(IFERROR(VLOOKUP($U68,$E$6:$F$105,2,0),"")="","(بدون عنوان)",VLOOKUP($U68,$E$6:$F$105,2,0)))
A69: =IF([1]Sellers!$A$70="","",[1]Sellers!$A$70) | B69: =IF([1]Sellers!$B$70="","",[1]Sellers!$B$70) | C69: =IF([1]Sellers!$C$70="","",[1]Sellers!$C$70) | E69: =IF([1]Products_Sell!$A$70="","",[1]Products_Sell!$A$70) | F69: =IF([1]Products_Sell!$B$70="","",[1]Products_Sell!$B$70) | G69: =IF([1]Products_Sell!$C$70="","",[1]Products_Sell!$C$70) | H69: =IF([1]Products_Sell!$D$70="","",[1]Products_Sell!$D$70) | I69: =IF([1]Products_Sell!$E$70="","",[1]Products_Sell!$E$70) | P69: =COUNTIF($A$6:$A69,"?*") | Q69: =IFERROR(INDEX($A$6:$A$105,MATCH(ROW()-5,$P$6:$P$105,0)),"") | R69: =IF($Q69="","",$Q69&" – "&IF(IFERROR(VLOOKUP($Q69,$A$6:$B$105,2,0),"")="","(بدون عنوان)",VLOOKUP($Q69,$A$6:$B$105,2,0))) | T69: =COUNTIF($E$6:$E69,"?*") | U69: =IFERROR(INDEX($E$6:$E$105,MATCH(ROW()-5,$T$6:$T$105,0)),"") | V69: =IF($U69="","",$U69&" – "&IF(IFERROR(VLOOKUP($U69,$E$6:$F$105,2,0),"")="","(بدون عنوان)",VLOOKUP($U69,$E$6:$F$105,2,0)))
A70: =IF([1]Sellers!$A$71="","",[1]Sellers!$A$71) | B70: =IF([1]Sellers!$B$71="","",[1]Sellers!$B$71) | C70: =IF([1]Sellers!$C$71="","",[1]Sellers!$C$71) | E70: =IF([1]Products_Sell!$A$71="","",[1]Products_Sell!$A$71) | F70: =IF([1]Products_Sell!$B$71="","",[1]Products_Sell!$B$71) | G70: =IF([1]Products_Sell!$C$71="","",[1]Products_Sell!$C$71) | H70: =IF([1]Products_Sell!$D$71="","",[1]Products_Sell!$D$71) | I70: =IF([1]Products_Sell!$E$71="","",[1]Products_Sell!$E$71) | P70: =COUNTIF($A$6:$A70,"?*") | Q70: =IFERROR(INDEX($A$6:$A$105,MATCH(ROW()-5,$P$6:$P$105,0)),"") | R70: =IF($Q70="","",$Q70&" – "&IF(IFERROR(VLOOKUP($Q70,$A$6:$B$105,2,0),"")="","(بدون عنوان)",VLOOKUP($Q70,$A$6:$B$105,2,0))) | T70: =COUNTIF($E$6:$E70,"?*") | U70: =IFERROR(INDEX($E$6:$E$105,MATCH(ROW()-5,$T$6:$T$105,0)),"") | V70: =IF($U70="","",$U70&" – "&IF(IFERROR(VLOOKUP($U70,$E$6:$F$105,2,0),"")="","(بدون عنوان)",VLOOKUP($U70,$E$6:$F$105,2,0)))
A71: =IF([1]Sellers!$A$72="","",[1]Sellers!$A$72) | B71: =IF([1]Sellers!$B$72="","",[1]Sellers!$B$72) | C71: =IF([1]Sellers!$C$72="","",[1]Sellers!$C$72) | E71: =IF([1]Products_Sell!$A$72="","",[1]Products_Sell!$A$72) | F71: =IF([1]Products_Sell!$B$72="","",[1]Products_Sell!$B$72) | G71: =IF([1]Products_Sell!$C$72="","",[1]Products_Sell!$C$72) | H71: =IF([1]Products_Sell!$D$72="","",[1]Products_Sell!$D$72) | I71: =IF([1]Products_Sell!$E$72="","",[1]Products_Sell!$E$72) | P71: =COUNTIF($A$6:$A71,"?*") | Q71: =IFERROR(INDEX($A$6:$A$105,MATCH(ROW()-5,$P$6:$P$105,0)),"") | R71: =IF($Q71="","",$Q71&" – "&IF(IFERROR(VLOOKUP($Q71,$A$6:$B$105,2,0),"")="","(بدون عنوان)",VLOOKUP($Q71,$A$6:$B$105,2,0))) | T71: =COUNTIF($E$6:$E71,"?*") | U71: =IFERROR(INDEX($E$6:$E$105,MATCH(ROW()-5,$T$6:$T$105,0)),"") | V71: =IF($U71="","",$U71&" – "&IF(IFERROR(VLOOKUP($U71,$E$6:$F$105,2,0),"")="","(بدون عنوان)",VLOOKUP($U71,$E$6:$F$105,2,0)))
A72: =IF([1]Sellers!$A$73="","",[1]Sellers!$A$73) | B72: =IF([1]Sellers!$B$73="","",[1]Sellers!$B$73) | C72: =IF([1]Sellers!$C$73="","",[1]Sellers!$C$73) | E72: =IF([1]Products_Sell!$A$73="","",[1]Products_Sell!$A$73) | F72: =IF([1]Products_Sell!$B$73="","",[1]Products_Sell!$B$73) | G72: =IF([1]Products_Sell!$C$73="","",[1]Products_Sell!$C$73) | H72: =IF([1]Products_Sell!$D$73="","",[1]Products_Sell!$D$73) | I72: =IF([1]Products_Sell!$E$73="","",[1]Products_Sell!$E$73) | P72: =COUNTIF($A$6:$A72,"?*") | Q72: =IFERROR(INDEX($A$6:$A$105,MATCH(ROW()-5,$P$6:$P$105,0)),"") | R72: =IF($Q72="","",$Q72&" – "&IF(IFERROR(VLOOKUP($Q72,$A$6:$B$105,2,0),"")="","(بدون عنوان)",VLOOKUP($Q72,$A$6:$B$105,2,0))) | T72: =COUNTIF($E$6:$E72,"?*") | U72: =IFERROR(INDEX($E$6:$E$105,MATCH(ROW()-5,$T$6:$T$105,0)),"") | V72: =IF($U72="","",$U72&" – "&IF(IFERROR(VLOOKUP($U72,$E$6:$F$105,2,0),"")="","(بدون عنوان)",VLOOKUP($U72,$E$6:$F$105,2,0)))
A73: =IF([1]Sellers!$A$74="","",[1]Sellers!$A$74) | B73: =IF([1]Sellers!$B$74="","",[1]Sellers!$B$74) | C73: =IF([1]Sellers!$C$74="","",[1]Sellers!$C$74) | E73: =IF([1]Products_Sell!$A$74="","",[1]Products_Sell!$A$74) | F73: =IF([1]Products_Sell!$B$74="","",[1]Products_Sell!$B$74) | G73: =IF([1]Products_Sell!$C$74="","",[1]Products_Sell!$C$74) | H73: =IF([1]Products_Sell!$D$74="","",[1]Products_Sell!$D$74) | I73: =IF([1]Products_Sell!$E$74="","",[1]Products_Sell!$E$74) | P73: =COUNTIF($A$6:$A73,"?*") | Q73: =IFERROR(INDEX($A$6:$A$105,MATCH(ROW()-5,$P$6:$P$105,0)),"") | R73: =IF($Q73="","",$Q73&" – "&IF(IFERROR(VLOOKUP($Q73,$A$6:$B$105,2,0),"")="","(بدون عنوان)",VLOOKUP($Q73,$A$6:$B$105,2,0))) | T73: =COUNTIF($E$6:$E73,"?*") | U73: =IFERROR(INDEX($E$6:$E$105,MATCH(ROW()-5,$T$6:$T$105,0)),"") | V73: =IF($U73="","",$U73&" – "&IF(IFERROR(VLOOKUP($U73,$E$6:$F$105,2,0),"")="","(بدون عنوان)",VLOOKUP($U73,$E$6:$F$105,2,0)))
A74: =IF([1]Sellers!$A$75="","",[1]Sellers!$A$75) | B74: =IF([1]Sellers!$B$75="","",[1]Sellers!$B$75) | C74: =IF([1]Sellers!$C$75="","",[1]Sellers!$C$75) | E74: =IF([1]Products_Sell!$A$75="","",[1]Products_Sell!$A$75) | F74: =IF([1]Products_Sell!$B$75="","",[1]Products_Sell!$B$75) | G74: =IF([1]Products_Sell!$C$75="","",[1]Products_Sell!$C$75) | H74: =IF([1]Products_Sell!$D$75="","",[1]Products_Sell!$D$75) | I74: =IF([1]Products_Sell!$E$75="","",[1]Products_Sell!$E$75) | P74: =COUNTIF($A$6:$A74,"?*") | Q74: =IFERROR(INDEX($A$6:$A$105,MATCH(ROW()-5,$P$6:$P$105,0)),"") | R74: =IF($Q74="","",$Q74&" – "&IF(IFERROR(VLOOKUP($Q74,$A$6:$B$105,2,0),"")="","(بدون عنوان)",VLOOKUP($Q74,$A$6:$B$105,2,0))) | T74: =COUNTIF($E$6:$E74,"?*") | U74: =IFERROR(INDEX($E$6:$E$105,MATCH(ROW()-5,$T$6:$T$105,0)),"") | V74: =IF($U74="","",$U74&" – "&IF(IFERROR(VLOOKUP($U74,$E$6:$F$105,2,0),"")="","(بدون عنوان)",VLOOKUP($U74,$E$6:$F$105,2,0)))
A75: =IF([1]Sellers!$A$76="","",[1]Sellers!$A$76) | B75: =IF([1]Sellers!$B$76="","",[1]Sellers!$B$76) | C75: =IF([1]Sellers!$C$76="","",[1]Sellers!$C$76) | E75: =IF([1]Products_Sell!$A$76="","",[1]Products_Sell!$A$76) | F75: =IF([1]Products_Sell!$B$76="","",[1]Products_Sell!$B$76) | G75: =IF([1]Products_Sell!$C$76="","",[1]Products_Sell!$C$76) | H75: =IF([1]Products_Sell!$D$76="","",[1]Products_Sell!$D$76) | I75: =IF([1]Products_Sell!$E$76="","",[1]Products_Sell!$E$76) | P75: =COUNTIF($A$6:$A75,"?*") | Q75: =IFERROR(INDEX($A$6:$A$105,MATCH(ROW()-5,$P$6:$P$105,0)),"") | R75: =IF($Q75="","",$Q75&" – "&IF(IFERROR(VLOOKUP($Q75,$A$6:$B$105,2,0),"")="","(بدون عنوان)",VLOOKUP($Q75,$A$6:$B$105,2,0))) | T75: =COUNTIF($E$6:$E75,"?*") | U75: =IFERROR(INDEX($E$6:$E$105,MATCH(ROW()-5,$T$6:$T$105,0)),"") | V75: =IF($U75="","",$U75&" – "&IF(IFERROR(VLOOKUP($U75,$E$6:$F$105,2,0),"")="","(بدون عنوان)",VLOOKUP($U75,$E$6:$F$105,2,0)))
A76: =IF([1]Sellers!$A$77="","",[1]Sellers!$A$77) | B76: =IF([1]Sellers!$B$77="","",[1]Sellers!$B$77) | C76: =IF([1]Sellers!$C$77="","",[1]Sellers!$C$77) | E76: =IF([1]Products_Sell!$A$77="","",[1]Products_Sell!$A$77) | F76: =IF([1]Products_Sell!$B$77="","",[1]Products_Sell!$B$77) | G76: =IF([1]Products_Sell!$C$77="","",[1]Products_Sell!$C$77) | H76: =IF([1]Products_Sell!$D$77="","",[1]Products_Sell!$D$77) | I76: =IF([1]Products_Sell!$E$77="","",[1]Products_Sell!$E$77) | P76: =COUNTIF($A$6:$A76,"?*") | Q76: =IFERROR(INDEX($A$6:$A$105,MATCH(ROW()-5,$P$6:$P$105,0)),"") | R76: =IF($Q76="","",$Q76&" – "&IF(IFERROR(VLOOKUP($Q76,$A$6:$B$105,2,0),"")="","(بدون عنوان)",VLOOKUP($Q76,$A$6:$B$105,2,0))) | T76: =COUNTIF($E$6:$E76,"?*") | U76: =IFERROR(INDEX($E$6:$E$105,MATCH(ROW()-5,$T$6:$T$105,0)),"") | V76: =IF($U76="","",$U76&" – "&IF(IFERROR(VLOOKUP($U76,$E$6:$F$105,2,0),"")="","(بدون عنوان)",VLOOKUP($U76,$E$6:$F$105,2,0)))
A77: =IF([1]Sellers!$A$78="","",[1]Sellers!$A$78) | B77: =IF([1]Sellers!$B$78="","",[1]Sellers!$B$78) | C77: =IF([1]Sellers!$C$78="","",[1]Sellers!$C$78) | E77: =IF([1]Products_Sell!$A$78="","",[1]Products_Sell!$A$78) | F77: =IF([1]Products_Sell!$B$78="","",[1]Products_Sell!$B$78) | G77: =IF([1]Products_Sell!$C$78="","",[1]Products_Sell!$C$78) | H77: =IF([1]Products_Sell!$D$78="","",[1]Products_Sell!$D$78) | I77: =IF([1]Products_Sell!$E$78="","",[1]Products_Sell!$E$78) | P77: =COUNTIF($A$6:$A77,"?*") | Q77: =IFERROR(INDEX($A$6:$A$105,MATCH(ROW()-5,$P$6:$P$105,0)),"") | R77: =IF($Q77="","",$Q77&" – "&IF(IFERROR(VLOOKUP($Q77,$A$6:$B$105,2,0),"")="","(بدون عنوان)",VLOOKUP($Q77,$A$6:$B$105,2,0))) | T77: =COUNTIF($E$6:$E77,"?*") | U77: =IFERROR(INDEX($E$6:$E$105,MATCH(ROW()-5,$T$6:$T$105,0)),"") | V77: =IF($U77="","",$U77&" – "&IF(IFERROR(VLOOKUP($U77,$E$6:$F$105,2,0),"")="","(بدون عنوان)",VLOOKUP($U77,$E$6:$F$105,2,0)))
A78: =IF([1]Sellers!$A$79="","",[1]Sellers!$A$79) | B78: =IF([1]Sellers!$B$79="","",[1]Sellers!$B$79) | C78: =IF([1]Sellers!$C$79="","",[1]Sellers!$C$79) | E78: =IF([1]Products_Sell!$A$79="","",[1]Products_Sell!$A$79) | F78: =IF([1]Products_Sell!$B$79="","",[1]Products_Sell!$B$79) | G78: =IF([1]Products_Sell!$C$79="","",[1]Products_Sell!$C$79) | H78: =IF([1]Products_Sell!$D$79="","",[1]Products_Sell!$D$79) | I78: =IF([1]Products_Sell!$E$79="","",[1]Products_Sell!$E$79) | P78: =COUNTIF($A$6:$A78,"?*") | Q78: =IFERROR(INDEX($A$6:$A$105,MATCH(ROW()-5,$P$6:$P$105,0)),"") | R78: =IF($Q78="","",$Q78&" – "&IF(IFERROR(VLOOKUP($Q78,$A$6:$B$105,2,0),"")="","(بدون عنوان)",VLOOKUP($Q78,$A$6:$B$105,2,0))) | T78: =COUNTIF($E$6:$E78,"?*") | U78: =IFERROR(INDEX($E$6:$E$105,MATCH(ROW()-5,$T$6:$T$105,0)),"") | V78: =IF($U78="","",$U78&" – "&IF(IFERROR(VLOOKUP($U78,$E$6:$F$105,2,0),"")="","(بدون عنوان)",VLOOKUP($U78,$E$6:$F$105,2,0)))
A79: =IF([1]Sellers!$A$80="","",[1]Sellers!$A$80) | B79: =IF([1]Sellers!$B$80="","",[1]Sellers!$B$80) | C79: =IF([1]Sellers!$C$80="","",[1]Sellers!$C$80) | E79: =IF([1]Products_Sell!$A$80="","",[1]Products_Sell!$A$80) | F79: =IF([1]Products_Sell!$B$80="","",[1]Products_Sell!$B$80) | G79: =IF([1]Products_Sell!$C$80="","",[1]Products_Sell!$C$80) | H79: =IF([1]Products_Sell!$D$80="","",[1]Products_Sell!$D$80) | I79: =IF([1]Products_Sell!$E$80="","",[1]Products_Sell!$E$80) | P79: =COUNTIF($A$6:$A79,"?*") | Q79: =IFERROR(INDEX($A$6:$A$105,MATCH(ROW()-5,$P$6:$P$105,0)),"") | R79: =IF($Q79="","",$Q79&" – "&IF(IFERROR(VLOOKUP($Q79,$A$6:$B$105,2,0),"")="","(بدون عنوان)",VLOOKUP($Q79,$A$6:$B$105,2,0))) | T79: =COUNTIF($E$6:$E79,"?*") | U79: =IFERROR(INDEX($E$6:$E$105,MATCH(ROW()-5,$T$6:$T$105,0)),"") | V79: =IF($U79="","",$U79&" – "&IF(IFERROR(VLOOKUP($U79,$E$6:$F$105,2,0),"")="","(بدون عنوان)",VLOOKUP($U79,$E$6:$F$105,2,0)))
A80: =IF([1]Sellers!$A$81="","",[1]Sellers!$A$81) | B80: =IF([1]Sellers!$B$81="","",[1]Sellers!$B$81) | C80: =IF([1]Sellers!$C$81="","",[1]Sellers!$C$81) | E80: =IF([1]Products_Sell!$A$81="","",[1]Products_Sell!$A$81) | F80: =IF([1]Products_Sell!$B$81="","",[1]Products_Sell!$B$81) | G80: =IF([1]Products_Sell!$C$81="","",[1]Products_Sell!$C$81) | H80: =IF([1]Products_Sell!$D$81="","",[1]Products_Sell!$D$81) | I80: =IF([1]Products_Sell!$E$81="","",[1]Products_Sell!$E$81) | P80: =COUNTIF($A$6:$A80,"?*") | Q80: =IFERROR(INDEX($A$6:$A$105,MATCH(ROW()-5,$P$6:$P$105,0)),"") | R80: =IF($Q80="","",$Q80&" – "&IF(IFERROR(VLOOKUP($Q80,$A$6:$B$105,2,0),"")="","(بدون عنوان)",VLOOKUP($Q80,$A$6:$B$105,2,0))) | T80: =COUNTIF($E$6:$E80,"?*") | U80: =IFERROR(INDEX($E$6:$E$105,MATCH(ROW()-5,$T$6:$T$105,0)),"") | V80: =IF($U80="","",$U80&" – "&IF(IFERROR(VLOOKUP($U80,$E$6:$F$105,2,0),"")="","(بدون عنوان)",VLOOKUP($U80,$E$6:$F$105,2,0)))
A81: =IF([1]Sellers!$A$82="","",[1]Sellers!$A$82) | B81: =IF([1]Sellers!$B$82="","",[1]Sellers!$B$82) | C81: =IF([1]Sellers!$C$82="","",[1]Sellers!$C$82) | E81: =IF([1]Products_Sell!$A$82="","",[1]Products_Sell!$A$82) | F81: =IF([1]Products_Sell!$B$82="","",[1]Products_Sell!$B$82) | G81: =IF([1]Products_Sell!$C$82="","",[1]Products_Sell!$C$82) | H81: =IF([1]Products_Sell!$D$82="","",[1]Products_Sell!$D$82) | I81: =IF([1]Products_Sell!$E$82="","",[1]Products_Sell!$E$82) | P81: =COUNTIF($A$6:$A81,"?*") | Q81: =IFERROR(INDEX($A$6:$A$105,MATCH(ROW()-5,$P$6:$P$105,0)),"") | R81: =IF($Q81="","",$Q81&" – "&IF(IFERROR(VLOOKUP($Q81,$A$6:$B$105,2,0),"")="","(بدون عنوان)",VLOOKUP($Q81,$A$6:$B$105,2,0))) | T81: =COUNTIF($E$6:$E81,"?*") | U81: =IFERROR(INDEX($E$6:$E$105,MATCH(ROW()-5,$T$6:$T$105,0)),"") | V81: =IF($U81="","",$U81&" – "&IF(IFERROR(VLOOKUP($U81,$E$6:$F$105,2,0),"")="","(بدون عنوان)",VLOOKUP($U81,$E$6:$F$105,2,0)))
A82: =IF([1]Sellers!$A$83="","",[1]Sellers!$A$83) | B82: =IF([1]Sellers!$B$83="","",[1]Sellers!$B$83) | C82: =IF([1]Sellers!$C$83="","",[1]Sellers!$C$83) | E82: =IF([1]Products_Sell!$A$83="","",[1]Products_Sell!$A$83) | F82: =IF([1]Products_Sell!$B$83="","",[1]Products_Sell!$B$83) | G82: =IF([1]Products_Sell!$C$83="","",[1]Products_Sell!$C$83) | H82: =IF([1]Products_Sell!$D$83="","",[1]Products_Sell!$D$83) | I82: =IF([1]Products_Sell!$E$83="","",[1]Products_Sell!$E$83) | P82: =COUNTIF($A$6:$A82,"?*") | Q82: =IFERROR(INDEX($A$6:$A$105,MATCH(ROW()-5,$P$6:$P$105,0)),"") | R82: =IF($Q82="","",$Q82&" – "&IF(IFERROR(VLOOKUP($Q82,$A$6:$B$105,2,0),"")="","(بدون عنوان)",VLOOKUP($Q82,$A$6:$B$105,2,0))) | T82: =COUNTIF($E$6:$E82,"?*") | U82: =IFERROR(INDEX($E$6:$E$105,MATCH(ROW()-5,$T$6:$T$105,0)),"") | V82: =IF($U82="","",$U82&" – "&IF(IFERROR(VLOOKUP($U82,$E$6:$F$105,2,0),"")="","(بدون عنوان)",VLOOKUP($U82,$E$6:$F$105,2,0)))
A83: =IF([1]Sellers!$A$84="","",[1]Sellers!$A$84) | B83: =IF([1]Sellers!$B$84="","",[1]Sellers!$B$84) | C83: =IF([1]Sellers!$C$84="","",[1]Sellers!$C$84) | E83: =IF([1]Products_Sell!$A$84="","",[1]Products_Sell!$A$84) | F83: =IF([1]Products_Sell!$B$84="","",[1]Products_Sell!$B$84) | G83: =IF([1]Products_Sell!$C$84="","",[1]Products_Sell!$C$84) | H83: =IF([1]Products_Sell!$D$84="","",[1]Products_Sell!$D$84) | I83: =IF([1]Products_Sell!$E$84="","",[1]Products_Sell!$E$84) | P83: =COUNTIF($A$6:$A83,"?*") | Q83: =IFERROR(INDEX($A$6:$A$105,MATCH(ROW()-5,$P$6:$P$105,0)),"") | R83: =IF($Q83="","",$Q83&" – "&IF(IFERROR(VLOOKUP($Q83,$A$6:$B$105,2,0),"")="","(بدون عنوان)",VLOOKUP($Q83,$A$6:$B$105,2,0))) | T83: =COUNTIF($E$6:$E83,"?*") | U83: =IFERROR(INDEX($E$6:$E$105,MATCH(ROW()-5,$T$6:$T$105,0)),"") | V83: =IF($U83="","",$U83&" – "&IF(IFERROR(VLOOKUP($U83,$E$6:$F$105,2,0),"")="","(بدون عنوان)",VLOOKUP($U83,$E$6:$F$105,2,0)))
A84: =IF([1]Sellers!$A$85="","",[1]Sellers!$A$85) | B84: =IF([1]Sellers!$B$85="","",[1]Sellers!$B$85) | C84: =IF([1]Sellers!$C$85="","",[1]Sellers!$C$85) | E84: =IF([1]Products_Sell!$A$85="","",[1]Products_Sell!$A$85) | F84: =IF([1]Products_Sell!$B$85="","",[1]Products_Sell!$B$85) | G84: =IF([1]Products_Sell!$C$85="","",[1]Products_Sell!$C$85) | H84: =IF([1]Products_Sell!$D$85="","",[1]Products_Sell!$D$85) | I84: =IF([1]Products_Sell!$E$85="","",[1]Products_Sell!$E$85) | P84: =COUNTIF($A$6:$A84,"?*") | Q84: =IFERROR(INDEX($A$6:$A$105,MATCH(ROW()-5,$P$6:$P$105,0)),"") | R84: =IF($Q84="","",$Q84&" – "&IF(IFERROR(VLOOKUP($Q84,$A$6:$B$105,2,0),"")="","(بدون عنوان)",VLOOKUP($Q84,$A$6:$B$105,2,0))) | T84: =COUNTIF($E$6:$E84,"?*") | U84: =IFERROR(INDEX($E$6:$E$105,MATCH(ROW()-5,$T$6:$T$105,0)),"") | V84: =IF($U84="","",$U84&" – "&IF(IFERROR(VLOOKUP($U84,$E$6:$F$105,2,0),"")="","(بدون عنوان)",VLOOKUP($U84,$E$6:$F$105,2,0)))
A85: =IF([1]Sellers!$A$86="","",[1]Sellers!$A$86) | B85: =IF([1]Sellers!$B$86="","",[1]Sellers!$B$86) | C85: =IF([1]Sellers!$C$86="","",[1]Sellers!$C$86) | E85: =IF([1]Products_Sell!$A$86="","",[1]Products_Sell!$A$86) | F85: =IF([1]Products_Sell!$B$86="","",[1]Products_Sell!$B$86) | G85: =IF([1]Products_Sell!$C$86="","",[1]Products_Sell!$C$86) | H85: =IF([1]Products_Sell!$D$86="","",[1]Products_Sell!$D$86) | I85: =IF([1]Products_Sell!$E$86="","",[1]Products_Sell!$E$86) | P85: =COUNTIF($A$6:$A85,"?*") | Q85: =IFERROR(INDEX($A$6:$A$105,MATCH(ROW()-5,$P$6:$P$105,0)),"") | R85: =IF($Q85="","",$Q85&" – "&IF(IFERROR(VLOOKUP($Q85,$A$6:$B$105,2,0),"")="","(بدون عنوان)",VLOOKUP($Q85,$A$6:$B$105,2,0))) | T85: =COUNTIF($E$6:$E85,"?*") | U85: =IFERROR(INDEX($E$6:$E$105,MATCH(ROW()-5,$T$6:$T$105,0)),"") | V85: =IF($U85="","",$U85&" – "&IF(IFERROR(VLOOKUP($U85,$E$6:$F$105,2,0),"")="","(بدون عنوان)",VLOOKUP($U85,$E$6:$F$105,2,0)))
A86: =IF([1]Sellers!$A$87="","",[1]Sellers!$A$87) | B86: =IF([1]Sellers!$B$87="","",[1]Sellers!$B$87) | C86: =IF([1]Sellers!$C$87="","",[1]Sellers!$C$87) | E86: =IF([1]Products_Sell!$A$87="","",[1]Products_Sell!$A$87) | F86: =IF([1]Products_Sell!$B$87="","",[1]Products_Sell!$B$87) | G86: =IF([1]Products_Sell!$C$87="","",[1]Products_Sell!$C$87) | H86: =IF([1]Products_Sell!$D$87="","",[1]Products_Sell!$D$87) | I86: =IF([1]Products_Sell!$E$87="","",[1]Products_Sell!$E$87) | P86: =COUNTIF($A$6:$A86,"?*") | Q86: =IFERROR(INDEX($A$6:$A$105,MATCH(ROW()-5,$P$6:$P$105,0)),"") | R86: =IF($Q86="","",$Q86&" – "&IF(IFERROR(VLOOKUP($Q86,$A$6:$B$105,2,0),"")="","(بدون عنوان)",VLOOKUP($Q86,$A$6:$B$105,2,0))) | T86: =COUNTIF($E$6:$E86,"?*") | U86: =IFERROR(INDEX($E$6:$E$105,MATCH(ROW()-5,$T$6:$T$105,0)),"") | V86: =IF($U86="","",$U86&" – "&IF(IFERROR(VLOOKUP($U86,$E$6:$F$105,2,0),"")="","(بدون عنوان)",VLOOKUP($U86,$E$6:$F$105,2,0)))
A87: =IF([1]Sellers!$A$88="","",[1]Sellers!$A$88) | B87: =IF([1]Sellers!$B$88="","",[1]Sellers!$B$88) | C87: =IF([1]Sellers!$C$88="","",[1]Sellers!$C$88) | E87: =IF([1]Products_Sell!$A$88="","",[1]Products_Sell!$A$88) | F87: =IF([1]Products_Sell!$B$88="","",[1]Products_Sell!$B$88) | G87: =IF([1]Products_Sell!$C$88="","",[1]Products_Sell!$C$88) | H87: =IF([1]Products_Sell!$D$88="","",[1]Products_Sell!$D$88) | I87: =IF([1]Products_Sell!$E$88="","",[1]Products_Sell!$E$88) | P87: =COUNTIF($A$6:$A87,"?*") | Q87: =IFERROR(INDEX($A$6:$A$105,MATCH(ROW()-5,$P$6:$P$105,0)),"") | R87: =IF($Q87="","",$Q87&" – "&IF(IFERROR(VLOOKUP($Q87,$A$6:$B$105,2,0),"")="","(بدون عنوان)",VLOOKUP($Q87,$A$6:$B$105,2,0))) | T87: =COUNTIF($E$6:$E87,"?*") | U87: =IFERROR(INDEX($E$6:$E$105,MATCH(ROW()-5,$T$6:$T$105,0)),"") | V87: =IF($U87="","",$U87&" – "&IF(IFERROR(VLOOKUP($U87,$E$6:$F$105,2,0),"")="","(بدون عنوان)",VLOOKUP($U87,$E$6:$F$105,2,0)))
A88: =IF([1]Sellers!$A$89="","",[1]Sellers!$A$89) | B88: =IF([1]Sellers!$B$89="","",[1]Sellers!$B$89) | C88: =IF([1]Sellers!$C$89="","",[1]Sellers!$C$89) | E88: =IF([1]Products_Sell!$A$89="","",[1]Products_Sell!$A$89) | F88: =IF([1]Products_Sell!$B$89="","",[1]Products_Sell!$B$89) | G88: =IF([1]Products_Sell!$C$89="","",[1]Products_Sell!$C$89) | H88: =IF([1]Products_Sell!$D$89="","",[1]Products_Sell!$D$89) | I88: =IF([1]Products_Sell!$E$89="","",[1]Products_Sell!$E$89) | P88: =COUNTIF($A$6:$A88,"?*") | Q88: =IFERROR(INDEX($A$6:$A$105,MATCH(ROW()-5,$P$6:$P$105,0)),"") | R88: =IF($Q88="","",$Q88&" – "&IF(IFERROR(VLOOKUP($Q88,$A$6:$B$105,2,0),"")="","(بدون عنوان)",VLOOKUP($Q88,$A$6:$B$105,2,0))) | T88: =COUNTIF($E$6:$E88,"?*") | U88: =IFERROR(INDEX($E$6:$E$105,MATCH(ROW()-5,$T$6:$T$105,0)),"") | V88: =IF($U88="","",$U88&" – "&IF(IFERROR(VLOOKUP($U88,$E$6:$F$105,2,0),"")="","(بدون عنوان)",VLOOKUP($U88,$E$6:$F$105,2,0)))
A89: =IF([1]Sellers!$A$90="","",[1]Sellers!$A$90) | B89: =IF([1]Sellers!$B$90="","",[1]Sellers!$B$90) | C89: =IF([1]Sellers!$C$90="","",[1]Sellers!$C$90) | E89: =IF([1]Products_Sell!$A$90="","",[1]Products_Sell!$A$90) | F89: =IF([1]Products_Sell!$B$90="","",[1]Products_Sell!$B$90) | G89: =IF([1]Products_Sell!$C$90="","",[1]Products_Sell!$C$90) | H89: =IF([1]Products_Sell!$D$90="","",[1]Products_Sell!$D$90) | I89: =IF([1]Products_Sell!$E$90="","",[1]Products_Sell!$E$90) | P89: =COUNTIF($A$6:$A89,"?*") | Q89: =IFERROR(INDEX($A$6:$A$105,MATCH(ROW()-5,$P$6:$P$105,0)),"") | R89: =IF($Q89="","",$Q89&" – "&IF(IFERROR(VLOOKUP($Q89,$A$6:$B$105,2,0),"")="","(بدون عنوان)",VLOOKUP($Q89,$A$6:$B$105,2,0))) | T89: =COUNTIF($E$6:$E89,"?*") | U89: =IFERROR(INDEX($E$6:$E$105,MATCH(ROW()-5,$T$6:$T$105,0)),"") | V89: =IF($U89="","",$U89&" – "&IF(IFERROR(VLOOKUP($U89,$E$6:$F$105,2,0),"")="","(بدون عنوان)",VLOOKUP($U89,$E$6:$F$105,2,0)))
A90: =IF([1]Sellers!$A$91="","",[1]Sellers!$A$91) | B90: =IF([1]Sellers!$B$91="","",[1]Sellers!$B$91) | C90: =IF([1]Sellers!$C$91="","",[1]Sellers!$C$91) | E90: =IF([1]Products_Sell!$A$91="","",[1]Products_Sell!$A$91) | F90: =IF([1]Products_Sell!$B$91="","",[1]Products_Sell!$B$91) | G90: =IF([1]Products_Sell!$C$91="","",[1]Products_Sell!$C$91) | H90: =IF([1]Products_Sell!$D$91="","",[1]Products_Sell!$D$91) | I90: =IF([1]Products_Sell!$E$91="","",[1]Products_Sell!$E$91) | P90: =COUNTIF($A$6:$A90,"?*") | Q90: =IFERROR(INDEX($A$6:$A$105,MATCH(ROW()-5,$P$6:$P$105,0)),"") | R90: =IF($Q90="","",$Q90&" – "&IF(IFERROR(VLOOKUP($Q90,$A$6:$B$105,2,0),"")="","(بدون عنوان)",VLOOKUP($Q90,$A$6:$B$105,2,0))) | T90: =COUNTIF($E$6:$E90,"?*") | U90: =IFERROR(INDEX($E$6:$E$105,MATCH(ROW()-5,$T$6:$T$105,0)),"") | V90: =IF($U90="","",$U90&" – "&IF(IFERROR(VLOOKUP($U90,$E$6:$F$105,2,0),"")="","(بدون عنوان)",VLOOKUP($U90,$E$6:$F$105,2,0)))
A91: =IF([1]Sellers!$A$92="","",[1]Sellers!$A$92) | B91: =IF([1]Sellers!$B$92="","",[1]Sellers!$B$92) | C91: =IF([1]Sellers!$C$92="","",[1]Sellers!$C$92) | E91: =IF([1]Products_Sell!$A$92="","",[1]Products_Sell!$A$92) | F91: =IF([1]Products_Sell!$B$92="","",[1]Products_Sell!$B$92) | G91: =IF([1]Products_Sell!$C$92="","",[1]Products_Sell!$C$92) | H91: =IF([1]Products_Sell!$D$92="","",[1]Products_Sell!$D$92) | I91: =IF([1]Products_Sell!$E$92="","",[1]Products_Sell!$E$92) | P91: =COUNTIF($A$6:$A91,"?*") | Q91: =IFERROR(INDEX($A$6:$A$105,MATCH(ROW()-5,$P$6:$P$105,0)),"") | R91: =IF($Q91="","",$Q91&" – "&IF(IFERROR(VLOOKUP($Q91,$A$6:$B$105,2,0),"")="","(بدون عنوان)",VLOOKUP($Q91,$A$6:$B$105,2,0))) | T91: =COUNTIF($E$6:$E91,"?*") | U91: =IFERROR(INDEX($E$6:$E$105,MATCH(ROW()-5,$T$6:$T$105,0)),"") | V91: =IF($U91="","",$U91&" – "&IF(IFERROR(VLOOKUP($U91,$E$6:$F$105,2,0),"")="","(بدون عنوان)",VLOOKUP($U91,$E$6:$F$105,2,0)))
A92: =IF([1]Sellers!$A$93="","",[1]Sellers!$A$93) | B92: =IF([1]Sellers!$B$93="","",[1]Sellers!$B$93) | C92: =IF([1]Sellers!$C$93="","",[1]Sellers!$C$93) | E92: =IF([1]Products_Sell!$A$93="","",[1]Products_Sell!$A$93) | F92: =IF([1]Products_Sell!$B$93="","",[1]Products_Sell!$B$93) | G92: =IF([1]Products_Sell!$C$93="","",[1]Products_Sell!$C$93) | H92: =IF([1]Products_Sell!$D$93="","",[1]Products_Sell!$D$93) | I92: =IF([1]Products_Sell!$E$93="","",[1]Products_Sell!$E$93) | P92: =COUNTIF($A$6:$A92,"?*") | Q92: =IFERROR(INDEX($A$6:$A$105,MATCH(ROW()-5,$P$6:$P$105,0)),"") | R92: =IF($Q92="","",$Q92&" – "&IF(IFERROR(VLOOKUP($Q92,$A$6:$B$105,2,0),"")="","(بدون عنوان)",VLOOKUP($Q92,$A$6:$B$105,2,0))) | T92: =COUNTIF($E$6:$E92,"?*") | U92: =IFERROR(INDEX($E$6:$E$105,MATCH(ROW()-5,$T$6:$T$105,0)),"") | V92: =IF($U92="","",$U92&" – "&IF(IFERROR(VLOOKUP($U92,$E$6:$F$105,2,0),"")="","(بدون عنوان)",VLOOKUP($U92,$E$6:$F$105,2,0)))
A93: =IF([1]Sellers!$A$94="","",[1]Sellers!$A$94) | B93: =IF([1]Sellers!$B$94="","",[1]Sellers!$B$94) | C93: =IF([1]Sellers!$C$94="","",[1]Sellers!$C$94) | E93: =IF([1]Products_Sell!$A$94="","",[1]Products_Sell!$A$94) | F93: =IF([1]Products_Sell!$B$94="","",[1]Products_Sell!$B$94) | G93: =IF([1]Products_Sell!$C$94="","",[1]Products_Sell!$C$94) | H93: =IF([1]Products_Sell!$D$94="","",[1]Products_Sell!$D$94) | I93: =IF([1]Products_Sell!$E$94="","",[1]Products_Sell!$E$94) | P93: =COUNTIF($A$6:$A93,"?*") | Q93: =IFERROR(INDEX($A$6:$A$105,MATCH(ROW()-5,$P$6:$P$105,0)),"") | R93: =IF($Q93="","",$Q93&" – "&IF(IFERROR(VLOOKUP($Q93,$A$6:$B$105,2,0),"")="","(بدون عنوان)",VLOOKUP($Q93,$A$6:$B$105,2,0))) | T93: =COUNTIF($E$6:$E93,"?*") | U93: =IFERROR(INDEX($E$6:$E$105,MATCH(ROW()-5,$T$6:$T$105,0)),"") | V93: =IF($U93="","",$U93&" – "&IF(IFERROR(VLOOKUP($U93,$E$6:$F$105,2,0),"")="","(بدون عنوان)",VLOOKUP($U93,$E$6:$F$105,2,0)))
A94: =IF([1]Sellers!$A$95="","",[1]Sellers!$A$95) | B94: =IF([1]Sellers!$B$95="","",[1]Sellers!$B$95) | C94: =IF([1]Sellers!$C$95="","",[1]Sellers!$C$95) | E94: =IF([1]Products_Sell!$A$95="","",[1]Products_Sell!$A$95) | F94: =IF([1]Products_Sell!$B$95="","",[1]Products_Sell!$B$95) | G94: =IF([1]Products_Sell!$C$95="","",[1]Products_Sell!$C$95) | H94: =IF([1]Products_Sell!$D$95="","",[1]Products_Sell!$D$95) | I94: =IF([1]Products_Sell!$E$95="","",[1]Products_Sell!$E$95) | P94: =COUNTIF($A$6:$A94,"?*") | Q94: =IFERROR(INDEX($A$6:$A$105,MATCH(ROW()-5,$P$6:$P$105,0)),"") | R94: =IF($Q94="","",$Q94&" – "&IF(IFERROR(VLOOKUP($Q94,$A$6:$B$105,2,0),"")="","(بدون عنوان)",VLOOKUP($Q94,$A$6:$B$105,2,0))) | T94: =COUNTIF($E$6:$E94,"?*") | U94: =IFERROR(INDEX($E$6:$E$105,MATCH(ROW()-5,$T$6:$T$105,0)),"") | V94: =IF($U94="","",$U94&" – "&IF(IFERROR(VLOOKUP($U94,$E$6:$F$105,2,0),"")="","(بدون عنوان)",VLOOKUP($U94,$E$6:$F$105,2,0)))
A95: =IF([1]Sellers!$A$96="","",[1]Sellers!$A$96) | B95: =IF([1]Sellers!$B$96="","",[1]Sellers!$B$96) | C95: =IF([1]Sellers!$C$96="","",[1]Sellers!$C$96) | E95: =IF([1]Products_Sell!$A$96="","",[1]Products_Sell!$A$96) | F95: =IF([1]Products_Sell!$B$96="","",[1]Products_Sell!$B$96) | G95: =IF([1]Products_Sell!$C$96="","",[1]Products_Sell!$C$96) | H95: =IF([1]Products_Sell!$D$96="","",[1]Products_Sell!$D$96) | I95: =IF([1]Products_Sell!$E$96="","",[1]Products_Sell!$E$96) | P95: =COUNTIF($A$6:$A95,"?*") | Q95: =IFERROR(INDEX($A$6:$A$105,MATCH(ROW()-5,$P$6:$P$105,0)),"") | R95: =IF($Q95="","",$Q95&" – "&IF(IFERROR(VLOOKUP($Q95,$A$6:$B$105,2,0),"")="","(بدون عنوان)",VLOOKUP($Q95,$A$6:$B$105,2,0))) | T95: =COUNTIF($E$6:$E95,"?*") | U95: =IFERROR(INDEX($E$6:$E$105,MATCH(ROW()-5,$T$6:$T$105,0)),"") | V95: =IF($U95="","",$U95&" – "&IF(IFERROR(VLOOKUP($U95,$E$6:$F$105,2,0),"")="","(بدون عنوان)",VLOOKUP($U95,$E$6:$F$105,2,0)))
A96: =IF([1]Sellers!$A$97="","",[1]Sellers!$A$97) | B96: =IF([1]Sellers!$B$97="","",[1]Sellers!$B$97) | C96: =IF([1]Sellers!$C$97="","",[1]Sellers!$C$97) | E96: =IF([1]Products_Sell!$A$97="","",[1]Products_Sell!$A$97) | F96: =IF([1]Products_Sell!$B$97="","",[1]Products_Sell!$B$97) | G96: =IF([1]Products_Sell!$C$97="","",[1]Products_Sell!$C$97) | H96: =IF([1]Products_Sell!$D$97="","",[1]Products_Sell!$D$97) | I96: =IF([1]Products_Sell!$E$97="","",[1]Products_Sell!$E$97) | P96: =COUNTIF($A$6:$A96,"?*") | Q96: =IFERROR(INDEX($A$6:$A$105,MATCH(ROW()-5,$P$6:$P$105,0)),"") | R96: =IF($Q96="","",$Q96&" – "&IF(IFERROR(VLOOKUP($Q96,$A$6:$B$105,2,0),"")="","(بدون عنوان)",VLOOKUP($Q96,$A$6:$B$105,2,0))) | T96: =COUNTIF($E$6:$E96,"?*") | U96: =IFERROR(INDEX($E$6:$E$105,MATCH(ROW()-5,$T$6:$T$105,0)),"") | V96: =IF($U96="","",$U96&" – "&IF(IFERROR(VLOOKUP($U96,$E$6:$F$105,2,0),"")="","(بدون عنوان)",VLOOKUP($U96,$E$6:$F$105,2,0)))
A97: =IF([1]Sellers!$A$98="","",[1]Sellers!$A$98) | B97: =IF([1]Sellers!$B$98="","",[1]Sellers!$B$98) | C97: =IF([1]Sellers!$C$98="","",[1]Sellers!$C$98) | E97: =IF([1]Products_Sell!$A$98="","",[1]Products_Sell!$A$98) | F97: =IF([1]Products_Sell!$B$98="","",[1]Products_Sell!$B$98) | G97: =IF([1]Products_Sell!$C$98="","",[1]Products_Sell!$C$98) | H97: =IF([1]Products_Sell!$D$98="","",[1]Products_Sell!$D$98) | I97: =IF([1]Products_Sell!$E$98="","",[1]Products_Sell!$E$98) | P97: =COUNTIF($A$6:$A97,"?*") | Q97: =IFERROR(INDEX($A$6:$A$105,MATCH(ROW()-5,$P$6:$P$105,0)),"") | R97: =IF($Q97="","",$Q97&" – "&IF(IFERROR(VLOOKUP($Q97,$A$6:$B$105,2,0),"")="","(بدون عنوان)",VLOOKUP($Q97,$A$6:$B$105,2,0))) | T97: =COUNTIF($E$6:$E97,"?*") | U97: =IFERROR(INDEX($E$6:$E$105,MATCH(ROW()-5,$T$6:$T$105,0)),"") | V97: =IF($U97="","",$U97&" – "&IF(IFERROR(VLOOKUP($U97,$E$6:$F$105,2,0),"")="","(بدون عنوان)",VLOOKUP($U97,$E$6:$F$105,2,0)))
A98: =IF([1]Sellers!$A$99="","",[1]Sellers!$A$99) | B98: =IF([1]Sellers!$B$99="","",[1]Sellers!$B$99) | C98: =IF([1]Sellers!$C$99="","",[1]Sellers!$C$99) | E98: =IF([1]Products_Sell!$A$99="","",[1]Products_Sell!$A$99) | F98: =IF([1]Products_Sell!$B$99="","",[1]Products_Sell!$B$99) | G98: =IF([1]Products_Sell!$C$99="","",[1]Products_Sell!$C$99) | H98: =IF([1]Products_Sell!$D$99="","",[1]Products_Sell!$D$99) | I98: =IF([1]Products_Sell!$E$99="","",[1]Products_Sell!$E$99) | P98: =COUNTIF($A$6:$A98,"?*") | Q98: =IFERROR(INDEX($A$6:$A$105,MATCH(ROW()-5,$P$6:$P$105,0)),"") | R98: =IF($Q98="","",$Q98&" – "&IF(IFERROR(VLOOKUP($Q98,$A$6:$B$105,2,0),"")="","(بدون عنوان)",VLOOKUP($Q98,$A$6:$B$105,2,0))) | T98: =COUNTIF($E$6:$E98,"?*") | U98: =IFERROR(INDEX($E$6:$E$105,MATCH(ROW()-5,$T$6:$T$105,0)),"") | V98: =IF($U98="","",$U98&" – "&IF(IFERROR(VLOOKUP($U98,$E$6:$F$105,2,0),"")="","(بدون عنوان)",VLOOKUP($U98,$E$6:$F$105,2,0)))
A99: =IF([1]Sellers!$A$100="","",[1]Sellers!$A$100) | B99: =IF([1]Sellers!$B$100="","",[1]Sellers!$B$100) | C99: =IF([1]Sellers!$C$100="","",[1]Sellers!$C$100) | E99: =IF([1]Products_Sell!$A$100="","",[1]Products_Sell!$A$100) | F99: =IF([1]Products_Sell!$B$100="","",[1]Products_Sell!$B$100) | G99: =IF([1]Products_Sell!$C$100="","",[1]Products_Sell!$C$100) | H99: =IF([1]Products_Sell!$D$100="","",[1]Products_Sell!$D$100) | I99: =IF([1]Products_Sell!$E$100="","",[1]Products_Sell!$E$100) | P99: =COUNTIF($A$6:$A99,"?*") | Q99: =IFERROR(INDEX($A$6:$A$105,MATCH(ROW()-5,$P$6:$P$105,0)),"") | R99: =IF($Q99="","",$Q99&" – "&IF(IFERROR(VLOOKUP($Q99,$A$6:$B$105,2,0),"")="","(بدون عنوان)",VLOOKUP($Q99,$A$6:$B$105,2,0))) | T99: =COUNTIF($E$6:$E99,"?*") | U99: =IFERROR(INDEX($E$6:$E$105,MATCH(ROW()-5,$T$6:$T$105,0)),"") | V99: =IF($U99="","",$U99&" – "&IF(IFERROR(VLOOKUP($U99,$E$6:$F$105,2,0),"")="","(بدون عنوان)",VLOOKUP($U99,$E$6:$F$105,2,0)))
A100: =IF([1]Sellers!$A$101="","",[1]Sellers!$A$101) | B100: =IF([1]Sellers!$B$101="","",[1]Sellers!$B$101) | C100: =IF([1]Sellers!$C$101="","",[1]Sellers!$C$101) | E100: =IF([1]Products_Sell!$A$101="","",[1]Products_Sell!$A$101) | F100: =IF([1]Products_Sell!$B$101="","",[1]Products_Sell!$B$101) | G100: =IF([1]Products_Sell!$C$101="","",[1]Products_Sell!$C$101) | H100: =IF([1]Products_Sell!$D$101="","",[1]Products_Sell!$D$101) | I100: =IF([1]Products_Sell!$E$101="","",[1]Products_Sell!$E$101) | P100: =COUNTIF($A$6:$A100,"?*") | Q100: =IFERROR(INDEX($A$6:$A$105,MATCH(ROW()-5,$P$6:$P$105,0)),"") | R100: =IF($Q100="","",$Q100&" – "&IF(IFERROR(VLOOKUP($Q100,$A$6:$B$105,2,0),"")="","(بدون عنوان)",VLOOKUP($Q100,$A$6:$B$105,2,0))) | T100: =COUNTIF($E$6:$E100,"?*") | U100: =IFERROR(INDEX($E$6:$E$105,MATCH(ROW()-5,$T$6:$T$105,0)),"") | V100: =IF($U100="","",$U100&" – "&IF(IFERROR(VLOOKUP($U100,$E$6:$F$105,2,0),"")="","(بدون عنوان)",VLOOKUP($U100,$E$6:$F$105,2,0)))
A101: =IF([1]Sellers!$A$102="","",[1]Sellers!$A$102) | B101: =IF([1]Sellers!$B$102="","",[1]Sellers!$B$102) | C101: =IF([1]Sellers!$C$102="","",[1]Sellers!$C$102) | E101: =IF([1]Products_Sell!$A$102="","",[1]Products_Sell!$A$102) | F101: =IF([1]Products_Sell!$B$102="","",[1]Products_Sell!$B$102) | G101: =IF([1]Products_Sell!$C$102="","",[1]Products_Sell!$C$102) | H101: =IF([1]Products_Sell!$D$102="","",[1]Products_Sell!$D$102) | I101: =IF([1]Products_Sell!$E$102="","",[1]Products_Sell!$E$102) | P101: =COUNTIF($A$6:$A101,"?*") | Q101: =IFERROR(INDEX($A$6:$A$105,MATCH(ROW()-5,$P$6:$P$105,0)),"") | R101: =IF($Q101="","",$Q101&" – "&IF(IFERROR(VLOOKUP($Q101,$A$6:$B$105,2,0),"")="","(بدون عنوان)",VLOOKUP($Q101,$A$6:$B$105,2,0))) | T101: =COUNTIF($E$6:$E101,"?*") | U101: =IFERROR(INDEX($E$6:$E$105,MATCH(ROW()-5,$T$6:$T$105,0)),"") | V101: =IF($U101="","",$U101&" – "&IF(IFERROR(VLOOKUP($U101,$E$6:$F$105,2,0),"")="","(بدون عنوان)",VLOOKUP($U101,$E$6:$F$105,2,0)))
...

Sheet Calc
A1: مازندشت — سورتینگ و بسته‌بندی مرکبات
A2: باغدشت، بخش مرکزی، شهرستان قائم‌شهر، استان مازندران، ایران | MAZANDASHT · CITRUS SORTING & PACKING
A3: برگه فنی — موتور محاسبات فایل فروش (نرمال‌سازی تاریخ، کد فروشنده و آمار ردیف). فرمول‌ها را تغییر ندهید.
A8: تاریخ خام · Raw | B8: سال · Y | C8: ماه · M | D8: روز · D | E8: تاریخ استاندارد · Norm | F8: سال/ماه · YM | G8: کد فروشنده · Seller | H8: شماره فاکتور · Invoice | I8: وزن ارسالی · Sent | J8: وزن فروش · Sold | K8: مبلغ صافی · Amount | L8: جمع وزن محصولات · ProdWt | M8: تعداد اقلام · Items
A10: =IF(Entry!$B10="","",Entry!$B10) | B10: =IF($A10="","",IF(ISNUMBER($A10),IF(AND($A10>=10000101,$A10<=99991231),INT($A10/10000),""),IFERROR(VALUE(TRIM(LEFT($A10,FIND("/",$A10)-1))),""))) | C10: =IF(OR($A10="",$B10=""),"",IF(ISNUMBER($A10),INT(MOD($A10,10000)/100),IFERROR(VALUE(TRIM(LEFT(MID($A10,FIND("/",$A10)+1,20),FIND("/",MID($A10,FIND("/",$A10)+1,20))-1))),""))) | D10: =IF(OR($A10="",$B10=""),"",IF(ISNUMBER($A10),MOD($A10,100),IFERROR(VALUE(TRIM(MID(MID($A10,FIND("/",$A10)+1,20),FIND("/",MID($A10,FIND("/",$A10)+1,20))+1,20))),""))) | E10: =IF($A10="","",IF(OR($B10="",$C10="",$D10="",$B10<1300,$B10>1500,$C10<1,$C10>12,$D10<1,$D10>31),"نامعتبر",RIGHT("0000"&$B10,4)&"/"&RIGHT("00"&$C10,2)&"/"&RIGHT("00"&$D10,2))) | F10: =IF(OR($E10="",$E10="نامعتبر"),"",LEFT($E10,4)&"/"&MID($E10,6,2)) | G10: =IF(OR($E10="",$E10="نامعتبر",Entry!$D10=""),"",IF(ISNUMBER(FIND(" – ",Entry!$D10)),LEFT(Entry!$D10,FIND(" – ",Entry!$D10)-1),Entry!$D10)) | H10: =IF(Entry!$C10="","",Entry!$C10) | I10: =IF(Entry!$F10="",0,Entry!$F10) | J10: =IF(Entry!$G10="",0,Entry!$G10) | K10: =IF(Entry!$H10="",0,Entry!$H10) | L10: =IF(Entry!$K10="",0,Entry!$K10) | M10: =IF($G10="","",COUNTA(Entry!$M10,Entry!$R10,Entry!$W10,Entry!$AB10,Entry!$AG10,Entry!$AL10,Entry!$AQ10,Entry!$AV10,Entry!$BA10,Entry!$BF10,Entry!$BK10,Entry!$BP10,Entry!$BU10,Entry!$BZ10,Entry!$CE10))
A11: =IF(Entry!$B11="","",Entry!$B11) | B11: =IF($A11="","",IF(ISNUMBER($A11),IF(AND($A11>=10000101,$A11<=99991231),INT($A11/10000),""),IFERROR(VALUE(TRIM(LEFT($A11,FIND("/",$A11)-1))),""))) | C11: =IF(OR($A11="",$B11=""),"",IF(ISNUMBER($A11),INT(MOD($A11,10000)/100),IFERROR(VALUE(TRIM(LEFT(MID($A11,FIND("/",$A11)+1,20),FIND("/",MID($A11,FIND("/",$A11)+1,20))-1))),""))) | D11: =IF(OR($A11="",$B11=""),"",IF(ISNUMBER($A11),MOD($A11,100),IFERROR(VALUE(TRIM(MID(MID($A11,FIND("/",$A11)+1,20),FIND("/",MID($A11,FIND("/",$A11)+1,20))+1,20))),""))) | E11: =IF($A11="","",IF(OR($B11="",$C11="",$D11="",$B11<1300,$B11>1500,$C11<1,$C11>12,$D11<1,$D11>31),"نامعتبر",RIGHT("0000"&$B11,4)&"/"&RIGHT("00"&$C11,2)&"/"&RIGHT("00"&$D11,2))) | F11: =IF(OR($E11="",$E11="نامعتبر"),"",LEFT($E11,4)&"/"&MID($E11,6,2)) | G11: =IF(OR($E11="",$E11="نامعتبر",Entry!$D11=""),"",IF(ISNUMBER(FIND(" – ",Entry!$D11)),LEFT(Entry!$D11,FIND(" – ",Entry!$D11)-1),Entry!$D11)) | H11: =IF(Entry!$C11="","",Entry!$C11) | I11: =IF(Entry!$F11="",0,Entry!$F11) | J11: =IF(Entry!$G11="",0,Entry!$G11) | K11: =IF(Entry!$H11="",0,Entry!$H11) | L11: =IF(Entry!$K11="",0,Entry!$K11) | M11: =IF($G11="","",COUNTA(Entry!$M11,Entry!$R11,Entry!$W11,Entry!$AB11,Entry!$AG11,Entry!$AL11,Entry!$AQ11,Entry!$AV11,Entry!$BA11,Entry!$BF11,Entry!$BK11,Entry!$BP11,Entry!$BU11,Entry!$BZ11,Entry!$CE11))
A12: =IF(Entry!$B12="","",Entry!$B12) | B12: =IF($A12="","",IF(ISNUMBER($A12),IF(AND($A12>=10000101,$A12<=99991231),INT($A12/10000),""),IFERROR(VALUE(TRIM(LEFT($A12,FIND("/",$A12)-1))),""))) | C12: =IF(OR($A12="",$B12=""),"",IF(ISNUMBER($A12),INT(MOD($A12,10000)/100),IFERROR(VALUE(TRIM(LEFT(MID($A12,FIND("/",$A12)+1,20),FIND("/",MID($A12,FIND("/",$A12)+1,20))-1))),""))) | D12: =IF(OR($A12="",$B12=""),"",IF(ISNUMBER($A12),MOD($A12,100),IFERROR(VALUE(TRIM(MID(MID($A12,FIND("/",$A12)+1,20),FIND("/",MID($A12,FIND("/",$A12)+1,20))+1,20))),""))) | E12: =IF($A12="","",IF(OR($B12="",$C12="",$D12="",$B12<1300,$B12>1500,$C12<1,$C12>12,$D12<1,$D12>31),"نامعتبر",RIGHT("0000"&$B12,4)&"/"&RIGHT("00"&$C12,2)&"/"&RIGHT("00"&$D12,2))) | F12: =IF(OR($E12="",$E12="نامعتبر"),"",LEFT($E12,4)&"/"&MID($E12,6,2)) | G12: =IF(OR($E12="",$E12="نامعتبر",Entry!$D12=""),"",IF(ISNUMBER(FIND(" – ",Entry!$D12)),LEFT(Entry!$D12,FIND(" – ",Entry!$D12)-1),Entry!$D12)) | H12: =IF(Entry!$C12="","",Entry!$C12) | I12: =IF(Entry!$F12="",0,Entry!$F12) | J12: =IF(Entry!$G12="",0,Entry!$G12) | K12: =IF(Entry!$H12="",0,Entry!$H12) | L12: =IF(Entry!$K12="",0,Entry!$K12) | M12: =IF($G12="","",COUNTA(Entry!$M12,Entry!$R12,Entry!$W12,Entry!$AB12,Entry!$AG12,Entry!$AL12,Entry!$AQ12,Entry!$AV12,Entry!$BA12,Entry!$BF12,Entry!$BK12,Entry!$BP12,Entry!$BU12,Entry!$BZ12,Entry!$CE12))
A13: =IF(Entry!$B13="","",Entry!$B13) | B13: =IF($A13="","",IF(ISNUMBER($A13),IF(AND($A13>=10000101,$A13<=99991231),INT($A13/10000),""),IFERROR(VALUE(TRIM(LEFT($A13,FIND("/",$A13)-1))),""))) | C13: =IF(OR($A13="",$B13=""),"",IF(ISNUMBER($A13),INT(MOD($A13,10000)/100),IFERROR(VALUE(TRIM(LEFT(MID($A13,FIND("/",$A13)+1,20),FIND("/",MID($A13,FIND("/",$A13)+1,20))-1))),""))) | D13: =IF(OR($A13="",$B13=""),"",IF(ISNUMBER($A13),MOD($A13,100),IFERROR(VALUE(TRIM(MID(MID($A13,FIND("/",$A13)+1,20),FIND("/",MID($A13,FIND("/",$A13)+1,20))+1,20))),""))) | E13: =IF($A13="","",IF(OR($B13="",$C13="",$D13="",$B13<1300,$B13>1500,$C13<1,$C13>12,$D13<1,$D13>31),"نامعتبر",RIGHT("0000"&$B13,4)&"/"&RIGHT("00"&$C13,2)&"/"&RIGHT("00"&$D13,2))) | F13: =IF(OR($E13="",$E13="نامعتبر"),"",LEFT($E13,4)&"/"&MID($E13,6,2)) | G13: =IF(OR($E13="",$E13="نامعتبر",Entry!$D13=""),"",IF(ISNUMBER(FIND(" – ",Entry!$D13)),LEFT(Entry!$D13,FIND(" – ",Entry!$D13)-1),Entry!$D13)) | H13: =IF(Entry!$C13="","",Entry!$C13) | I13: =IF(Entry!$F13="",0,Entry!$F13) | J13: =IF(Entry!$G13="",0,Entry!$G13) | K13: =IF(Entry!$H13="",0,Entry!$H13) | L13: =IF(Entry!$K13="",0,Entry!$K13) | M13: =IF($G13="","",COUNTA(Entry!$M13,Entry!$R13,Entry!$W13,Entry!$AB13,Entry!$AG13,Entry!$AL13,Entry!$AQ13,Entry!$AV13,Entry!$BA13,Entry!$BF13,Entry!$BK13,Entry!$BP13,Entry!$BU13,Entry!$BZ13,Entry!$CE13))
A14: =IF(Entry!$B14="","",Entry!$B14) | B14: =IF($A14="","",IF(ISNUMBER($A14),IF(AND($A14>=10000101,$A14<=99991231),INT($A14/10000),""),IFERROR(VALUE(TRIM(LEFT($A14,FIND("/",$A14)-1))),""))) | C14: =IF(OR($A14="",$B14=""),"",IF(ISNUMBER($A14),INT(MOD($A14,10000)/100),IFERROR(VALUE(TRIM(LEFT(MID($A14,FIND("/",$A14)+1,20),FIND("/",MID($A14,FIND("/",$A14)+1,20))-1))),""))) | D14: =IF(OR($A14="",$B14=""),"",IF(ISNUMBER($A14),MOD($A14,100),IFERROR(VALUE(TRIM(MID(MID($A14,FIND("/",$A14)+1,20),FIND("/",MID($A14,FIND("/",$A14)+1,20))+1,20))),""))) | E14: =IF($A14="","",IF(OR($B14="",$C14="",$D14="",$B14<1300,$B14>1500,$C14<1,$C14>12,$D14<1,$D14>31),"نامعتبر",RIGHT("0000"&$B14,4)&"/"&RIGHT("00"&$C14,2)&"/"&RIGHT("00"&$D14,2))) | F14: =IF(OR($E14="",$E14="نامعتبر"),"",LEFT($E14,4)&"/"&MID($E14,6,2)) | G14: =IF(OR($E14="",$E14="نامعتبر",Entry!$D14=""),"",IF(ISNUMBER(FIND(" – ",Entry!$D14)),LEFT(Entry!$D14,FIND(" – ",Entry!$D14)-1),Entry!$D14)) | H14: =IF(Entry!$C14="","",Entry!$C14) | I14: =IF(Entry!$F14="",0,Entry!$F14) | J14: =IF(Entry!$G14="",0,Entry!$G14) | K14: =IF(Entry!$H14="",0,Entry!$H14) | L14: =IF(Entry!$K14="",0,Entry!$K14) | M14: =IF($G14="","",COUNTA(Entry!$M14,Entry!$R14,Entry!$W14,Entry!$AB14,Entry!$AG14,Entry!$AL14,Entry!$AQ14,Entry!$AV14,Entry!$BA14,Entry!$BF14,Entry!$BK14,Entry!$BP14,Entry!$BU14,Entry!$BZ14,Entry!$CE14))
A15: =IF(Entry!$B15="","",Entry!$B15) | B15: =IF($A15="","",IF(ISNUMBER($A15),IF(AND($A15>=10000101,$A15<=99991231),INT($A15/10000),""),IFERROR(VALUE(TRIM(LEFT($A15,FIND("/",$A15)-1))),""))) | C15: =IF(OR($A15="",$B15=""),"",IF(ISNUMBER($A15),INT(MOD($A15,10000)/100),IFERROR(VALUE(TRIM(LEFT(MID($A15,FIND("/",$A15)+1,20),FIND("/",MID($A15,FIND("/",$A15)+1,20))-1))),""))) | D15: =IF(OR($A15="",$B15=""),"",IF(ISNUMBER($A15),MOD($A15,100),IFERROR(VALUE(TRIM(MID(MID($A15,FIND("/",$A15)+1,20),FIND("/",MID($A15,FIND("/",$A15)+1,20))+1,20))),""))) | E15: =IF($A15="","",IF(OR($B15="",$C15="",$D15="",$B15<1300,$B15>1500,$C15<1,$C15>12,$D15<1,$D15>31),"نامعتبر",RIGHT("0000"&$B15,4)&"/"&RIGHT("00"&$C15,2)&"/"&RIGHT("00"&$D15,2))) | F15: =IF(OR($E15="",$E15="نامعتبر"),"",LEFT($E15,4)&"/"&MID($E15,6,2)) | G15: =IF(OR($E15="",$E15="نامعتبر",Entry!$D15=""),"",IF(ISNUMBER(FIND(" – ",Entry!$D15)),LEFT(Entry!$D15,FIND(" – ",Entry!$D15)-1),Entry!$D15)) | H15: =IF(Entry!$C15="","",Entry!$C15) | I15: =IF(Entry!$F15="",0,Entry!$F15) | J15: =IF(Entry!$G15="",0,Entry!$G15) | K15: =IF(Entry!$H15="",0,Entry!$H15) | L15: =IF(Entry!$K15="",0,Entry!$K15) | M15: =IF($G15="","",COUNTA(Entry!$M15,Entry!$R15,Entry!$W15,Entry!$AB15,Entry!$AG15,Entry!$AL15,Entry!$AQ15,Entry!$AV15,Entry!$BA15,Entry!$BF15,Entry!$BK15,Entry!$BP15,Entry!$BU15,Entry!$BZ15,Entry!$CE15))
A16: =IF(Entry!$B16="","",Entry!$B16) | B16: =IF($A16="","",IF(ISNUMBER($A16),IF(AND($A16>=10000101,$A16<=99991231),INT($A16/10000),""),IFERROR(VALUE(TRIM(LEFT($A16,FIND("/",$A16)-1))),""))) | C16: =IF(OR($A16="",$B16=""),"",IF(ISNUMBER($A16),INT(MOD($A16,10000)/100),IFERROR(VALUE(TRIM(LEFT(MID($A16,FIND("/",$A16)+1,20),FIND("/",MID($A16,FIND("/",$A16)+1,20))-1))),""))) | D16: =IF(OR($A16="",$B16=""),"",IF(ISNUMBER($A16),MOD($A16,100),IFERROR(VALUE(TRIM(MID(MID($A16,FIND("/",$A16)+1,20),FIND("/",MID($A16,FIND("/",$A16)+1,20))+1,20))),""))) | E16: =IF($A16="","",IF(OR($B16="",$C16="",$D16="",$B16<1300,$B16>1500,$C16<1,$C16>12,$D16<1,$D16>31),"نامعتبر",RIGHT("0000"&$B16,4)&"/"&RIGHT("00"&$C16,2)&"/"&RIGHT("00"&$D16,2))) | F16: =IF(OR($E16="",$E16="نامعتبر"),"",LEFT($E16,4)&"/"&MID($E16,6,2)) | G16: =IF(OR($E16="",$E16="نامعتبر",Entry!$D16=""),"",IF(ISNUMBER(FIND(" – ",Entry!$D16)),LEFT(Entry!$D16,FIND(" – ",Entry!$D16)-1),Entry!$D16)) | H16: =IF(Entry!$C16="","",Entry!$C16) | I16: =IF(Entry!$F16="",0,Entry!$F16) | J16: =IF(Entry!$G16="",0,Entry!$G16) | K16: =IF(Entry!$H16="",0,Entry!$H16) | L16: =IF(Entry!$K16="",0,Entry!$K16) | M16: =IF($G16="","",COUNTA(Entry!$M16,Entry!$R16,Entry!$W16,Entry!$AB16,Entry!$AG16,Entry!$AL16,Entry!$AQ16,Entry!$AV16,Entry!$BA16,Entry!$BF16,Entry!$BK16,Entry!$BP16,Entry!$BU16,Entry!$BZ16,Entry!$CE16))
A17: =IF(Entry!$B17="","",Entry!$B17) | B17: =IF($A17="","",IF(ISNUMBER($A17),IF(AND($A17>=10000101,$A17<=99991231),INT($A17/10000),""),IFERROR(VALUE(TRIM(LEFT($A17,FIND("/",$A17)-1))),""))) | C17: =IF(OR($A17="",$B17=""),"",IF(ISNUMBER($A17),INT(MOD($A17,10000)/100),IFERROR(VALUE(TRIM(LEFT(MID($A17,FIND("/",$A17)+1,20),FIND("/",MID($A17,FIND("/",$A17)+1,20))-1))),""))) | D17: =IF(OR($A17="",$B17=""),"",IF(ISNUMBER($A17),MOD($A17,100),IFERROR(VALUE(TRIM(MID(MID($A17,FIND("/",$A17)+1,20),FIND("/",MID($A17,FIND("/",$A17)+1,20))+1,20))),""))) | E17: =IF($A17="","",IF(OR($B17="",$C17="",$D17="",$B17<1300,$B17>1500,$C17<1,$C17>12,$D17<1,$D17>31),"نامعتبر",RIGHT("0000"&$B17,4)&"/"&RIGHT("00"&$C17,2)&"/"&RIGHT("00"&$D17,2))) | F17: =IF(OR($E17="",$E17="نامعتبر"),"",LEFT($E17,4)&"/"&MID($E17,6,2)) | G17: =IF(OR($E17="",$E17="نامعتبر",Entry!$D17=""),"",IF(ISNUMBER(FIND(" – ",Entry!$D17)),LEFT(Entry!$D17,FIND(" – ",Entry!$D17)-1),Entry!$D17)) | H17: =IF(Entry!$C17="","",Entry!$C17) | I17: =IF(Entry!$F17="",0,Entry!$F17) | J17: =IF(Entry!$G17="",0,Entry!$G17) | K17: =IF(Entry!$H17="",0,Entry!$H17) | L17: =IF(Entry!$K17="",0,Entry!$K17) | M17: =IF($G17="","",COUNTA(Entry!$M17,Entry!$R17,Entry!$W17,Entry!$AB17,Entry!$AG17,Entry!$AL17,Entry!$AQ17,Entry!$AV17,Entry!$BA17,Entry!$BF17,Entry!$BK17,Entry!$BP17,Entry!$BU17,Entry!$BZ17,Entry!$CE17))
