Workbook
Name ListUnits: Lists!$A$7:$A$32
Name ListRoles: Lists!$B$7:$B$32
Name ListCategories: Lists!$C$7:$C$32
Name ListYesNo: Lists!$D$7:$D$8
Name ListPT: PartyTypes!$B$7:$B$26
Name ListBaskets: OFFSET(Baskets!$E$7,0,0,MAX(COUNTIF(Baskets!$E$7:$E$36,"?*"),1),1)

Sheet Home
A1: مازندشت — سورتینگ و بسته‌بندی مرکبات
A2: باغدشت، بخش مرکزی، شهرستان قائم‌شهر، استان مازندران، ایران | MAZANDASHT · CITRUS SORTING & PACKING
A3: فایل مادر (INFO) — مرکز تعریف داده‌های سامانه مازندشت
A5: آمار ثبت‌شده‌ها:
A6: بانک‌ها | B6: مشتریان | C6: فروشندگان | D6: تأمین‌کنندگان | E6: سایر حساب‌ها | F6: کارکنان | G6: محصولات خرید | H6: محصولات فروش | I6: سبدها | J6: انبارها
A7: =COUNTA(Banks!$B$7:$B$16) | B7: =COUNTA(Customers!$C$7:$C$206) | C7: =COUNTA(Sellers!$B$7:$B$106) | D7: =COUNTA(Suppliers!$C$7:$C$106) | E7: =COUNTA(Accounts!$C$7:$C$56) | F7: =COUNTA(Staff!$B$7:$B$56) | G7: =COUNTA(Products_Buy!$B$7:$B$106) | H7: =COUNTA(Products_Sell!$B$7:$B$106) | I7: =COUNTA(Baskets!$B$7:$B$36) | J7: =COUNTA(Warehouses!$B$7:$B$21)
A9: فهرست شیت‌های این فایل
A10: Company | B10: مشخصات شرکت — منبع سرصفحه همه فایل‌ها
A11: Banks | B11: بانک‌ها — کد، عنوان روزمره، مانده اولیه، فعال بودن
A12: Customers | B12: مشتریان — کد C…
A13: Sellers | B13: فروشندگان (خریداران-بازفروش‌ها) — کد SL… و نوع مشتری (کشویی)
A14: Suppliers | B14: تأمین‌کنندگان (حجره‌داران، باغ‌داران، عوامل) — کد S…
A15: Accounts | B15: سایر حساب‌ها (کارمزد، مالیات، صندوق و…) — کد X…
A16: Staff | B16: کارکنان و فروشندگان — کد E…
A17: PartyTypes | B17: انواع طرف حساب — منبع کشوی Entry
A18: TxnTypes | B18: انواع تراکنش — قابل توسعه برای ماهیت‌های آینده
A19: Products_Buy | B19: محصولات خرید — کد PB…
A20: Products_Sell | B20: محصولات فروش — کد PS…
A21: Baskets | B21: انواع سبدها — کد BK…
... A23: Lists | B23: لیست‌های عمومی (واحد، سمت، دسته، بله/خیر)
A26: قواعد کدگذاری (در همه فایل‌ها یکسان است)
A27: موضوع | C27: قالب کد | F27: نکته
A28: بانک‌ها | C28: BANK01 … BANK10 | F28: کد ثابت — عنوان آزاد
A29: مشتریان | C29: C001, C002, … | F29: کد ثابت پس از تعریف
A30: فروشندگان | C30: SL001, SL002, … | F30: منبع کد حساب فایل فروش
A31: تأمین‌کنندگان | C31: S001, S002, …
A32: سایر حساب‌ها | C32: X001, X002, …
A33: کارکنان/فروشندگان | C33: E001, E002, …
A34: انواع طرف حساب | C34: PT01 … | F34: حجره‌دار، صادراتی، واسطه، نقدی و… — قابل گسترش
A35: انواع تراکنش | C35: T01 …
A36: محصولات خرید / فروش | C36: PB01… / PS01… | F36: محصول فروش: نوع سبد + نوع مرکبات دارد
A37: سبدها / انبارها | C37: BK01… / W01…
A39: قواعد طلایی
A40: ۱) هرگز کدها را تغییر ندهید؛ عنوان‌ها را آزادانه عوض کنید (سیستم با «کد» کار می‌کند، نه با عنوان).
A41: ۲) ردیف تازه = ردیف خالی آماده بعدی؛ کدها از قبل درج شده‌اند. بین ردیف‌ها ردیف خالی نگذارید.
A42: ۳) برای حذف، محتوای سلول‌ها را پاک کنید (Delete) — خودِ ردیف را حذف نکنید.
A43: ۴) این فایل و فایل تراکنش‌ها همیشه باید در یک پوشه باشند؛ مسیر لینک نسبی است.
A44: ۵) بعد از تغییر در این فایل، در فایل تراکنش‌ها: Data ← Edit Links ← Update Values.
A45: ۶) تاریخ‌ها همیشه شمسی با قالب 1405/07/10 (یا 14050710) و ساعت با قالب 09:30 (یا 9:30).
A46: ۷) اعداد را با ارقام لاتین (انگلیسی) وارد کنید تا فرمول‌ها درست کار کنند.

Sheet Company
A1: مازندشت — سورتینگ و بسته‌بندی مرکبات
A2: باغدشت، بخش مرکزی، شهرستان قائم‌شهر، استان مازندران، ایران | MAZANDASHT · CITRUS SORTING & PACKING
A3: مشخصات شرکت (به‌صورت خودکار در سرصفحه فایل‌های دیگر درج می‌شود)
B5: نام کامل شرکت | C5: شرکت سورتینگ و بسته‌بندی مرکبات مازندشت | H5: جای لوگو (Insert ← Picture)
B6: برند | C6: مازندشت
B7: زمینه فعالیت | C7: سورتینگ، بسته‌بندی و بازرگانی مرکبات
B8: نشانی | C8: باغدشت، بخش مرکزی، شهرستان قائم‌شهر، استان مازندران، ایران
B9: تلفن ثابت | C9: 011-00000000
B10: تلفن همراه | C10: 0911-0000000
B11: مدیرعامل | C11: (نام مدیرعامل)
B12: سال مالی | C12: 1405
B13: واحد پول | C13: ریال
B14: یادداشت | C14: این اطلاعات به‌صورت خودکار در سرصفحه فایل‌های دیگر تکرار می‌شود.

Sheet Banks
A1: مازندشت — سورتینگ و بسته‌بندی مرکبات
A2: باغدشت، بخش مرکزی، شهرستان قائم‌شهر، استان مازندران، ایران
A3: بانک‌ها و حساب‌های شرکت — ۱۰ حساب (کد ثابت، عنوان آزاد)
A4: کد حساب‌ها ثابت است (BANK01 تا BANK10) و در همه فایل‌ها همان است؛ عنوان نمایشی را آزادانه عوض کنید — فایل تراکنش‌ها خودکار به‌روز می‌شود. مشخصات رسمی (شعبه، شماره حساب، شبا و…) در سربرگ هر برگهٔ بانکی در فایل تراکنش‌ها به‌صورت دستی وارد می‌شود.
A5: کد حساب | B5: عنوان نمایشی (روزمره) | C5: مانده اولیه (ریال) | D5: فعال | E5: توضیحات
A6: Code | B6: Display Title | C6: Opening Balance | D6: Active | E6: Notes
A7: BANK01 | B7: ملت — جاری شرکت | C7: 500000000 | D7: بله | E7: حساب جاری اصلی شرکت (نمونه — ویرایش کنید)
A8: BANK02 | B8: صادرات — جاری شرکت | C8: 120000000 | D8: بله
A9: BANK03 | B9: حساب ۳ — تعریف نشده | C9: 0 | D9: بله | E9: عنوان و مانده اولیه را در همین ردیف تعریف کنید
A10: BANK04 | B10: حساب ۴ — تعریف نشده | C10: 0 | D10: بله
A11: BANK05 | B11: حساب ۵ — تعریف نشده | C11: 0 | D11: بله
A12: BANK06 | B12: حساب ۶ — تعریف نشده | C12: 0 | D12: بله
A13: BANK07 | B13: حساب ۷ — تعریف نشده | C13: 0 | D13: بله
A14: BANK08 | B14: حساب ۸ — تعریف نشده | C14: 0 | D14: بله
A15: BANK09 | B15: حساب ۹ — تعریف نشده | C15: 0 | D15: بله
A16: BANK10 | B16: حساب ۱۰ — تعریف نشده | C16: 0 | D16: بله

Sheet Customers
A1: مازندشت — سورتینگ و بسته‌بندی مرکبات
A2: باغدشت، بخش مرکزی، شهرستان قائم‌شهر، استان مازندران، ایران
A3: دفتر مشتریان
A4: کدها از C001 شروع می‌شوند و از قبل درج شده‌اند؛ فقط نام و مشخصات را بنویسید. کد را تغییر ندهید — ردیف‌های ثبت‌شده با همین کد خوانده می‌شوند.
A5: کد | B5: نوع طرف حساب | C5: نام / نام شرکت | D5: تلفن | E5: همراه | F5: نشانی | G5: توضیحات
A6: Code | B6: Party Type | C6: Name | D6: Phone | E6: Mobile | F6: Address | G6: Notes
A7: C001 | B7: مشتری عمده | C7: علی محمدی (نمونه) | D7: 011-33330001 | E7: 09110000001 | F7: بابل — میدان مرکبات | G7: نمونه — ویرایش کنید
A8: C002 | B8: مشتری صادراتی | C8: شرکت پارس میوه (نمونه) | D8: 011-33330002 | E8: 09110000002 | F8: ساری — شهرک صنعتی | G8: نمونه
A9: C003 | B9: مشتری خرده‌فروش | C9: فروشگاه بهار (نمونه) | D9: 011-33330003 | E9: 09110000003 | F9: قائم‌شهر — خیابان طالب آملی | G9: نمونه
A10: C004
A11: C005
A12: C006
A13: C007
A14: C008
A15: C009
A16: C010
A17: C011
A18: C012
A19: C013
A20: C014
A21: C015
... A206: C200

Sheet Sellers
A1: مازندشت — سورتینگ و بسته‌بندی مرکبات
A2: باغدشت، بخش مرکزی، شهرستان قائم‌شهر، استان مازندران، ایران
A3: دفتر فروشندگان (خریداران-بازفروش‌ها) — منبع کد حساب در فایل فروش
A4: کدها از SL001 شروع می‌شوند و از قبل درج شده‌اند. «نوع مشتری» را از کشویی انتخاب کنید — انواع آن در شیت PartyTypes تعریف می‌شود (حجره‌دار، صادراتی، واسطه، نقدی و…) و هر زمان قابل گسترش است.
A5: کد | B5: نام صاحب حساب | C5: نوع مشتری | D5: تلفن | E5: همراه | F5: نشانی | G5: توضیحات
A6: Code | B6: Account Holder | C6: Customer Type | D6: Phone | E6: Mobile | F6: Address | G6: Notes
A7: SL001 | B7: حاج رضا محمدی (نمونه) | C7: حجره‌دار میدان بار | D7: 021-55550001 | E7: 09120000001 | F7: تهران — میدان بار میوه و تره‌بار | G7: نمونه — ویرایش کنید
A8: SL002 | B8: شرکت گلسرای شمال (نمونه) | C8: مشتری صادراتی | D8: 011-55550002 | E8: 09120000002 | F8: ساری — شهرک صنعتی | G8: نمونه
A9: SL003 | B9: عباس نیک‌پی (نمونه — واسطه) | C9: واسطه | D9: 011-55550003 | E9: 09120000003 | F9: قائم‌شهر | G9: نمونه
A10: SL004 | B10: مشتری نقدی — پاساژ مرکزی (نمونه) | C10: مشتری نقدی | D10: 011-55550004 | E10: 09120000004 | F10: قائم‌شهر — پاساژ مرکزی | G10: نمونه
A11: SL005
A12: SL006
A13: SL007
A14: SL008
A15: SL009
A16: SL010
A17: SL011
A18: SL012
A19: SL013
A20: SL014
A21: SL015
A22: SL016
... A106: SL100

Sheet Suppliers
A1: مازندشت — سورتینگ و بسته‌بندی مرکبات
A2: باغدشت، بخش مرکزی، شهرستان قائم‌شهر، استان مازندران، ایران
A3: دفتر تأمین‌کنندگان (حجره‌داران میدان بار، باغ‌داران و عوامل)
A4: کدها از S001 شروع می‌شوند.
A5: کد | B5: نوع طرف حساب | C5: نام / باغ‌دار / حجره | D5: تلفن | E5: همراه | F5: نشانی | G5: توضیحات
A6: Code | B6: Party Type | C6: Name | D6: Phone | E6: Mobile | F6: Address | G6: Notes
A7: S001 | B7: باغ‌دار | C7: حسن رستمی (نمونه) | D7: 011-44440001 | E7: 09110000004 | F7: باغدشت | G7: خرید از باغ
A8: S002 | B8: حجره‌دار میدان بار | C8: کریم نوری (نمونه) | D8: 011-44440002 | E8: 09110000005 | F8: قائم‌شهر — میدان بار | G8: خرید از میدان بار
A9: S003 | B9: عامل خرید | C9: محسن کاظمی (نمونه) | D9: 011-44440003 | E9: 09110000006 | F9: جویبار | G9: نمونه
A10: S004
A11: S005
A12: S006
A13: S007
A14: S008
A15: S009
A16: S010
A17: S011
A18: S012
A19: S013
A20: S014
A21: S015
... A106: S100

Sheet Accounts
A1: مازندشت — سورتینگ و بسته‌بندی مرکبات
A2: باغدشت، بخش مرکزی، شهرستان قائم‌شهر، استان مازندران، ایران
A3: سایر حساب‌ها و عوامل (اداری، داخلی و متفرقه)
A4: کدها از X001 شروع می‌شوند — برای طرف‌هایی که مشتری یا تأمین‌کننده نیستند (کارمزد بانکی، مالیات، صندوق و…).
A5: کد | B5: نوع | C5: نام حساب | D5: توضیحات
A6: Code | B6: Type | C6: Account Name | D6: Notes
A7: X001 | B7: حساب اداری | C7: کارمزد و هزینه بانکی | D7: کارمزد، Thomson انتقال و similares
A8: X002 | B8: حساب اداری | C8: مالیات و عوارض
A9: X003 | B9: حساب داخلی | C9: صندوق / نقدی | D9: انتقال بین صندوق و بانک
A10: X004
A11: X005
A12: X006
A13: X007
A14: X008
A15: X009
A16: X010
A17: X011
A18: X012
A19: X013
A20: X014
A21: X015
... A56: X050

Sheet Staff
A1: مازندشت — سورتینگ و بسته‌بندی مرکبات
A2: باغدشت، بخش مرکزی، شهرستان قائم‌شهر، استان مازندران، ایران
A3: کارکنان و فروشندگان
A4: کدها از E001 شروع می‌شوند — برای هر فروشنده/کارمند کد جدا بدهید تا فایل‌های آینده (فروش هر فروشنده و…) روی همین کد ساخته شود.
A5: کد | B5: نام | C5: سمت | D5: همراه | E5: توضیحات
A6: Code | B6: Name | C6: Role | D6: Mobile | E6: Notes
A7: E001 | B7: (نام مدیرعامل) | C7: مدیرعامل | D7: 09110000010
A8: E002 | B8: (نام حسابدار) | C8: حسابدار | D8: 09110000011
A9: E003 | B9: (نام فروشنده ۱) | C9: فروشنده | D9: 09110000012
A10: E004 | B10: (نام انباردار) | C10: انباردار | D10: 09110000013
A11: E005
A12: E006
A13: E007
A14: E008
A15: E009
A16: E010
A17: E011
A18: E012
A19: E013
A20: E014
A21: E015
A22: E016
... A56: E050

Sheet PartyTypes
A1: مازندشت — سورتینگ و بسته‌بندی مرکبات
A2: باغدشت، بخش مرکزی، شهرستان قائم‌شهر، استان مازندران، ایران
A3: انواع طرف حساب (در فایل تراکنش‌ها به‌صورت کشویی انتخاب می‌شود)
A4: این لیست منبع کشوی «نوع طرف حساب» در شیت Entry است؛ می‌توانید هر تعداد نوع جدید تعریف کنید.
A5: کد | B5: عنوان | C5: گروه | D5: توضیح
A6: Code | B6: Title | C6: Group | D6: Note
A7: PT01 | B7: مشتری عمده | C7: مشتری
A8: PT02 | B8: مشتری صادراتی | C8: مشتری
A9: PT03 | B9: مشتری خرده‌فروش | C9: مشتری
A10: PT04 | B10: باغ‌دار | C10: تأمین‌کننده
A11: PT05 | B11: حجره‌دار میدان بار | C11: تأمین‌کننده
A12: PT06 | B12: عامل خرید | C12: تأمین‌کننده
A13: PT07 | B13: حساب اداری/داخلی | C13: سایر
A14: PT08 | B14: واسطه | C14: مشتری
A15: PT09 | B15: مشتری نقدی | C15: مشتری
A16: PT10 | B16: سایر | C16: سایر
A17: PT11
A18: PT12
A19: PT13
A20: PT14
A21: PT15
A22: PT16
A23: PT17
A24: PT18
A25: PT19
A26: PT20

Sheet TxnTypes
A1: مازندشت — سورتینگ و بسته‌بندی مرکبات
A2: باغدشت، بخش مرکزی، شهرستان قائم‌شهر، استان مازندران، ایران
A3: انواع تراکنش (قابل توسعه برای ماهیت‌های آینده)
A4: ستون نوع تراکنش در Entry فقط اطلاعاتی/تحلیلی است؛ واریز و برداشت از ستون‌های مبلغ خوانده می‌شود. در آینده می‌توانید ماهیت‌های تازه (انتقال، اصلاحیه و…) تعریف کنید.
A5: کد | B5: عنوان | C5: تأثیر بر مانده | D5: توضیح
A6: Code | B6: Title | C6: Balance Effect | D6: Note
A7: T01 | B7: واریز | C7: افزایش مانده
A8: T02 | B8: برداشت | C8: کاهش مانده
A9: T03 | B9: انتقال بین بانکی | C9: خنثی در مجموع
A10: T04 | B10: اصلاحیه / تعدیل | C10: طبق ماهیت
A11: T05 | B11: سایر | C11: طبق ماهیت
A12: T06
A13: T07
A14: T08
A15: T09
A16: T10
A17: T11
A18: T12
A19: T13
A20: T14

Sheet Products_Buy
A1: مازندشت — سورتینگ و بسته‌بندی مرکبات
A2: باغدشت، بخش مرکزی، شهرستان قائم‌شهر، استان مازندران، ایران
A3: محصولات خرید (ورودی کارخانه)
A4: کدها از PB01 شروع می‌شوند.
A5: کد | B5: نام محصول | C5: دسته | D5: واحد | E5: توضیحات
A6: Code | B6: Product | C6: Category | D6: Unit | E6: Notes
A7: PB01 | B7: پرتقال (عمومی) | C7: پرتقال | D7: کیلوگرم | E7: خرید از باغ/میدان بار
A8: PB02 | B8: نارنگی | C8: نارنگی | D8: کیلوگرم
A9: PB03 | B9: لیمو ترش | C9: لیمو | D9: کیلوگرم
A10: PB04 | B10: گریپ‌فرویت | C10: گریپ‌فرویت | D10: کیلوگرم
A11: PB05
A12: PB06
A13: PB07
A14: PB08
A15: PB09
A16: PB10
A17: PB11
A18: PB12
A19: PB13
A20: PB14
A21: PB15
A22: PB16
... A106: PB100

Sheet Products_Sell
A1: مازندشت — سورتینگ و بسته‌بندی مرکبات
A2: باغدشت، بخش مرکزی، شهرستان قائم‌شهر، استان مازندران، ایران
A3: محصولات فروش (خروجی سورتینگ و بسته‌بندی)
A4: کدها از PS01 شروع می‌شوند. «نوع سبد» را از کشویی انتخاب کنید (از شیت Baskets) — در فایل فروش، با انتخاب هر محصول، نوع سبد و نوع مرکبات آن خودکار نوشته می‌شود.
A5: کد | B5: نام محصول | C5: دسته (نوع مرکبات) | D5: واحد | E5: نوع سبد | F5: توضیحات
A6: Code | B6: Product | C6: Category | D6: Unit | E6: Basket | F6: Notes
A7: PS01 | B7: پرتقال درجه ۱ — بسته‌بندی | C7: پرتقال | D7: کیلوگرم | E7: BK03 | F7: خروج خط سورتینگ
A8: PS02 | B8: پرتقال درجه ۲ — عمومی | C8: پرتقال | D8: کیلوگرم | E8: BK02
A9: PS03 | B9: نارنگی درجه ۱ — بسته‌بندی | C9: نارنگی | D9: کیلوگرم | E9: BK03
A10: PS04 | B10: نارنگی عمومی | C10: نارنگی | D10: کیلوگرم | E10: BK01
A11: PS05
A12: PS06
A13: PS07
A14: PS08
A15: PS09
A16: PS10
A17: PS11
A18: PS12
A19: PS13
A20: PS14
A21: PS15
A22: PS16
... A106: PS100

Sheet Baskets
A1: مازندشت — سورتینگ و بسته‌بندی مرکبات
A2: باغدشت، بخش مرکزی، شهرستان قائم‌شهر، استان مازندران، ایران
A3: انواع سبدها و ظروف
A4: کدها از BK01 شروع می‌شوند. ستون آخر خودکار است و در کشوی «نوع سبد» محصولات استفاده می‌شود.
A5: کد | B5: نام | C5: ظرفیت (کیلوگرم) | D5: توضیحات | E5: برچسب کشویی (خودکار)
A6: Code | B6: Name | C6: Capacity | D6: Notes | E6: Label (auto)
A7: BK01 | B7: سبد ۵ کیلویی | C7: 5 | D7: سبد پلاستیکی | E7: =IF($A7="","",$A7&" – "&IF($B7="","(بدون عنوان)",$B7))
A8: BK02 | B8: سبد ۱۰ کیلویی | C8: 10 | D8: سبد پلاستیکی | E8: =IF($A8="","",$A8&" – "&IF($B8="","(بدون عنوان)",$B8))
A9: BK03 | B9: جعبه ۱۰ کیلویی | C9: 10 | D9: کارتن | E9: =IF($A9="","",$A9&" – "&IF($B9="","(بدون عنوان)",$B9))
A10: BK04 | E10: =IF($A10="","",$A10&" – "&IF($B10="","(بدون عنوان)",$B10))
A11: BK05 | E11: =IF($A11="","",$A11&" – "&IF($B11="","(بدون عنوان)",$B11))
A12: BK06 | E12: =IF($A12="","",$A12&" – "&IF($B12="","(بدون عنوان)",$B12))
A13: BK07 | E13: =IF($A13="","",$A13&" – "&IF($B13="","(بدون عنوان)",$B13))
A14: BK08 | E14: =IF($A14="","",$A14&" – "&IF($B14="","(بدون عنوان)",$B14))
A15: BK09 | E15: =IF($A15="","",$A15&" – "&IF($B15="","(بدون عنوان)",$B15))
A16: BK10 | E16: =IF($A16="","",$A16&" – "&IF($B16="","(بدون عنوان)",$B16))
A17: BK11 | E17: =IF($A17="","",$A17&" – "&IF($B17="","(بدون عنوان)",$B17))
A18: BK12 | E18: =IF($A18="","",$A18&" – "&IF($B18="","(بدون عنوان)",$B18))
A19: BK13 | E19: =IF($A19="","",$A19&" – "&IF($B19="","(بدون عنوان)",$B19))
A20: BK14 | E20: =IF($A20="","",$A20&" – "&IF($B20="","(بدون عنوان)",$B20))
A21: BK15 | E21: =IF($A21="","",$A21&" – "&IF($B21="","(بدون عنوان)",$B21))
... A36: BK30 | E36: =IF($A36="","",$A36&" – "&IF($B36="","(بدون عنوان)",$B36))

Sheet Warehouses
A1: مازندشت — سورتینگ و بسته‌بندی مرکبات
A2: باغدشت، بخش مرکزی، شهرستان قائم‌شهر، استان مازندران، ایران
A3: انبارها
A4: کدها از W01 شروع می‌شوند.
A5: کد | B5: نام انبار | C5: موقعیت | D5: انباردار | E5: توضیحات
A6: Code | B6: Warehouse | C6: Location | D6: Keeper | E6: Notes
A7: W01 | B7: انبار اصلی (باغدشت) | C7: باغدشت | D7: E004 | E7: انبار محصول
A8: W02 | B8: سردخانه ۱ | C8: باغدشت | D8: E004
A9: W03 | B9: سایبان سورتینگ | C9: باغدشت | D9: E004 | E9: ورودی خط سورتینگ
A10: W04
A11: W05
A12: W06
A13: W07
A14: W08
A15: W09
A16: W10
A17: W11
A18: W12
A19: W13
A20: W14
A21: W15

Sheet Lists
A1: مازندشت — سورتینگ و بسته‌بندی مرکبات
A2: باغدشت، بخش مرکزی، شهرستان قائم‌شهر، استان مازندران، ایران
A3: لیست‌های عمومی (منبع کشوهای این فایل)
A5: واحد شمارش | B5: سمت‌ها | C5: دسته محصولات | D5: بله/خیر
A6: Units | B6: Roles | C6: Categories | D6: Yes/No
A7: کیلوگرم | B7: مدیرعامل | C7: پرتقال | D7: بله
A8: جعبه | B8: حسابدار | C8: نارنگی | D8: خیر
A9: سبد | B9: فروشنده | C9: لیمو
A10: تن | B10: انباردار | C10: گریپ‌فرویت
A11: عدد | B11: سرپرست خط | C11: گیلاس
B12: کارگر | C12: سایر
