Workbook
Name BankTbl: Sync!$A$6:$D$15
Name CustTbl: Sync!$F$6:$G$205
Name SuppTbl: Sync!$I$6:$J$105
Name AcctTbl: Sync!$L$6:$M$55
Name StaffTbl: Sync!$O$6:$P$55
Name CustCodes: Sync!$F$6:$F$205
Name SuppCodes: Sync!$I$6:$I$105
Name AcctCodes: Sync!$L$6:$L$55
Name StaffCodes: Sync!$O$6:$O$55
Name ListBanks: OFFSET(Sync!$AT$6,0,0,MAX(COUNTIF(Sync!$AT$6:$AT$15,"?*"),1),1)
Name ListPartyTypes: OFFSET(Sync!$AO$6,0,0,MAX(COUNTIF(Sync!$AO$6:$AO$25,"?*"),1),1)
Name ListTxnTypes: OFFSET(Sync!$AQ$6,0,0,MAX(COUNTIF(Sync!$AQ$6:$AQ$19,"?*"),1),1)
Name CalcBank: Calc!$G$9:$G$2008
Name CalcKey: Calc!$H$9:$H$2008
Name CalcRankKey: Calc!$J$9:$J$2008
Name CalcNormDate: Calc!$E$9:$E$2008
Name CalcTime: Calc!$F$9:$F$2008
Name CalcMonth: Calc!$K$9:$K$2008
Name CalcDep: Calc!$L$9:$L$2008
Name CalcWit: Calc!$M$9:$M$2008
Name EntryDates: Entry!$C$9:$C$2008
Name EntryTimes: Entry!$D$9:$D$2008
Name EntryBanks: Entry!$E$9:$E$2008
Name EntryParty: Entry!$G$9:$G$2008
Name EntryPartyName: Entry!$H$9:$H$2008
Name EntryPartyType: Entry!$I$9:$I$2008
Name EntryTxnType: Entry!$J$9:$J$2008
Name EntryDep: Entry!$K$9:$K$2008
Name EntryWit: Entry!$L$9:$L$2008
Name EntryMan: Entry!$M$9:$M$2008
Name EntryTxnID: Entry!$B$9:$B$2008
Name EntryNotes: Entry!$P$9:$P$2008

Sheet Entry
A1: =IF(Sync!$AJ$6="","مازندشت",Sync!$AJ$6)&" — "&IF(Sync!$AJ$9="","سورتینگ و بسته‌بندی مرکبات",Sync!$AJ$9)
A2: =IF(Sync!$AJ$7="","باغدشت، بخش مرکزی، شهرستان قائم‌شهر، استان مازندران، ایران",Sync!$AJ$7)&" | MAZANDASHT · CITRUS SORTING & PACKING"
A3: ثبت تراکنش‌های بانکی — ورود داده (Entry)
A4: ستون‌های زرد = ورود دستی شما | ستون‌های خاکستری = خودکار. تاریخ: 1405/07/10 (یا 14050710) — ساعت: 09:30 (یا 9:30) — بانک و نوع‌ها از کشویی انتخاب شوند — کد طرف حساب را تایپ کنید (مثل C001 یا S001 یا X001) تا نامش بیاید.
A5: تعداد ردیف ثبت‌شده | D5: جمع واریز (ریال) | G5: جمع برداشت (ریال) | J5: تعداد √ منطبق | L5: تعداد × مغایر | N5: ظرفیت باقی‌مانده
A6: =COUNTA($C$9:$C$2008) | D6: =SUM($K$9:$K$2008) | G6: =SUM($L$9:$L$2008) | J6: =COUNTIF($O$9:$O$2008,"√") | L6: =COUNTIF($O$9:$O$2008,"×") | N6: =2000-COUNTA($C$9:$C$2008)
A7: ردیف | B7: شناسه | C7: تاریخ | D7: ساعت | E7: بانک | F7: نام بانک | G7: کد طرف حساب | H7: نام طرف حساب | I7: نوع طرف حساب | J7: نوع تراکنش | K7: مبلغ واریز (ریال) | L7: مبلغ برداشت (ریال) | M7: موجودی بانک (ریال) | N7: موجودی سیستم (ریال) | O7: وضعیت | P7: توضیحات
A8: No. | B8: TxnID | C8: Date | D8: Time | E8: Bank | F8: Bank Name | G8: Party Code | H8: Party | I8: Party Type | J8: Txn Type | K8: Deposit | L8: Withdrawal | M8: Bank Balance | N8: System Balance | O8: Status | P8: Notes
A9: =IF($C9="","",COUNTA($C$9:$C9)) | B9: =IF($C9="","","TXN-"&RIGHT("0000"&1,4)) | C9: 1405/07/01 | D9: 08:30 | E9: BANK01 – ملت — جاری شرکت | F9: =IF($E9="","",IFERROR(IF(VLOOKUP(LEFT(UPPER(TRIM($E9)),6),BankTbl,2,0)="","(بدون عنوان)",VLOOKUP(LEFT(UPPER(TRIM($E9)),6),BankTbl,2,0)),"بانک ناشناخته")) | G9: C001 | H9: =IF($G9="","",IFERROR(VLOOKUP($G9,CustTbl,2,0),IFERROR(VLOOKUP($G9,SuppTbl,2,0),IFERROR(VLOOKUP($G9,AcctTbl,2,0),IFERROR(VLOOKUP($G9,StaffTbl,2,0),"کد ناشناخته"))))) | I9: مشتری عمده | J9: واریز | K9: 250000000 | M9: 750000000 | N9: =IF(OR($C9="",$E9="",Calc!$H9=""),"",IFERROR(VLOOKUP(LEFT(UPPER(TRIM($E9)),6),BankTbl,3,0),0)+SUMIFS(CalcDep,CalcBank,LEFT(UPPER(TRIM($E9)),6),CalcKey,"<="&Calc!$H9)-SUMIFS(CalcWit,CalcBank,LEFT(UPPER(TRIM($E9)),6),CalcKey,"<="&Calc!$H9)) | O9: =IF(OR($C9="",$M9=""),"",IF($N9="","؟",IF(ROUND($M9-$N9,0)=0,"√","×"))) | P9: واریز بابت خرید مرکبات (ردیف نمونه)
A10: =IF($C10="","",COUNTA($C$9:$C10)) | B10: =IF($C10="","","TXN-"&RIGHT("0000"&2,4)) | C10: 1405/07/01 | D10: 10:15 | E10: BANK01 – ملت — جاری شرکت | F10: =IF($E10="","",IFERROR(IF(VLOOKUP(LEFT(UPPER(TRIM($E10)),6),BankTbl,2,0)="","(بدون عنوان)",VLOOKUP(LEFT(UPPER(TRIM($E10)),6),BankTbl,2,0)),"بانک ناشناخته")) | G10: X001 | H10: =IF($G10="","",IFERROR(VLOOKUP($G10,CustTbl,2,0),IFERROR(VLOOKUP($G10,SuppTbl,2,0),IFERROR(VLOOKUP($G10,AcctTbl,2,0),IFERROR(VLOOKUP($G10,StaffTbl,2,0),"کد ناشناخته"))))) | I10: حساب اداری/داخلی | J10: برداشت | L10: 1200000 | M10: 748800000 | N10: =IF(OR($C10="",$E10="",Calc!$H10=""),"",IFERROR(VLOOKUP(LEFT(UPPER(TRIM($E10)),6),BankTbl,3,0),0)+SUMIFS(CalcDep,CalcBank,LEFT(UPPER(TRIM($E10)),6),CalcKey,"<="&Calc!$H10)-SUMIFS(CalcWit,CalcBank,LEFT(UPPER(TRIM($E10)),6),CalcKey,"<="&Calc!$H10)) | O10: =IF(OR($C10="",$M10=""),"",IF($N10="","؟",IF(ROUND($M10-$N10,0)=0,"√","×"))) | P10: کارمزد بانکی (نمونه)
A11: =IF($C11="","",COUNTA($C$9:$C11)) | B11: =IF($C11="","","TXN-"&RIGHT("0000"&3,4)) | C11: 1405/07/02 | D11: 09:00 | E11: BANK01 – ملت — جاری شرکت | F11: =IF($E11="","",IFERROR(IF(VLOOKUP(LEFT(UPPER(TRIM($E11)),6),BankTbl,2,0)="","(بدون عنوان)",VLOOKUP(LEFT(UPPER(TRIM($E11)),6),BankTbl,2,0)),"بانک ناشناخته")) | G11: S002 | H11: =IF($G11="","",IFERROR(VLOOKUP($G11,CustTbl,2,0),IFERROR(VLOOKUP($G11,SuppTbl,2,0),IFERROR(VLOOKUP($G11,AcctTbl,2,0),IFERROR(VLOOKUP($G11,StaffTbl,2,0),"کد ناشناخته"))))) | I11: حجره‌دار میدان بار | J11: برداشت | L11: 80000000 | M11: 668800000 | N11: =IF(OR($C11="",$E11="",Calc!$H11=""),"",IFERROR(VLOOKUP(LEFT(UPPER(TRIM($E11)),6),BankTbl,3,0),0)+SUMIFS(CalcDep,CalcBank,LEFT(UPPER(TRIM($E11)),6),CalcKey,"<="&Calc!$H11)-SUMIFS(CalcWit,CalcBank,LEFT(UPPER(TRIM($E11)),6),CalcKey,"<="&Calc!$H11)) | O11: =IF(OR($C11="",$M11=""),"",IF($N11="","؟",IF(ROUND($M11-$N11,0)=0,"√","×"))) | P11: خرید پرتقال از میدان بار (نمونه)
A12: =IF($C12="","",COUNTA($C$9:$C12)) | B12: =IF($C12="","","TXN-"&RIGHT("0000"&4,4)) | C12: 1405/07/02 | D12: 12:45 | E12: BANK02 – صادرات — جاری شرکت | F12: =IF($E12="","",IFERROR(IF(VLOOKUP(LEFT(UPPER(TRIM($E12)),6),BankTbl,2,0)="","(بدون عنوان)",VLOOKUP(LEFT(UPPER(TRIM($E12)),6),BankTbl,2,0)),"بانک ناشناخته")) | G12: C002 | H12: =IF($G12="","",IFERROR(VLOOKUP($G12,CustTbl,2,0),IFERROR(VLOOKUP($G12,SuppTbl,2,0),IFERROR(VLOOKUP($G12,AcctTbl,2,0),IFERROR(VLOOKUP($G12,StaffTbl,2,0),"کد ناشناخته"))))) | I12: مشتری صادراتی | J12: واریز | K12: 90000000 | M12: 215000000 | N12: =IF(OR($C12="",$E12="",Calc!$H12=""),"",IFERROR(VLOOKUP(LEFT(UPPER(TRIM($E12)),6),BankTbl,3,0),0)+SUMIFS(CalcDep,CalcBank,LEFT(UPPER(TRIM($E12)),6),CalcKey,"<="&Calc!$H12)-SUMIFS(CalcWit,CalcBank,LEFT(UPPER(TRIM($E12)),6),CalcKey,"<="&Calc!$H12)) | O12: =IF(OR($C12="",$M12=""),"",IF($N12="","؟",IF(ROUND($M12-$N12,0)=0,"√","×"))) | P12: واریز مشتری — مغایرت عمدی برای نمایش × (نمونه)
A13: =IF($C13="","",COUNTA($C$9:$C13)) | B13: =IF($C13="","","TXN-"&RIGHT("0000"&5,4)) | C13: 1405/07/03 | D13: 11:20 | E13: BANK02 – صادرات — جاری شرکت | F13: =IF($E13="","",IFERROR(IF(VLOOKUP(LEFT(UPPER(TRIM($E13)),6),BankTbl,2,0)="","(بدون عنوان)",VLOOKUP(LEFT(UPPER(TRIM($E13)),6),BankTbl,2,0)),"بانک ناشناخته")) | G13: X003 | H13: =IF($G13="","",IFERROR(VLOOKUP($G13,CustTbl,2,0),IFERROR(VLOOKUP($G13,SuppTbl,2,0),IFERROR(VLOOKUP($G13,AcctTbl,2,0),IFERROR(VLOOKUP($G13,StaffTbl,2,0),"کد ناشناخته"))))) | I13: حساب اداری/داخلی | J13: برداشت | L13: 15000000 | N13: =IF(OR($C13="",$E13="",Calc!$H13=""),"",IFERROR(VLOOKUP(LEFT(UPPER(TRIM($E13)),6),BankTbl,3,0),0)+SUMIFS(CalcDep,CalcBank,LEFT(UPPER(TRIM($E13)),6),CalcKey,"<="&Calc!$H13)-SUMIFS(CalcWit,CalcBank,LEFT(UPPER(TRIM($E13)),6),CalcKey,"<="&Calc!$H13)) | O13: =IF(OR($C13="",$M13=""),"",IF($N13="","؟",IF(ROUND($M13-$N13,0)=0,"√","×"))) | P13: برداشت نقدی به صندوق — بدون کنترل مانده (نمونه)
A14: =IF($C14="","",COUNTA($C$9:$C14)) | B14: =IF($C14="","","TXN-"&RIGHT("0000"&6,4)) | C14: 1405/07/01 | D14: 08:30 | E14: BANK01 – ملت — جاری شرکت | F14: =IF($E14="","",IFERROR(IF(VLOOKUP(LEFT(UPPER(TRIM($E14)),6),BankTbl,2,0)="","(بدون عنوان)",VLOOKUP(LEFT(UPPER(TRIM($E14)),6),BankTbl,2,0)),"بانک ناشناخته")) | G14: C001 | H14: =IF($G14="","",IFERROR(VLOOKUP($G14,CustTbl,2,0),IFERROR(VLOOKUP($G14,SuppTbl,2,0),IFERROR(VLOOKUP($G14,AcctTbl,2,0),IFERROR(VLOOKUP($G14,StaffTbl,2,0),"کد ناشناخته"))))) | I14: مشتری عمده | J14: واریز | K14: 250000000 | M14: 750000000 | N14: =IF(OR($C14="",$E14="",Calc!$H14=""),"",IFERROR(VLOOKUP(LEFT(UPPER(TRIM($E14)),6),BankTbl,3,0),0)+SUMIFS(CalcDep,CalcBank,LEFT(UPPER(TRIM($E14)),6),CalcKey,"<="&Calc!$H14)-SUMIFS(CalcWit,CalcBank,LEFT(UPPER(TRIM($E14)),6),CalcKey,"<="&Calc!$H14)) | O14: =IF(OR($C14="",$M14=""),"",IF($N14="","؟",IF(ROUND($M14-$N14,0)=0,"√","×"))) | P14: ردیف تکراری — اثر آن را بر ستون وضعیت ببینید (نمونه)
A15: =IF($C15="","",COUNTA($C$9:$C15)) | B15: =IF($C15="","","TXN-"&RIGHT("0000"&7,4)) | F15: =IF($E15="","",IFERROR(IF(VLOOKUP(LEFT(UPPER(TRIM($E15)),6),BankTbl,2,0)="","(بدون عنوان)",VLOOKUP(LEFT(UPPER(TRIM($E15)),6),BankTbl,2,0)),"بانک ناشناخته")) | H15: =IF($G15="","",IFERROR(VLOOKUP($G15,CustTbl,2,0),IFERROR(VLOOKUP($G15,SuppTbl,2,0),IFERROR(VLOOKUP($G15,AcctTbl,2,0),IFERROR(VLOOKUP($G15,StaffTbl,2,0),"کد ناشناخته"))))) | N15: =IF(OR($C15="",$E15="",Calc!$H15=""),"",IFERROR(VLOOKUP(LEFT(UPPER(TRIM($E15)),6),BankTbl,3,0),0)+SUMIFS(CalcDep,CalcBank,LEFT(UPPER(TRIM($E15)),6),CalcKey,"<="&Calc!$H15)-SUMIFS(CalcWit,CalcBank,LEFT(UPPER(TRIM($E15)),6),CalcKey,"<="&Calc!$H15)) | O15: =IF(OR($C15="",$M15=""),"",IF($N15="","؟",IF(ROUND($M15-$N15,0)=0,"√","×")))
A16: =IF($C16="","",COUNTA($C$9:$C16)) | B16: =IF($C16="","","TXN-"&RIGHT("0000"&8,4)) | F16: =IF($E16="","",IFERROR(IF(VLOOKUP(LEFT(UPPER(TRIM($E16)),6),BankTbl,2,0)="","(بدون عنوان)",VLOOKUP(LEFT(UPPER(TRIM($E16)),6),BankTbl,2,0)),"بانک ناشناخته")) | H16: =IF($G16="","",IFERROR(VLOOKUP($G16,CustTbl,2,0),IFERROR(VLOOKUP($G16,SuppTbl,2,0),IFERROR(VLOOKUP($G16,AcctTbl,2,0),IFERROR(VLOOKUP($G16,StaffTbl,2,0),"کد ناشناخته"))))) | N16: =IF(OR($C16="",$E16="",Calc!$H16=""),"",IFERROR(VLOOKUP(LEFT(UPPER(TRIM($E16)),6),BankTbl,3,0),0)+SUMIFS(CalcDep,CalcBank,LEFT(UPPER(TRIM($E16)),6),CalcKey,"<="&Calc!$H16)-SUMIFS(CalcWit,CalcBank,LEFT(UPPER(TRIM($E16)),6),CalcKey,"<="&Calc!$H16)) | O16: =IF(OR($C16="",$M16=""),"",IF($N16="","؟",IF(ROUND($M16-$N16,0)=0,"√","×")))
A17: =IF($C17="","",COUNTA($C$9:$C17)) | B17: =IF($C17="","","TXN-"&RIGHT("0000"&9,4)) | F17: =IF($E17="","",IFERROR(IF(VLOOKUP(LEFT(UPPER(TRIM($E17)),6),BankTbl,2,0)="","(بدون عنوان)",VLOOKUP(LEFT(UPPER(TRIM($E17)),6),BankTbl,2,0)),"بانک ناشناخته")) | H17: =IF($G17="","",IFERROR(VLOOKUP($G17,CustTbl,2,0),IFERROR(VLOOKUP($G17,SuppTbl,2,0),IFERROR(VLOOKUP($G17,AcctTbl,2,0),IFERROR(VLOOKUP($G17,StaffTbl,2,0),"کد ناشناخته"))))) | N17: =IF(OR($C17="",$E17="",Calc!$H17=""),"",IFERROR(VLOOKUP(LEFT(UPPER(TRIM($E17)),6),BankTbl,3,0),0)+SUMIFS(CalcDep,CalcBank,LEFT(UPPER(TRIM($E17)),6),CalcKey,"<="&Calc!$H17)-SUMIFS(CalcWit,CalcBank,LEFT(UPPER(TRIM($E17)),6),CalcKey,"<="&Calc!$H17)) | O17: =IF(OR($C17="",$M17=""),"",IF($N17="","؟",IF(ROUND($M17-$N17,0)=0,"√","×")))
A18: =IF($C18="","",COUNTA($C$9:$C18)) | B18: =IF($C18="","","TXN-"&RIGHT("0000"&10,4)) | F18: =IF($E18="","",IFERROR(IF(VLOOKUP(LEFT(UPPER(TRIM($E18)),6),BankTbl,2,0)="","(بدون عنوان)",VLOOKUP(LEFT(UPPER(TRIM($E18)),6),BankTbl,2,0)),"بانک ناشناخته")) | H18: =IF($G18="","",IFERROR(VLOOKUP($G18,CustTbl,2,0),IFERROR(VLOOKUP($G18,SuppTbl,2,0),IFERROR(VLOOKUP($G18,AcctTbl,2,0),IFERROR(VLOOKUP($G18,StaffTbl,2,0),"کد ناشناخته"))))) | N18: =IF(OR($C18="",$E18="",Calc!$H18=""),"",IFERROR(VLOOKUP(LEFT(UPPER(TRIM($E18)),6),BankTbl,3,0),0)+SUMIFS(CalcDep,CalcBank,LEFT(UPPER(TRIM($E18)),6),CalcKey,"<="&Calc!$H18)-SUMIFS(CalcWit,CalcBank,LEFT(UPPER(TRIM($E18)),6),CalcKey,"<="&Calc!$H18)) | O18: =IF(OR($C18="",$M18=""),"",IF($N18="","؟",IF(ROUND($M18-$N18,0)=0,"√","×")))
A19: =IF($C19="","",COUNTA($C$9:$C19)) | B19: =IF($C19="","","TXN-"&RIGHT("0000"&11,4)) | F19: =IF($E19="","",IFERROR(IF(VLOOKUP(LEFT(UPPER(TRIM($E19)),6),BankTbl,2,0)="","(بدون عنوان)",VLOOKUP(LEFT(UPPER(TRIM($E19)),6),BankTbl,2,0)),"بانک ناشناخته")) | H19: =IF($G19="","",IFERROR(VLOOKUP($G19,CustTbl,2,0),IFERROR(VLOOKUP($G19,SuppTbl,2,0),IFERROR(VLOOKUP($G19,AcctTbl,2,0),IFERROR(VLOOKUP($G19,StaffTbl,2,0),"کد ناشناخته"))))) | N19: =IF(OR($C19="",$E19="",Calc!$H19=""),"",IFERROR(VLOOKUP(LEFT(UPPER(TRIM($E19)),6),BankTbl,3,0),0)+SUMIFS(CalcDep,CalcBank,LEFT(UPPER(TRIM($E19)),6),CalcKey,"<="&Calc!$H19)-SUMIFS(CalcWit,CalcBank,LEFT(UPPER(TRIM($E19)),6),CalcKey,"<="&Calc!$H19)) | O19: =IF(OR($C19="",$M19=""),"",IF($N19="","؟",IF(ROUND($M19-$N19,0)=0,"√","×")))
A20: =IF($C20="","",COUNTA($C$9:$C20)) | B20: =IF($C20="","","TXN-"&RIGHT("0000"&12,4)) | F20: =IF($E20="","",IFERROR(IF(VLOOKUP(LEFT(UPPER(TRIM($E20)),6),BankTbl,2,0)="","(بدون عنوان)",VLOOKUP(LEFT(UPPER(TRIM($E20)),6),BankTbl,2,0)),"بانک ناشناخته")) | H20: =IF($G20="","",IFERROR(VLOOKUP($G20,CustTbl,2,0),IFERROR(VLOOKUP($G20,SuppTbl,2,0),IFERROR(VLOOKUP($G20,AcctTbl,2,0),IFERROR(VLOOKUP($G20,StaffTbl,2,0),"کد ناشناخته"))))) | N20: =IF(OR($C20="",$E20="",Calc!$H20=""),"",IFERROR(VLOOKUP(LEFT(UPPER(TRIM($E20)),6),BankTbl,3,0),0)+SUMIFS(CalcDep,CalcBank,LEFT(UPPER(TRIM($E20)),6),CalcKey,"<="&Calc!$H20)-SUMIFS(CalcWit,CalcBank,LEFT(UPPER(TRIM($E20)),6),CalcKey,"<="&Calc!$H20)) | O20: =IF(OR($C20="",$M20=""),"",IF($N20="","؟",IF(ROUND($M20-$N20,0)=0,"√","×")))
A21: =IF($C21="","",COUNTA($C$9:$C21)) | B21: =IF($C21="","","TXN-"&RIGHT("0000"&13,4)) | F21: =IF($E21="","",IFERROR(IF(VLOOKUP(LEFT(UPPER(TRIM($E21)),6),BankTbl,2,0)="","(بدون عنوان)",VLOOKUP(LEFT(UPPER(TRIM($E21)),6),BankTbl,2,0)),"بانک ناشناخته")) | H21: =IF($G21="","",IFERROR(VLOOKUP($G21,CustTbl,2,0),IFERROR(VLOOKUP($G21,SuppTbl,2,0),IFERROR(VLOOKUP($G21,AcctTbl,2,0),IFERROR(VLOOKUP($G21,StaffTbl,2,0),"کد ناشناخته"))))) | N21: =IF(OR($C21="",$E21="",Calc!$H21=""),"",IFERROR(VLOOKUP(LEFT(UPPER(TRIM($E21)),6),BankTbl,3,0),0)+SUMIFS(CalcDep,CalcBank,LEFT(UPPER(TRIM($E21)),6),CalcKey,"<="&Calc!$H21)-SUMIFS(CalcWit,CalcBank,LEFT(UPPER(TRIM($E21)),6),CalcKey,"<="&Calc!$H21)) | O21: =IF(OR($C21="",$M21=""),"",IF($N21="","؟",IF(ROUND($M21-$N21,0)=0,"√","×")))
A22: =IF($C22="","",COUNTA($C$9:$C22)) | B22: =IF($C22="","","TXN-"&RIGHT("0000"&14,4)) | F22: =IF($E22="","",IFERROR(IF(VLOOKUP(LEFT(UPPER(TRIM($E22)),6),BankTbl,2,0)="","(بدون عنوان)",VLOOKUP(LEFT(UPPER(TRIM($E22)),6),BankTbl,2,0)),"بانک ناشناخته")) | H22: =IF($G22="","",IFERROR(VLOOKUP($G22,CustTbl,2,0),IFERROR(VLOOKUP($G22,SuppTbl,2,0),IFERROR(VLOOKUP($G22,AcctTbl,2,0),IFERROR(VLOOKUP($G22,StaffTbl,2,0),"کد ناشناخته"))))) | N22: =IF(OR($C22="",$E22="",Calc!$H22=""),"",IFERROR(VLOOKUP(LEFT(UPPER(TRIM($E22)),6),BankTbl,3,0),0)+SUMIFS(CalcDep,CalcBank,LEFT(UPPER(TRIM($E22)),6),CalcKey,"<="&Calc!$H22)-SUMIFS(CalcWit,CalcBank,LEFT(UPPER(TRIM($E22)),6),CalcKey,"<="&Calc!$H22)) | O22: =IF(OR($C22="",$M22=""),"",IF($N22="","؟",IF(ROUND($M22-$N22,0)=0,"√","×")))
A23: =IF($C23="","",COUNTA($C$9:$C23)) | B23: =IF($C23="","","TXN-"&RIGHT("0000"&15,4)) | F23: =IF($E23="","",IFERROR(IF(VLOOKUP(LEFT(UPPER(TRIM($E23)),6),BankTbl,2,0)="","(بدون عنوان)",VLOOKUP(LEFT(UPPER(TRIM($E23)),6),BankTbl,2,0)),"بانک ناشناخته")) | H23: =IF($G23="","",IFERROR(VLOOKUP($G23,CustTbl,2,0),IFERROR(VLOOKUP($G23,SuppTbl,2,0),IFERROR(VLOOKUP($G23,AcctTbl,2,0),IFERROR(VLOOKUP($G23,StaffTbl,2,0),"کد ناشناخته"))))) | N23: =IF(OR($C23="",$E23="",Calc!$H23=""),"",IFERROR(VLOOKUP(LEFT(UPPER(TRIM($E23)),6),BankTbl,3,0),0)+SUMIFS(CalcDep,CalcBank,LEFT(UPPER(TRIM($E23)),6),CalcKey,"<="&Calc!$H23)-SUMIFS(CalcWit,CalcBank,LEFT(UPPER(TRIM($E23)),6),CalcKey,"<="&Calc!$H23)) | O23: =IF(OR($C23="",$M23=""),"",IF($N23="","؟",IF(ROUND($M23-$N23,0)=0,"√","×")))
A24: =IF($C24="","",COUNTA($C$9:$C24)) | B24: =IF($C24="","","TXN-"&RIGHT("0000"&16,4)) | F24: =IF($E24="","",IFERROR(IF(VLOOKUP(LEFT(UPPER(TRIM($E24)),6),BankTbl,2,0)="","(بدون عنوان)",VLOOKUP(LEFT(UPPER(TRIM($E24)),6),BankTbl,2,0)),"بانک ناشناخته")) | H24: =IF($G24="","",IFERROR(VLOOKUP($G24,CustTbl,2,0),IFERROR(VLOOKUP($G24,SuppTbl,2,0),IFERROR(VLOOKUP($G24,AcctTbl,2,0),IFERROR(VLOOKUP($G24,StaffTbl,2,0),"کد ناشناخته"))))) | N24: =IF(OR($C24="",$E24="",Calc!$H24=""),"",IFERROR(VLOOKUP(LEFT(UPPER(TRIM($E24)),6),BankTbl,3,0),0)+SUMIFS(CalcDep,CalcBank,LEFT(UPPER(TRIM($E24)),6),CalcKey,"<="&Calc!$H24)-SUMIFS(CalcWit,CalcBank,LEFT(UPPER(TRIM($E24)),6),CalcKey,"<="&Calc!$H24)) | O24: =IF(OR($C24="",$M24=""),"",IF($N24="","؟",IF(ROUND($M24-$N24,0)=0,"√","×")))
A25: =IF($C25="","",COUNTA($C$9:$C25)) | B25: =IF($C25="","","TXN-"&RIGHT("0000"&17,4)) | F25: =IF($E25="","",IFERROR(IF(VLOOKUP(LEFT(UPPER(TRIM($E25)),6),BankTbl,2,0)="","(بدون عنوان)",VLOOKUP(LEFT(UPPER(TRIM($E25)),6),BankTbl,2,0)),"بانک ناشناخته")) | H25: =IF($G25="","",IFERROR(VLOOKUP($G25,CustTbl,2,0),IFERROR(VLOOKUP($G25,SuppTbl,2,0),IFERROR(VLOOKUP($G25,AcctTbl,2,0),IFERROR(VLOOKUP($G25,StaffTbl,2,0),"کد ناشناخته"))))) | N25: =IF(OR($C25="",$E25="",Calc!$H25=""),"",IFERROR(VLOOKUP(LEFT(UPPER(TRIM($E25)),6),BankTbl,3,0),0)+SUMIFS(CalcDep,CalcBank,LEFT(UPPER(TRIM($E25)),6),CalcKey,"<="&Calc!$H25)-SUMIFS(CalcWit,CalcBank,LEFT(UPPER(TRIM($E25)),6),CalcKey,"<="&Calc!$H25)) | O25: =IF(OR($C25="",$M25=""),"",IF($N25="","؟",IF(ROUND($M25-$N25,0)=0,"√","×")))
A26: =IF($C26="","",COUNTA($C$9:$C26)) | B26: =IF($C26="","","TXN-"&RIGHT("0000"&18,4)) | F26: =IF($E26="","",IFERROR(IF(VLOOKUP(LEFT(UPPER(TRIM($E26)),6),BankTbl,2,0)="","(بدون عنوان)",VLOOKUP(LEFT(UPPER(TRIM($E26)),6),BankTbl,2,0)),"بانک ناشناخته")) | H26: =IF($G26="","",IFERROR(VLOOKUP($G26,CustTbl,2,0),IFERROR(VLOOKUP($G26,SuppTbl,2,0),IFERROR(VLOOKUP($G26,AcctTbl,2,0),IFERROR(VLOOKUP($G26,StaffTbl,2,0),"کد ناشناخته"))))) | N26: =IF(OR($C26="",$E26="",Calc!$H26=""),"",IFERROR(VLOOKUP(LEFT(UPPER(TRIM($E26)),6),BankTbl,3,0),0)+SUMIFS(CalcDep,CalcBank,LEFT(UPPER(TRIM($E26)),6),CalcKey,"<="&Calc!$H26)-SUMIFS(CalcWit,CalcBank,LEFT(UPPER(TRIM($E26)),6),CalcKey,"<="&Calc!$H26)) | O26: =IF(OR($C26="",$M26=""),"",IF($N26="","؟",IF(ROUND($M26-$N26,0)=0,"√","×")))
A27: =IF($C27="","",COUNTA($C$9:$C27)) | B27: =IF($C27="","","TXN-"&RIGHT("0000"&19,4)) | F27: =IF($E27="","",IFERROR(IF(VLOOKUP(LEFT(UPPER(TRIM($E27)),6),BankTbl,2,0)="","(بدون عنوان)",VLOOKUP(LEFT(UPPER(TRIM($E27)),6),BankTbl,2,0)),"بانک ناشناخته")) | H27: =IF($G27="","",IFERROR(VLOOKUP($G27,CustTbl,2,0),IFERROR(VLOOKUP($G27,SuppTbl,2,0),IFERROR(VLOOKUP($G27,AcctTbl,2,0),IFERROR(VLOOKUP($G27,StaffTbl,2,0),"کد ناشناخته"))))) | N27: =IF(OR($C27="",$E27="",Calc!$H27=""),"",IFERROR(VLOOKUP(LEFT(UPPER(TRIM($E27)),6),BankTbl,3,0),0)+SUMIFS(CalcDep,CalcBank,LEFT(UPPER(TRIM($E27)),6),CalcKey,"<="&Calc!$H27)-SUMIFS(CalcWit,CalcBank,LEFT(UPPER(TRIM($E27)),6),CalcKey,"<="&Calc!$H27)) | O27: =IF(OR($C27="",$M27=""),"",IF($N27="","؟",IF(ROUND($M27-$N27,0)=0,"√","×")))
A28: =IF($C28="","",COUNTA($C$9:$C28)) | B28: =IF($C28="","","TXN-"&RIGHT("0000"&20,4)) | F28: =IF($E28="","",IFERROR(IF(VLOOKUP(LEFT(UPPER(TRIM($E28)),6),BankTbl,2,0)="","(بدون عنوان)",VLOOKUP(LEFT(UPPER(TRIM($E28)),6),BankTbl,2,0)),"بانک ناشناخته")) | H28: =IF($G28="","",IFERROR(VLOOKUP($G28,CustTbl,2,0),IFERROR(VLOOKUP($G28,SuppTbl,2,0),IFERROR(VLOOKUP($G28,AcctTbl,2,0),IFERROR(VLOOKUP($G28,StaffTbl,2,0),"کد ناشناخته"))))) | N28: =IF(OR($C28="",$E28="",Calc!$H28=""),"",IFERROR(VLOOKUP(LEFT(UPPER(TRIM($E28)),6),BankTbl,3,0),0)+SUMIFS(CalcDep,CalcBank,LEFT(UPPER(TRIM($E28)),6),CalcKey,"<="&Calc!$H28)-SUMIFS(CalcWit,CalcBank,LEFT(UPPER(TRIM($E28)),6),CalcKey,"<="&Calc!$H28)) | O28: =IF(OR($C28="",$M28=""),"",IF($N28="","؟",IF(ROUND($M28-$N28,0)=0,"√","×")))
A29: =IF($C29="","",COUNTA($C$9:$C29)) | B29: =IF($C29="","","TXN-"&RIGHT("0000"&21,4)) | F29: =IF($E29="","",IFERROR(IF(VLOOKUP(LEFT(UPPER(TRIM($E29)),6),BankTbl,2,0)="","(بدون عنوان)",VLOOKUP(LEFT(UPPER(TRIM($E29)),6),BankTbl,2,0)),"بانک ناشناخته")) | H29: =IF($G29="","",IFERROR(VLOOKUP($G29,CustTbl,2,0),IFERROR(VLOOKUP($G29,SuppTbl,2,0),IFERROR(VLOOKUP($G29,AcctTbl,2,0),IFERROR(VLOOKUP($G29,StaffTbl,2,0),"کد ناشناخته"))))) | N29: =IF(OR($C29="",$E29="",Calc!$H29=""),"",IFERROR(VLOOKUP(LEFT(UPPER(TRIM($E29)),6),BankTbl,3,0),0)+SUMIFS(CalcDep,CalcBank,LEFT(UPPER(TRIM($E29)),6),CalcKey,"<="&Calc!$H29)-SUMIFS(CalcWit,CalcBank,LEFT(UPPER(TRIM($E29)),6),CalcKey,"<="&Calc!$H29)) | O29: =IF(OR($C29="",$M29=""),"",IF($N29="","؟",IF(ROUND($M29-$N29,0)=0,"√","×")))
A30: =IF($C30="","",COUNTA($C$9:$C30)) | B30: =IF($C30="","","TXN-"&RIGHT("0000"&22,4)) | F30: =IF($E30="","",IFERROR(IF(VLOOKUP(LEFT(UPPER(TRIM($E30)),6),BankTbl,2,0)="","(بدون عنوان)",VLOOKUP(LEFT(UPPER(TRIM($E30)),6),BankTbl,2,0)),"بانک ناشناخته")) | H30: =IF($G30="","",IFERROR(VLOOKUP($G30,CustTbl,2,0),IFERROR(VLOOKUP($G30,SuppTbl,2,0),IFERROR(VLOOKUP($G30,AcctTbl,2,0),IFERROR(VLOOKUP($G30,StaffTbl,2,0),"کد ناشناخته"))))) | N30: =IF(OR($C30="",$E30="",Calc!$H30=""),"",IFERROR(VLOOKUP(LEFT(UPPER(TRIM($E30)),6),BankTbl,3,0),0)+SUMIFS(CalcDep,CalcBank,LEFT(UPPER(TRIM($E30)),6),CalcKey,"<="&Calc!$H30)-SUMIFS(CalcWit,CalcBank,LEFT(UPPER(TRIM($E30)),6),CalcKey,"<="&Calc!$H30)) | O30: =IF(OR($C30="",$M30=""),"",IF($N30="","؟",IF(ROUND($M30-$N30,0)=0,"√","×")))
A31: =IF($C31="","",COUNTA($C$9:$C31)) | B31: =IF($C31="","","TXN-"&RIGHT("0000"&23,4)) | F31: =IF($E31="","",IFERROR(IF(VLOOKUP(LEFT(UPPER(TRIM($E31)),6),BankTbl,2,0)="","(بدون عنوان)",VLOOKUP(LEFT(UPPER(TRIM($E31)),6),BankTbl,2,0)),"بانک ناشناخته")) | H31: =IF($G31="","",IFERROR(VLOOKUP($G31,CustTbl,2,0),IFERROR(VLOOKUP($G31,SuppTbl,2,0),IFERROR(VLOOKUP($G31,AcctTbl,2,0),IFERROR(VLOOKUP($G31,StaffTbl,2,0),"کد ناشناخته"))))) | N31: =IF(OR($C31="",$E31="",Calc!$H31=""),"",IFERROR(VLOOKUP(LEFT(UPPER(TRIM($E31)),6),BankTbl,3,0),0)+SUMIFS(CalcDep,CalcBank,LEFT(UPPER(TRIM($E31)),6),CalcKey,"<="&Calc!$H31)-SUMIFS(CalcWit,CalcBank,LEFT(UPPER(TRIM($E31)),6),CalcKey,"<="&Calc!$H31)) | O31: =IF(OR($C31="",$M31=""),"",IF($N31="","؟",IF(ROUND($M31-$N31,0)=0,"√","×")))
A32: =IF($C32="","",COUNTA($C$9:$C32)) | B32: =IF($C32="","","TXN-"&RIGHT("0000"&24,4)) | F32: =IF($E32="","",IFERROR(IF(VLOOKUP(LEFT(UPPER(TRIM($E32)),6),BankTbl,2,0)="","(بدون عنوان)",VLOOKUP(LEFT(UPPER(TRIM($E32)),6),BankTbl,2,0)),"بانک ناشناخته")) | H32: =IF($G32="","",IFERROR(VLOOKUP($G32,CustTbl,2,0),IFERROR(VLOOKUP($G32,SuppTbl,2,0),IFERROR(VLOOKUP($G32,AcctTbl,2,0),IFERROR(VLOOKUP($G32,StaffTbl,2,0),"کد ناشناخته"))))) | N32: =IF(OR($C32="",$E32="",Calc!$H32=""),"",IFERROR(VLOOKUP(LEFT(UPPER(TRIM($E32)),6),BankTbl,3,0),0)+SUMIFS(CalcDep,CalcBank,LEFT(UPPER(TRIM($E32)),6),CalcKey,"<="&Calc!$H32)-SUMIFS(CalcWit,CalcBank,LEFT(UPPER(TRIM($E32)),6),CalcKey,"<="&Calc!$H32)) | O32: =IF(OR($C32="",$M32=""),"",IF($N32="","؟",IF(ROUND($M32-$N32,0)=0,"√","×")))
A33: =IF($C33="","",COUNTA($C$9:$C33)) | B33: =IF($C33="","","TXN-"&RIGHT("0000"&25,4)) | F33: =IF($E33="","",IFERROR(IF(VLOOKUP(LEFT(UPPER(TRIM($E33)),6),BankTbl,2,0)="","(بدون عنوان)",VLOOKUP(LEFT(UPPER(TRIM($E33)),6),BankTbl,2,0)),"بانک ناشناخته")) | H33: =IF($G33="","",IFERROR(VLOOKUP($G33,CustTbl,2,0),IFERROR(VLOOKUP($G33,SuppTbl,2,0),IFERROR(VLOOKUP($G33,AcctTbl,2,0),IFERROR(VLOOKUP($G33,StaffTbl,2,0),"کد ناشناخته"))))) | N33: =IF(OR($C33="",$E33="",Calc!$H33=""),"",IFERROR(VLOOKUP(LEFT(UPPER(TRIM($E33)),6),BankTbl,3,0),0)+SUMIFS(CalcDep,CalcBank,LEFT(UPPER(TRIM($E33)),6),CalcKey,"<="&Calc!$H33)-SUMIFS(CalcWit,CalcBank,LEFT(UPPER(TRIM($E33)),6),CalcKey,"<="&Calc!$H33)) | O33: =IF(OR($C33="",$M33=""),"",IF($N33="","؟",IF(ROUND($M33-$N33,0)=0,"√","×")))
A34: =IF($C34="","",COUNTA($C$9:$C34)) | B34: =IF($C34="","","TXN-"&RIGHT("0000"&26,4)) | F34: =IF($E34="","",IFERROR(IF(VLOOKUP(LEFT(UPPER(TRIM($E34)),6),BankTbl,2,0)="","(بدون عنوان)",VLOOKUP(LEFT(UPPER(TRIM($E34)),6),BankTbl,2,0)),"بانک ناشناخته")) | H34: =IF($G34="","",IFERROR(VLOOKUP($G34,CustTbl,2,0),IFERROR(VLOOKUP($G34,SuppTbl,2,0),IFERROR(VLOOKUP($G34,AcctTbl,2,0),IFERROR(VLOOKUP($G34,StaffTbl,2,0),"کد ناشناخته"))))) | N34: =IF(OR($C34="",$E34="",Calc!$H34=""),"",IFERROR(VLOOKUP(LEFT(UPPER(TRIM($E34)),6),BankTbl,3,0),0)+SUMIFS(CalcDep,CalcBank,LEFT(UPPER(TRIM($E34)),6),CalcKey,"<="&Calc!$H34)-SUMIFS(CalcWit,CalcBank,LEFT(UPPER(TRIM($E34)),6),CalcKey,"<="&Calc!$H34)) | O34: =IF(OR($C34="",$M34=""),"",IF($N34="","؟",IF(ROUND($M34-$N34,0)=0,"√","×")))
A35: =IF($C35="","",COUNTA($C$9:$C35)) | B35: =IF($C35="","","TXN-"&RIGHT("0000"&27,4)) | F35: =IF($E35="","",IFERROR(IF(VLOOKUP(LEFT(UPPER(TRIM($E35)),6),BankTbl,2,0)="","(بدون عنوان)",VLOOKUP(LEFT(UPPER(TRIM($E35)),6),BankTbl,2,0)),"بانک ناشناخته")) | H35: =IF($G35="","",IFERROR(VLOOKUP($G35,CustTbl,2,0),IFERROR(VLOOKUP($G35,SuppTbl,2,0),IFERROR(VLOOKUP($G35,AcctTbl,2,0),IFERROR(VLOOKUP($G35,StaffTbl,2,0),"کد ناشناخته"))))) | N35: =IF(OR($C35="",$E35="",Calc!$H35=""),"",IFERROR(VLOOKUP(LEFT(UPPER(TRIM($E35)),6),BankTbl,3,0),0)+SUMIFS(CalcDep,CalcBank,LEFT(UPPER(TRIM($E35)),6),CalcKey,"<="&Calc!$H35)-SUMIFS(CalcWit,CalcBank,LEFT(UPPER(TRIM($E35)),6),CalcKey,"<="&Calc!$H35)) | O35: =IF(OR($C35="",$M35=""),"",IF($N35="","؟",IF(ROUND($M35-$N35,0)=0,"√","×")))
A36: =IF($C36="","",COUNTA($C$9:$C36)) | B36: =IF($C36="","","TXN-"&RIGHT("0000"&28,4)) | F36: =IF($E36="","",IFERROR(IF(VLOOKUP(LEFT(UPPER(TRIM($E36)),6),BankTbl,2,0)="","(بدون عنوان)",VLOOKUP(LEFT(UPPER(TRIM($E36)),6),BankTbl,2,0)),"بانک ناشناخته")) | H36: =IF($G36="","",IFERROR(VLOOKUP($G36,CustTbl,2,0),IFERROR(VLOOKUP($G36,SuppTbl,2,0),IFERROR(VLOOKUP($G36,AcctTbl,2,0),IFERROR(VLOOKUP($G36,StaffTbl,2,0),"کد ناشناخته"))))) | N36: =IF(OR($C36="",$E36="",Calc!$H36=""),"",IFERROR(VLOOKUP(LEFT(UPPER(TRIM($E36)),6),BankTbl,3,0),0)+SUMIFS(CalcDep,CalcBank,LEFT(UPPER(TRIM($E36)),6),CalcKey,"<="&Calc!$H36)-SUMIFS(CalcWit,CalcBank,LEFT(UPPER(TRIM($E36)),6),CalcKey,"<="&Calc!$H36)) | O36: =IF(OR($C36="",$M36=""),"",IF($N36="","؟",IF(ROUND($M36-$N36,0)=0,"√","×")))
A37: =IF($C37="","",COUNTA($C$9:$C37)) | B37: =IF($C37="","","TXN-"&RIGHT("0000"&29,4)) | F37: =IF($E37="","",IFERROR(IF(VLOOKUP(LEFT(UPPER(TRIM($E37)),6),BankTbl,2,0)="","(بدون عنوان)",VLOOKUP(LEFT(UPPER(TRIM($E37)),6),BankTbl,2,0)),"بانک ناشناخته")) | H37: =IF($G37="","",IFERROR(VLOOKUP($G37,CustTbl,2,0),IFERROR(VLOOKUP($G37,SuppTbl,2,0),IFERROR(VLOOKUP($G37,AcctTbl,2,0),IFERROR(VLOOKUP($G37,StaffTbl,2,0),"کد ناشناخته"))))) | N37: =IF(OR($C37="",$E37="",Calc!$H37=""),"",IFERROR(VLOOKUP(LEFT(UPPER(TRIM($E37)),6),BankTbl,3,0),0)+SUMIFS(CalcDep,CalcBank,LEFT(UPPER(TRIM($E37)),6),CalcKey,"<="&Calc!$H37)-SUMIFS(CalcWit,CalcBank,LEFT(UPPER(TRIM($E37)),6),CalcKey,"<="&Calc!$H37)) | O37: =IF(OR($C37="",$M37=""),"",IF($N37="","؟",IF(ROUND($M37-$N37,0)=0,"√","×")))
A38: =IF($C38="","",COUNTA($C$9:$C38)) | B38: =IF($C38="","","TXN-"&RIGHT("0000"&30,4)) | F38: =IF($E38="","",IFERROR(IF(VLOOKUP(LEFT(UPPER(TRIM($E38)),6),BankTbl,2,0)="","(بدون عنوان)",VLOOKUP(LEFT(UPPER(TRIM($E38)),6),BankTbl,2,0)),"بانک ناشناخته")) | H38: =IF($G38="","",IFERROR(VLOOKUP($G38,CustTbl,2,0),IFERROR(VLOOKUP($G38,SuppTbl,2,0),IFERROR(VLOOKUP($G38,AcctTbl,2,0),IFERROR(VLOOKUP($G38,StaffTbl,2,0),"کد ناشناخته"))))) | N38: =IF(OR($C38="",$E38="",Calc!$H38=""),"",IFERROR(VLOOKUP(LEFT(UPPER(TRIM($E38)),6),BankTbl,3,0),0)+SUMIFS(CalcDep,CalcBank,LEFT(UPPER(TRIM($E38)),6),CalcKey,"<="&Calc!$H38)-SUMIFS(CalcWit,CalcBank,LEFT(UPPER(TRIM($E38)),6),CalcKey,"<="&Calc!$H38)) | O38: =IF(OR($C38="",$M38=""),"",IF($N38="","؟",IF(ROUND($M38-$N38,0)=0,"√","×")))
A39: =IF($C39="","",COUNTA($C$9:$C39)) | B39: =IF($C39="","","TXN-"&RIGHT("0000"&31,4)) | F39: =IF($E39="","",IFERROR(IF(VLOOKUP(LEFT(UPPER(TRIM($E39)),6),BankTbl,2,0)="","(بدون عنوان)",VLOOKUP(LEFT(UPPER(TRIM($E39)),6),BankTbl,2,0)),"بانک ناشناخته")) | H39: =IF($G39="","",IFERROR(VLOOKUP($G39,CustTbl,2,0),IFERROR(VLOOKUP($G39,SuppTbl,2,0),IFERROR(VLOOKUP($G39,AcctTbl,2,0),IFERROR(VLOOKUP($G39,StaffTbl,2,0),"کد ناشناخته"))))) | N39: =IF(OR($C39="",$E39="",Calc!$H39=""),"",IFERROR(VLOOKUP(LEFT(UPPER(TRIM($E39)),6),BankTbl,3,0),0)+SUMIFS(CalcDep,CalcBank,LEFT(UPPER(TRIM($E39)),6),CalcKey,"<="&Calc!$H39)-SUMIFS(CalcWit,CalcBank,LEFT(UPPER(TRIM($E39)),6),CalcKey,"<="&Calc!$H39)) | O39: =IF(OR($C39="",$M39=""),"",IF($N39="","؟",IF(ROUND($M39-$N39,0)=0,"√","×")))
A40: =IF($C40="","",COUNTA($C$9:$C40)) | B40: =IF($C40="","","TXN-"&RIGHT("0000"&32,4)) | F40: =IF($E40="","",IFERROR(IF(VLOOKUP(LEFT(UPPER(TRIM($E40)),6),BankTbl,2,0)="","(بدون عنوان)",VLOOKUP(LEFT(UPPER(TRIM($E40)),6),BankTbl,2,0)),"بانک ناشناخته")) | H40: =IF($G40="","",IFERROR(VLOOKUP($G40,CustTbl,2,0),IFERROR(VLOOKUP($G40,SuppTbl,2,0),IFERROR(VLOOKUP($G40,AcctTbl,2,0),IFERROR(VLOOKUP($G40,StaffTbl,2,0),"کد ناشناخته"))))) | N40: =IF(OR($C40="",$E40="",Calc!$H40=""),"",IFERROR(VLOOKUP(LEFT(UPPER(TRIM($E40)),6),BankTbl,3,0),0)+SUMIFS(CalcDep,CalcBank,LEFT(UPPER(TRIM($E40)),6),CalcKey,"<="&Calc!$H40)-SUMIFS(CalcWit,CalcBank,LEFT(UPPER(TRIM($E40)),6),CalcKey,"<="&Calc!$H40)) | O40: =IF(OR($C40="",$M40=""),"",IF($N40="","؟",IF(ROUND($M40-$N40,0)=0,"√","×")))
A41: =IF($C41="","",COUNTA($C$9:$C41)) | B41: =IF($C41="","","TXN-"&RIGHT("0000"&33,4)) | F41: =IF($E41="","",IFERROR(IF(VLOOKUP(LEFT(UPPER(TRIM($E41)),6),BankTbl,2,0)="","(بدون عنوان)",VLOOKUP(LEFT(UPPER(TRIM($E41)),6),BankTbl,2,0)),"بانک ناشناخته")) | H41: =IF($G41="","",IFERROR(VLOOKUP($G41,CustTbl,2,0),IFERROR(VLOOKUP($G41,SuppTbl,2,0),IFERROR(VLOOKUP($G41,AcctTbl,2,0),IFERROR(VLOOKUP($G41,StaffTbl,2,0),"کد ناشناخته"))))) | N41: =IF(OR($C41="",$E41="",Calc!$H41=""),"",IFERROR(VLOOKUP(LEFT(UPPER(TRIM($E41)),6),BankTbl,3,0),0)+SUMIFS(CalcDep,CalcBank,LEFT(UPPER(TRIM($E41)),6),CalcKey,"<="&Calc!$H41)-SUMIFS(CalcWit,CalcBank,LEFT(UPPER(TRIM($E41)),6),CalcKey,"<="&Calc!$H41)) | O41: =IF(OR($C41="",$M41=""),"",IF($N41="","؟",IF(ROUND($M41-$N41,0)=0,"√","×")))
A42: =IF($C42="","",COUNTA($C$9:$C42)) | B42: =IF($C42="","","TXN-"&RIGHT("0000"&34,4)) | F42: =IF($E42="","",IFERROR(IF(VLOOKUP(LEFT(UPPER(TRIM($E42)),6),BankTbl,2,0)="","(بدون عنوان)",VLOOKUP(LEFT(UPPER(TRIM($E42)),6),BankTbl,2,0)),"بانک ناشناخته")) | H42: =IF($G42="","",IFERROR(VLOOKUP($G42,CustTbl,2,0),IFERROR(VLOOKUP($G42,SuppTbl,2,0),IFERROR(VLOOKUP($G42,AcctTbl,2,0),IFERROR(VLOOKUP($G42,StaffTbl,2,0),"کد ناشناخته"))))) | N42: =IF(OR($C42="",$E42="",Calc!$H42=""),"",IFERROR(VLOOKUP(LEFT(UPPER(TRIM($E42)),6),BankTbl,3,0),0)+SUMIFS(CalcDep,CalcBank,LEFT(UPPER(TRIM($E42)),6),CalcKey,"<="&Calc!$H42)-SUMIFS(CalcWit,CalcBank,LEFT(UPPER(TRIM($E42)),6),CalcKey,"<="&Calc!$H42)) | O42: =IF(OR($C42="",$M42=""),"",IF($N42="","؟",IF(ROUND($M42-$N42,0)=0,"√","×")))
A43: =IF($C43="","",COUNTA($C$9:$C43)) | B43: =IF($C43="","","TXN-"&RIGHT("0000"&35,4)) | F43: =IF($E43="","",IFERROR(IF(VLOOKUP(LEFT(UPPER(TRIM($E43)),6),BankTbl,2,0)="","(بدون عنوان)",VLOOKUP(LEFT(UPPER(TRIM($E43)),6),BankTbl,2,0)),"بانک ناشناخته")) | H43: =IF($G43="","",IFERROR(VLOOKUP($G43,CustTbl,2,0),IFERROR(VLOOKUP($G43,SuppTbl,2,0),IFERROR(VLOOKUP($G43,AcctTbl,2,0),IFERROR(VLOOKUP($G43,StaffTbl,2,0),"کد ناشناخته"))))) | N43: =IF(OR($C43="",$E43="",Calc!$H43=""),"",IFERROR(VLOOKUP(LEFT(UPPER(TRIM($E43)),6),BankTbl,3,0),0)+SUMIFS(CalcDep,CalcBank,LEFT(UPPER(TRIM($E43)),6),CalcKey,"<="&Calc!$H43)-SUMIFS(CalcWit,CalcBank,LEFT(UPPER(TRIM($E43)),6),CalcKey,"<="&Calc!$H43)) | O43: =IF(OR($C43="",$M43=""),"",IF($N43="","؟",IF(ROUND($M43-$N43,0)=0,"√","×")))
A44: =IF($C44="","",COUNTA($C$9:$C44)) | B44: =IF($C44="","","TXN-"&RIGHT("0000"&36,4)) | F44: =IF($E44="","",IFERROR(IF(VLOOKUP(LEFT(UPPER(TRIM($E44)),6),BankTbl,2,0)="","(بدون عنوان)",VLOOKUP(LEFT(UPPER(TRIM($E44)),6),BankTbl,2,0)),"بانک ناشناخته")) | H44: =IF($G44="","",IFERROR(VLOOKUP($G44,CustTbl,2,0),IFERROR(VLOOKUP($G44,SuppTbl,2,0),IFERROR(VLOOKUP($G44,AcctTbl,2,0),IFERROR(VLOOKUP($G44,StaffTbl,2,0),"کد ناشناخته"))))) | N44: =IF(OR($C44="",$E44="",Calc!$H44=""),"",IFERROR(VLOOKUP(LEFT(UPPER(TRIM($E44)),6),BankTbl,3,0),0)+SUMIFS(CalcDep,CalcBank,LEFT(UPPER(TRIM($E44)),6),CalcKey,"<="&Calc!$H44)-SUMIFS(CalcWit,CalcBank,LEFT(UPPER(TRIM($E44)),6),CalcKey,"<="&Calc!$H44)) | O44: =IF(OR($C44="",$M44=""),"",IF($N44="","؟",IF(ROUND($M44-$N44,0)=0,"√","×")))
A45: =IF($C45="","",COUNTA($C$9:$C45)) | B45: =IF($C45="","","TXN-"&RIGHT("0000"&37,4)) | F45: =IF($E45="","",IFERROR(IF(VLOOKUP(LEFT(UPPER(TRIM($E45)),6),BankTbl,2,0)="","(بدون عنوان)",VLOOKUP(LEFT(UPPER(TRIM($E45)),6),BankTbl,2,0)),"بانک ناشناخته")) | H45: =IF($G45="","",IFERROR(VLOOKUP($G45,CustTbl,2,0),IFERROR(VLOOKUP($G45,SuppTbl,2,0),IFERROR(VLOOKUP($G45,AcctTbl,2,0),IFERROR(VLOOKUP($G45,StaffTbl,2,0),"کد ناشناخته"))))) | N45: =IF(OR($C45="",$E45="",Calc!$H45=""),"",IFERROR(VLOOKUP(LEFT(UPPER(TRIM($E45)),6),BankTbl,3,0),0)+SUMIFS(CalcDep,CalcBank,LEFT(UPPER(TRIM($E45)),6),CalcKey,"<="&Calc!$H45)-SUMIFS(CalcWit,CalcBank,LEFT(UPPER(TRIM($E45)),6),CalcKey,"<="&Calc!$H45)) | O45: =IF(OR($C45="",$M45=""),"",IF($N45="","؟",IF(ROUND($M45-$N45,0)=0,"√","×")))
A46: =IF($C46="","",COUNTA($C$9:$C46)) | B46: =IF($C46="","","TXN-"&RIGHT("0000"&38,4)) | F46: =IF($E46="","",IFERROR(IF(VLOOKUP(LEFT(UPPER(TRIM($E46)),6),BankTbl,2,0)="","(بدون عنوان)",VLOOKUP(LEFT(UPPER(TRIM($E46)),6),BankTbl,2,0)),"بانک ناشناخته")) | H46: =IF($G46="","",IFERROR(VLOOKUP($G46,CustTbl,2,0),IFERROR(VLOOKUP($G46,SuppTbl,2,0),IFERROR(VLOOKUP($G46,AcctTbl,2,0),IFERROR(VLOOKUP($G46,StaffTbl,2,0),"کد ناشناخته"))))) | N46: =IF(OR($C46="",$E46="",Calc!$H46=""),"",IFERROR(VLOOKUP(LEFT(UPPER(TRIM($E46)),6),BankTbl,3,0),0)+SUMIFS(CalcDep,CalcBank,LEFT(UPPER(TRIM($E46)),6),CalcKey,"<="&Calc!$H46)-SUMIFS(CalcWit,CalcBank,LEFT(UPPER(TRIM($E46)),6),CalcKey,"<="&Calc!$H46)) | O46: =IF(OR($C46="",$M46=""),"",IF($N46="","؟",IF(ROUND($M46-$N46,0)=0,"√","×")))
A47: =IF($C47="","",COUNTA($C$9:$C47)) | B47: =IF($C47="","","TXN-"&RIGHT("0000"&39,4)) | F47: =IF($E47="","",IFERROR(IF(VLOOKUP(LEFT(UPPER(TRIM($E47)),6),BankTbl,2,0)="","(بدون عنوان)",VLOOKUP(LEFT(UPPER(TRIM($E47)),6),BankTbl,2,0)),"بانک ناشناخته")) | H47: =IF($G47="","",IFERROR(VLOOKUP($G47,CustTbl,2,0),IFERROR(VLOOKUP($G47,SuppTbl,2,0),IFERROR(VLOOKUP($G47,AcctTbl,2,0),IFERROR(VLOOKUP($G47,StaffTbl,2,0),"کد ناشناخته"))))) | N47: =IF(OR($C47="",$E47="",Calc!$H47=""),"",IFERROR(VLOOKUP(LEFT(UPPER(TRIM($E47)),6),BankTbl,3,0),0)+SUMIFS(CalcDep,CalcBank,LEFT(UPPER(TRIM($E47)),6),CalcKey,"<="&Calc!$H47)-SUMIFS(CalcWit,CalcBank,LEFT(UPPER(TRIM($E47)),6),CalcKey,"<="&Calc!$H47)) | O47: =IF(OR($C47="",$M47=""),"",IF($N47="","؟",IF(ROUND($M47-$N47,0)=0,"√","×")))
A48: =IF($C48="","",COUNTA($C$9:$C48)) | B48: =IF($C48="","","TXN-"&RIGHT("0000"&40,4)) | F48: =IF($E48="","",IFERROR(IF(VLOOKUP(LEFT(UPPER(TRIM($E48)),6),BankTbl,2,0)="","(بدون عنوان)",VLOOKUP(LEFT(UPPER(TRIM($E48)),6),BankTbl,2,0)),"بانک ناشناخته")) | H48: =IF($G48="","",IFERROR(VLOOKUP($G48,CustTbl,2,0),IFERROR(VLOOKUP($G48,SuppTbl,2,0),IFERROR(VLOOKUP($G48,AcctTbl,2,0),IFERROR(VLOOKUP($G48,StaffTbl,2,0),"کد ناشناخته"))))) | N48: =IF(OR($C48="",$E48="",Calc!$H48=""),"",IFERROR(VLOOKUP(LEFT(UPPER(TRIM($E48)),6),BankTbl,3,0),0)+SUMIFS(CalcDep,CalcBank,LEFT(UPPER(TRIM($E48)),6),CalcKey,"<="&Calc!$H48)-SUMIFS(CalcWit,CalcBank,LEFT(UPPER(TRIM($E48)),6),CalcKey,"<="&Calc!$H48)) | O48: =IF(OR($C48="",$M48=""),"",IF($N48="","؟",IF(ROUND($M48-$N48,0)=0,"√","×")))
A49: =IF($C49="","",COUNTA($C$9:$C49)) | B49: =IF($C49="","","TXN-"&RIGHT("0000"&41,4)) | F49: =IF($E49="","",IFERROR(IF(VLOOKUP(LEFT(UPPER(TRIM($E49)),6),BankTbl,2,0)="","(بدون عنوان)",VLOOKUP(LEFT(UPPER(TRIM($E49)),6),BankTbl,2,0)),"بانک ناشناخته")) | H49: =IF($G49="","",IFERROR(VLOOKUP($G49,CustTbl,2,0),IFERROR(VLOOKUP($G49,SuppTbl,2,0),IFERROR(VLOOKUP($G49,AcctTbl,2,0),IFERROR(VLOOKUP($G49,StaffTbl,2,0),"کد ناشناخته"))))) | N49: =IF(OR($C49="",$E49="",Calc!$H49=""),"",IFERROR(VLOOKUP(LEFT(UPPER(TRIM($E49)),6),BankTbl,3,0),0)+SUMIFS(CalcDep,CalcBank,LEFT(UPPER(TRIM($E49)),6),CalcKey,"<="&Calc!$H49)-SUMIFS(CalcWit,CalcBank,LEFT(UPPER(TRIM($E49)),6),CalcKey,"<="&Calc!$H49)) | O49: =IF(OR($C49="",$M49=""),"",IF($N49="","؟",IF(ROUND($M49-$N49,0)=0,"√","×")))
A50: =IF($C50="","",COUNTA($C$9:$C50)) | B50: =IF($C50="","","TXN-"&RIGHT("0000"&42,4)) | F50: =IF($E50="","",IFERROR(IF(VLOOKUP(LEFT(UPPER(TRIM($E50)),6),BankTbl,2,0)="","(بدون عنوان)",VLOOKUP(LEFT(UPPER(TRIM($E50)),6),BankTbl,2,0)),"بانک ناشناخته")) | H50: =IF($G50="","",IFERROR(VLOOKUP($G50,CustTbl,2,0),IFERROR(VLOOKUP($G50,SuppTbl,2,0),IFERROR(VLOOKUP($G50,AcctTbl,2,0),IFERROR(VLOOKUP($G50,StaffTbl,2,0),"کد ناشناخته"))))) | N50: =IF(OR($C50="",$E50="",Calc!$H50=""),"",IFERROR(VLOOKUP(LEFT(UPPER(TRIM($E50)),6),BankTbl,3,0),0)+SUMIFS(CalcDep,CalcBank,LEFT(UPPER(TRIM($E50)),6),CalcKey,"<="&Calc!$H50)-SUMIFS(CalcWit,CalcBank,LEFT(UPPER(TRIM($E50)),6),CalcKey,"<="&Calc!$H50)) | O50: =IF(OR($C50="",$M50=""),"",IF($N50="","؟",IF(ROUND($M50-$N50,0)=0,"√","×")))
A51: =IF($C51="","",COUNTA($C$9:$C51)) | B51: =IF($C51="","","TXN-"&RIGHT("0000"&43,4)) | F51: =IF($E51="","",IFERROR(IF(VLOOKUP(LEFT(UPPER(TRIM($E51)),6),BankTbl,2,0)="","(بدون عنوان)",VLOOKUP(LEFT(UPPER(TRIM($E51)),6),BankTbl,2,0)),"بانک ناشناخته")) | H51: =IF($G51="","",IFERROR(VLOOKUP($G51,CustTbl,2,0),IFERROR(VLOOKUP($G51,SuppTbl,2,0),IFERROR(VLOOKUP($G51,AcctTbl,2,0),IFERROR(VLOOKUP($G51,StaffTbl,2,0),"کد ناشناخته"))))) | N51: =IF(OR($C51="",$E51="",Calc!$H51=""),"",IFERROR(VLOOKUP(LEFT(UPPER(TRIM($E51)),6),BankTbl,3,0),0)+SUMIFS(CalcDep,CalcBank,LEFT(UPPER(TRIM($E51)),6),CalcKey,"<="&Calc!$H51)-SUMIFS(CalcWit,CalcBank,LEFT(UPPER(TRIM($E51)),6),CalcKey,"<="&Calc!$H51)) | O51: =IF(OR($C51="",$M51=""),"",IF($N51="","؟",IF(ROUND($M51-$N51,0)=0,"√","×")))
A52: =IF($C52="","",COUNTA($C$9:$C52)) | B52: =IF($C52="","","TXN-"&RIGHT("0000"&44,4)) | F52: =IF($E52="","",IFERROR(IF(VLOOKUP(LEFT(UPPER(TRIM($E52)),6),BankTbl,2,0)="","(بدون عنوان)",VLOOKUP(LEFT(UPPER(TRIM($E52)),6),BankTbl,2,0)),"بانک ناشناخته")) | H52: =IF($G52="","",IFERROR(VLOOKUP($G52,CustTbl,2,0),IFERROR(VLOOKUP($G52,SuppTbl,2,0),IFERROR(VLOOKUP($G52,AcctTbl,2,0),IFERROR(VLOOKUP($G52,StaffTbl,2,0),"کد ناشناخته"))))) | N52: =IF(OR($C52="",$E52="",Calc!$H52=""),"",IFERROR(VLOOKUP(LEFT(UPPER(TRIM($E52)),6),BankTbl,3,0),0)+SUMIFS(CalcDep,CalcBank,LEFT(UPPER(TRIM($E52)),6),CalcKey,"<="&Calc!$H52)-SUMIFS(CalcWit,CalcBank,LEFT(UPPER(TRIM($E52)),6),CalcKey,"<="&Calc!$H52)) | O52: =IF(OR($C52="",$M52=""),"",IF($N52="","؟",IF(ROUND($M52-$N52,0)=0,"√","×")))
A53: =IF($C53="","",COUNTA($C$9:$C53)) | B53: =IF($C53="","","TXN-"&RIGHT("0000"&45,4)) | F53: =IF($E53="","",IFERROR(IF(VLOOKUP(LEFT(UPPER(TRIM($E53)),6),BankTbl,2,0)="","(بدون عنوان)",VLOOKUP(LEFT(UPPER(TRIM($E53)),6),BankTbl,2,0)),"بانک ناشناخته")) | H53: =IF($G53="","",IFERROR(VLOOKUP($G53,CustTbl,2,0),IFERROR(VLOOKUP($G53,SuppTbl,2,0),IFERROR(VLOOKUP($G53,AcctTbl,2,0),IFERROR(VLOOKUP($G53,StaffTbl,2,0),"کد ناشناخته"))))) | N53: =IF(OR($C53="",$E53="",Calc!$H53=""),"",IFERROR(VLOOKUP(LEFT(UPPER(TRIM($E53)),6),BankTbl,3,0),0)+SUMIFS(CalcDep,CalcBank,LEFT(UPPER(TRIM($E53)),6),CalcKey,"<="&Calc!$H53)-SUMIFS(CalcWit,CalcBank,LEFT(UPPER(TRIM($E53)),6),CalcKey,"<="&Calc!$H53)) | O53: =IF(OR($C53="",$M53=""),"",IF($N53="","؟",IF(ROUND($M53-$N53,0)=0,"√","×")))
A54: =IF($C54="","",COUNTA($C$9:$C54)) | B54: =IF($C54="","","TXN-"&RIGHT("0000"&46,4)) | F54: =IF($E54="","",IFERROR(IF(VLOOKUP(LEFT(UPPER(TRIM($E54)),6),BankTbl,2,0)="","(بدون عنوان)",VLOOKUP(LEFT(UPPER(TRIM($E54)),6),BankTbl,2,0)),"بانک ناشناخته")) | H54: =IF($G54="","",IFERROR(VLOOKUP($G54,CustTbl,2,0),IFERROR(VLOOKUP($G54,SuppTbl,2,0),IFERROR(VLOOKUP($G54,AcctTbl,2,0),IFERROR(VLOOKUP($G54,StaffTbl,2,0),"کد ناشناخته"))))) | N54: =IF(OR($C54="",$E54="",Calc!$H54=""),"",IFERROR(VLOOKUP(LEFT(UPPER(TRIM($E54)),6),BankTbl,3,0),0)+SUMIFS(CalcDep,CalcBank,LEFT(UPPER(TRIM($E54)),6),CalcKey,"<="&Calc!$H54)-SUMIFS(CalcWit,CalcBank,LEFT(UPPER(TRIM($E54)),6),CalcKey,"<="&Calc!$H54)) | O54: =IF(OR($C54="",$M54=""),"",IF($N54="","؟",IF(ROUND($M54-$N54,0)=0,"√","×")))
A55: =IF($C55="","",COUNTA($C$9:$C55)) | B55: =IF($C55="","","TXN-"&RIGHT("0000"&47,4)) | F55: =IF($E55="","",IFERROR(IF(VLOOKUP(LEFT(UPPER(TRIM($E55)),6),BankTbl,2,0)="","(بدون عنوان)",VLOOKUP(LEFT(UPPER(TRIM($E55)),6),BankTbl,2,0)),"بانک ناشناخته")) | H55: =IF($G55="","",IFERROR(VLOOKUP($G55,CustTbl,2,0),IFERROR(VLOOKUP($G55,SuppTbl,2,0),IFERROR(VLOOKUP($G55,AcctTbl,2,0),IFERROR(VLOOKUP($G55,StaffTbl,2,0),"کد ناشناخته"))))) | N55: =IF(OR($C55="",$E55="",Calc!$H55=""),"",IFERROR(VLOOKUP(LEFT(UPPER(TRIM($E55)),6),BankTbl,3,0),0)+SUMIFS(CalcDep,CalcBank,LEFT(UPPER(TRIM($E55)),6),CalcKey,"<="&Calc!$H55)-SUMIFS(CalcWit,CalcBank,LEFT(UPPER(TRIM($E55)),6),CalcKey,"<="&Calc!$H55)) | O55: =IF(OR($C55="",$M55=""),"",IF($N55="","؟",IF(ROUND($M55-$N55,0)=0,"√","×")))
A56: =IF($C56="","",COUNTA($C$9:$C56)) | B56: =IF($C56="","","TXN-"&RIGHT("0000"&48,4)) | F56: =IF($E56="","",IFERROR(IF(VLOOKUP(LEFT(UPPER(TRIM($E56)),6),BankTbl,2,0)="","(بدون عنوان)",VLOOKUP(LEFT(UPPER(TRIM($E56)),6),BankTbl,2,0)),"بانک ناشناخته")) | H56: =IF($G56="","",IFERROR(VLOOKUP($G56,CustTbl,2,0),IFERROR(VLOOKUP($G56,SuppTbl,2,0),IFERROR(VLOOKUP($G56,AcctTbl,2,0),IFERROR(VLOOKUP($G56,StaffTbl,2,0),"کد ناشناخته"))))) | N56: =IF(OR($C56="",$E56="",Calc!$H56=""),"",IFERROR(VLOOKUP(LEFT(UPPER(TRIM($E56)),6),BankTbl,3,0),0)+SUMIFS(CalcDep,CalcBank,LEFT(UPPER(TRIM($E56)),6),CalcKey,"<="&Calc!$H56)-SUMIFS(CalcWit,CalcBank,LEFT(UPPER(TRIM($E56)),6),CalcKey,"<="&Calc!$H56)) | O56: =IF(OR($C56="",$M56=""),"",IF($N56="","؟",IF(ROUND($M56-$N56,0)=0,"√","×")))
A57: =IF($C57="","",COUNTA($C$9:$C57)) | B57: =IF($C57="","","TXN-"&RIGHT("0000"&49,4)) | F57: =IF($E57="","",IFERROR(IF(VLOOKUP(LEFT(UPPER(TRIM($E57)),6),BankTbl,2,0)="","(بدون عنوان)",VLOOKUP(LEFT(UPPER(TRIM($E57)),6),BankTbl,2,0)),"بانک ناشناخته")) | H57: =IF($G57="","",IFERROR(VLOOKUP($G57,CustTbl,2,0),IFERROR(VLOOKUP($G57,SuppTbl,2,0),IFERROR(VLOOKUP($G57,AcctTbl,2,0),IFERROR(VLOOKUP($G57,StaffTbl,2,0),"کد ناشناخته"))))) | N57: =IF(OR($C57="",$E57="",Calc!$H57=""),"",IFERROR(VLOOKUP(LEFT(UPPER(TRIM($E57)),6),BankTbl,3,0),0)+SUMIFS(CalcDep,CalcBank,LEFT(UPPER(TRIM($E57)),6),CalcKey,"<="&Calc!$H57)-SUMIFS(CalcWit,CalcBank,LEFT(UPPER(TRIM($E57)),6),CalcKey,"<="&Calc!$H57)) | O57: =IF(OR($C57="",$M57=""),"",IF($N57="","؟",IF(ROUND($M57-$N57,0)=0,"√","×")))
A58: =IF($C58="","",COUNTA($C$9:$C58)) | B58: =IF($C58="","","TXN-"&RIGHT("0000"&50,4)) | F58: =IF($E58="","",IFERROR(IF(VLOOKUP(LEFT(UPPER(TRIM($E58)),6),BankTbl,2,0)="","(بدون عنوان)",VLOOKUP(LEFT(UPPER(TRIM($E58)),6),BankTbl,2,0)),"بانک ناشناخته")) | H58: =IF($G58="","",IFERROR(VLOOKUP($G58,CustTbl,2,0),IFERROR(VLOOKUP($G58,SuppTbl,2,0),IFERROR(VLOOKUP($G58,AcctTbl,2,0),IFERROR(VLOOKUP($G58,StaffTbl,2,0),"کد ناشناخته"))))) | N58: =IF(OR($C58="",$E58="",Calc!$H58=""),"",IFERROR(VLOOKUP(LEFT(UPPER(TRIM($E58)),6),BankTbl,3,0),0)+SUMIFS(CalcDep,CalcBank,LEFT(UPPER(TRIM($E58)),6),CalcKey,"<="&Calc!$H58)-SUMIFS(CalcWit,CalcBank,LEFT(UPPER(TRIM($E58)),6),CalcKey,"<="&Calc!$H58)) | O58: =IF(OR($C58="",$M58=""),"",IF($N58="","؟",IF(ROUND($M58-$N58,0)=0,"√","×")))
A59: =IF($C59="","",COUNTA($C$9:$C59)) | B59: =IF($C59="","","TXN-"&RIGHT("0000"&51,4)) | F59: =IF($E59="","",IFERROR(IF(VLOOKUP(LEFT(UPPER(TRIM($E59)),6),BankTbl,2,0)="","(بدون عنوان)",VLOOKUP(LEFT(UPPER(TRIM($E59)),6),BankTbl,2,0)),"بانک ناشناخته")) | H59: =IF($G59="","",IFERROR(VLOOKUP($G59,CustTbl,2,0),IFERROR(VLOOKUP($G59,SuppTbl,2,0),IFERROR(VLOOKUP($G59,AcctTbl,2,0),IFERROR(VLOOKUP($G59,StaffTbl,2,0),"کد ناشناخته"))))) | N59: =IF(OR($C59="",$E59="",Calc!$H59=""),"",IFERROR(VLOOKUP(LEFT(UPPER(TRIM($E59)),6),BankTbl,3,0),0)+SUMIFS(CalcDep,CalcBank,LEFT(UPPER(TRIM($E59)),6),CalcKey,"<="&Calc!$H59)-SUMIFS(CalcWit,CalcBank,LEFT(UPPER(TRIM($E59)),6),CalcKey,"<="&Calc!$H59)) | O59: =IF(OR($C59="",$M59=""),"",IF($N59="","؟",IF(ROUND($M59-$N59,0)=0,"√","×")))
A60: =IF($C60="","",COUNTA($C$9:$C60)) | B60: =IF($C60="","","TXN-"&RIGHT("0000"&52,4)) | F60: =IF($E60="","",IFERROR(IF(VLOOKUP(LEFT(UPPER(TRIM($E60)),6),BankTbl,2,0)="","(بدون عنوان)",VLOOKUP(LEFT(UPPER(TRIM($E60)),6),BankTbl,2,0)),"بانک ناشناخته")) | H60: =IF($G60="","",IFERROR(VLOOKUP($G60,CustTbl,2,0),IFERROR(VLOOKUP($G60,SuppTbl,2,0),IFERROR(VLOOKUP($G60,AcctTbl,2,0),IFERROR(VLOOKUP($G60,StaffTbl,2,0),"کد ناشناخته"))))) | N60: =IF(OR($C60="",$E60="",Calc!$H60=""),"",IFERROR(VLOOKUP(LEFT(UPPER(TRIM($E60)),6),BankTbl,3,0),0)+SUMIFS(CalcDep,CalcBank,LEFT(UPPER(TRIM($E60)),6),CalcKey,"<="&Calc!$H60)-SUMIFS(CalcWit,CalcBank,LEFT(UPPER(TRIM($E60)),6),CalcKey,"<="&Calc!$H60)) | O60: =IF(OR($C60="",$M60=""),"",IF($N60="","؟",IF(ROUND($M60-$N60,0)=0,"√","×")))
A61: =IF($C61="","",COUNTA($C$9:$C61)) | B61: =IF($C61="","","TXN-"&RIGHT("0000"&53,4)) | F61: =IF($E61="","",IFERROR(IF(VLOOKUP(LEFT(UPPER(TRIM($E61)),6),BankTbl,2,0)="","(بدون عنوان)",VLOOKUP(LEFT(UPPER(TRIM($E61)),6),BankTbl,2,0)),"بانک ناشناخته")) | H61: =IF($G61="","",IFERROR(VLOOKUP($G61,CustTbl,2,0),IFERROR(VLOOKUP($G61,SuppTbl,2,0),IFERROR(VLOOKUP($G61,AcctTbl,2,0),IFERROR(VLOOKUP($G61,StaffTbl,2,0),"کد ناشناخته"))))) | N61: =IF(OR($C61="",$E61="",Calc!$H61=""),"",IFERROR(VLOOKUP(LEFT(UPPER(TRIM($E61)),6),BankTbl,3,0),0)+SUMIFS(CalcDep,CalcBank,LEFT(UPPER(TRIM($E61)),6),CalcKey,"<="&Calc!$H61)-SUMIFS(CalcWit,CalcBank,LEFT(UPPER(TRIM($E61)),6),CalcKey,"<="&Calc!$H61)) | O61: =IF(OR($C61="",$M61=""),"",IF($N61="","؟",IF(ROUND($M61-$N61,0)=0,"√","×")))
A62: =IF($C62="","",COUNTA($C$9:$C62)) | B62: =IF($C62="","","TXN-"&RIGHT("0000"&54,4)) | F62: =IF($E62="","",IFERROR(IF(VLOOKUP(LEFT(UPPER(TRIM($E62)),6),BankTbl,2,0)="","(بدون عنوان)",VLOOKUP(LEFT(UPPER(TRIM($E62)),6),BankTbl,2,0)),"بانک ناشناخته")) | H62: =IF($G62="","",IFERROR(VLOOKUP($G62,CustTbl,2,0),IFERROR(VLOOKUP($G62,SuppTbl,2,0),IFERROR(VLOOKUP($G62,AcctTbl,2,0),IFERROR(VLOOKUP($G62,StaffTbl,2,0),"کد ناشناخته"))))) | N62: =IF(OR($C62="",$E62="",Calc!$H62=""),"",IFERROR(VLOOKUP(LEFT(UPPER(TRIM($E62)),6),BankTbl,3,0),0)+SUMIFS(CalcDep,CalcBank,LEFT(UPPER(TRIM($E62)),6),CalcKey,"<="&Calc!$H62)-SUMIFS(CalcWit,CalcBank,LEFT(UPPER(TRIM($E62)),6),CalcKey,"<="&Calc!$H62)) | O62: =IF(OR($C62="",$M62=""),"",IF($N62="","؟",IF(ROUND($M62-$N62,0)=0,"√","×")))
A63: =IF($C63="","",COUNTA($C$9:$C63)) | B63: =IF($C63="","","TXN-"&RIGHT("0000"&55,4)) | F63: =IF($E63="","",IFERROR(IF(VLOOKUP(LEFT(UPPER(TRIM($E63)),6),BankTbl,2,0)="","(بدون عنوان)",VLOOKUP(LEFT(UPPER(TRIM($E63)),6),BankTbl,2,0)),"بانک ناشناخته")) | H63: =IF($G63="","",IFERROR(VLOOKUP($G63,CustTbl,2,0),IFERROR(VLOOKUP($G63,SuppTbl,2,0),IFERROR(VLOOKUP($G63,AcctTbl,2,0),IFERROR(VLOOKUP($G63,StaffTbl,2,0),"کد ناشناخته"))))) | N63: =IF(OR($C63="",$E63="",Calc!$H63=""),"",IFERROR(VLOOKUP(LEFT(UPPER(TRIM($E63)),6),BankTbl,3,0),0)+SUMIFS(CalcDep,CalcBank,LEFT(UPPER(TRIM($E63)),6),CalcKey,"<="&Calc!$H63)-SUMIFS(CalcWit,CalcBank,LEFT(UPPER(TRIM($E63)),6),CalcKey,"<="&Calc!$H63)) | O63: =IF(OR($C63="",$M63=""),"",IF($N63="","؟",IF(ROUND($M63-$N63,0)=0,"√","×")))
A64: =IF($C64="","",COUNTA($C$9:$C64)) | B64: =IF($C64="","","TXN-"&RIGHT("0000"&56,4)) | F64: =IF($E64="","",IFERROR(IF(VLOOKUP(LEFT(UPPER(TRIM($E64)),6),BankTbl,2,0)="","(بدون عنوان)",VLOOKUP(LEFT(UPPER(TRIM($E64)),6),BankTbl,2,0)),"بانک ناشناخته")) | H64: =IF($G64="","",IFERROR(VLOOKUP($G64,CustTbl,2,0),IFERROR(VLOOKUP($G64,SuppTbl,2,0),IFERROR(VLOOKUP($G64,AcctTbl,2,0),IFERROR(VLOOKUP($G64,StaffTbl,2,0),"کد ناشناخته"))))) | N64: =IF(OR($C64="",$E64="",Calc!$H64=""),"",IFERROR(VLOOKUP(LEFT(UPPER(TRIM($E64)),6),BankTbl,3,0),0)+SUMIFS(CalcDep,CalcBank,LEFT(UPPER(TRIM($E64)),6),CalcKey,"<="&Calc!$H64)-SUMIFS(CalcWit,CalcBank,LEFT(UPPER(TRIM($E64)),6),CalcKey,"<="&Calc!$H64)) | O64: =IF(OR($C64="",$M64=""),"",IF($N64="","؟",IF(ROUND($M64-$N64,0)=0,"√","×")))
A65: =IF($C65="","",COUNTA($C$9:$C65)) | B65: =IF($C65="","","TXN-"&RIGHT("0000"&57,4)) | F65: =IF($E65="","",IFERROR(IF(VLOOKUP(LEFT(UPPER(TRIM($E65)),6),BankTbl,2,0)="","(بدون عنوان)",VLOOKUP(LEFT(UPPER(TRIM($E65)),6),BankTbl,2,0)),"بانک ناشناخته")) | H65: =IF($G65="","",IFERROR(VLOOKUP($G65,CustTbl,2,0),IFERROR(VLOOKUP($G65,SuppTbl,2,0),IFERROR(VLOOKUP($G65,AcctTbl,2,0),IFERROR(VLOOKUP($G65,StaffTbl,2,0),"کد ناشناخته"))))) | N65: =IF(OR($C65="",$E65="",Calc!$H65=""),"",IFERROR(VLOOKUP(LEFT(UPPER(TRIM($E65)),6),BankTbl,3,0),0)+SUMIFS(CalcDep,CalcBank,LEFT(UPPER(TRIM($E65)),6),CalcKey,"<="&Calc!$H65)-SUMIFS(CalcWit,CalcBank,LEFT(UPPER(TRIM($E65)),6),CalcKey,"<="&Calc!$H65)) | O65: =IF(OR($C65="",$M65=""),"",IF($N65="","؟",IF(ROUND($M65-$N65,0)=0,"√","×")))
A66: =IF($C66="","",COUNTA($C$9:$C66)) | B66: =IF($C66="","","TXN-"&RIGHT("0000"&58,4)) | F66: =IF($E66="","",IFERROR(IF(VLOOKUP(LEFT(UPPER(TRIM($E66)),6),BankTbl,2,0)="","(بدون عنوان)",VLOOKUP(LEFT(UPPER(TRIM($E66)),6),BankTbl,2,0)),"بانک ناشناخته")) | H66: =IF($G66="","",IFERROR(VLOOKUP($G66,CustTbl,2,0),IFERROR(VLOOKUP($G66,SuppTbl,2,0),IFERROR(VLOOKUP($G66,AcctTbl,2,0),IFERROR(VLOOKUP($G66,StaffTbl,2,0),"کد ناشناخته"))))) | N66: =IF(OR($C66="",$E66="",Calc!$H66=""),"",IFERROR(VLOOKUP(LEFT(UPPER(TRIM($E66)),6),BankTbl,3,0),0)+SUMIFS(CalcDep,CalcBank,LEFT(UPPER(TRIM($E66)),6),CalcKey,"<="&Calc!$H66)-SUMIFS(CalcWit,CalcBank,LEFT(UPPER(TRIM($E66)),6),CalcKey,"<="&Calc!$H66)) | O66: =IF(OR($C66="",$M66=""),"",IF($N66="","؟",IF(ROUND($M66-$N66,0)=0,"√","×")))
A67: =IF($C67="","",COUNTA($C$9:$C67)) | B67: =IF($C67="","","TXN-"&RIGHT("0000"&59,4)) | F67: =IF($E67="","",IFERROR(IF(VLOOKUP(LEFT(UPPER(TRIM($E67)),6),BankTbl,2,0)="","(بدون عنوان)",VLOOKUP(LEFT(UPPER(TRIM($E67)),6),BankTbl,2,0)),"بانک ناشناخته")) | H67: =IF($G67="","",IFERROR(VLOOKUP($G67,CustTbl,2,0),IFERROR(VLOOKUP($G67,SuppTbl,2,0),IFERROR(VLOOKUP($G67,AcctTbl,2,0),IFERROR(VLOOKUP($G67,StaffTbl,2,0),"کد ناشناخته"))))) | N67: =IF(OR($C67="",$E67="",Calc!$H67=""),"",IFERROR(VLOOKUP(LEFT(UPPER(TRIM($E67)),6),BankTbl,3,0),0)+SUMIFS(CalcDep,CalcBank,LEFT(UPPER(TRIM($E67)),6),CalcKey,"<="&Calc!$H67)-SUMIFS(CalcWit,CalcBank,LEFT(UPPER(TRIM($E67)),6),CalcKey,"<="&Calc!$H67)) | O67: =IF(OR($C67="",$M67=""),"",IF($N67="","؟",IF(ROUND($M67-$N67,0)=0,"√","×")))
A68: =IF($C68="","",COUNTA($C$9:$C68)) | B68: =IF($C68="","","TXN-"&RIGHT("0000"&60,4)) | F68: =IF($E68="","",IFERROR(IF(VLOOKUP(LEFT(UPPER(TRIM($E68)),6),BankTbl,2,0)="","(بدون عنوان)",VLOOKUP(LEFT(UPPER(TRIM($E68)),6),BankTbl,2,0)),"بانک ناشناخته")) | H68: =IF($G68="","",IFERROR(VLOOKUP($G68,CustTbl,2,0),IFERROR(VLOOKUP($G68,SuppTbl,2,0),IFERROR(VLOOKUP($G68,AcctTbl,2,0),IFERROR(VLOOKUP($G68,StaffTbl,2,0),"کد ناشناخته"))))) | N68: =IF(OR($C68="",$E68="",Calc!$H68=""),"",IFERROR(VLOOKUP(LEFT(UPPER(TRIM($E68)),6),BankTbl,3,0),0)+SUMIFS(CalcDep,CalcBank,LEFT(UPPER(TRIM($E68)),6),CalcKey,"<="&Calc!$H68)-SUMIFS(CalcWit,CalcBank,LEFT(UPPER(TRIM($E68)),6),CalcKey,"<="&Calc!$H68)) | O68: =IF(OR($C68="",$M68=""),"",IF($N68="","؟",IF(ROUND($M68-$N68,0)=0,"√","×")))
A69: =IF($C69="","",COUNTA($C$9:$C69)) | B69: =IF($C69="","","TXN-"&RIGHT("0000"&61,4)) | F69: =IF($E69="","",IFERROR(IF(VLOOKUP(LEFT(UPPER(TRIM($E69)),6),BankTbl,2,0)="","(بدون عنوان)",VLOOKUP(LEFT(UPPER(TRIM($E69)),6),BankTbl,2,0)),"بانک ناشناخته")) | H69: =IF($G69="","",IFERROR(VLOOKUP($G69,CustTbl,2,0),IFERROR(VLOOKUP($G69,SuppTbl,2,0),IFERROR(VLOOKUP($G69,AcctTbl,2,0),IFERROR(VLOOKUP($G69,StaffTbl,2,0),"کد ناشناخته"))))) | N69: =IF(OR($C69="",$E69="",Calc!$H69=""),"",IFERROR(VLOOKUP(LEFT(UPPER(TRIM($E69)),6),BankTbl,3,0),0)+SUMIFS(CalcDep,CalcBank,LEFT(UPPER(TRIM($E69)),6),CalcKey,"<="&Calc!$H69)-SUMIFS(CalcWit,CalcBank,LEFT(UPPER(TRIM($E69)),6),CalcKey,"<="&Calc!$H69)) | O69: =IF(OR($C69="",$M69=""),"",IF($N69="","؟",IF(ROUND($M69-$N69,0)=0,"√","×")))
A70: =IF($C70="","",COUNTA($C$9:$C70)) | B70: =IF($C70="","","TXN-"&RIGHT("0000"&62,4)) | F70: =IF($E70="","",IFERROR(IF(VLOOKUP(LEFT(UPPER(TRIM($E70)),6),BankTbl,2,0)="","(بدون عنوان)",VLOOKUP(LEFT(UPPER(TRIM($E70)),6),BankTbl,2,0)),"بانک ناشناخته")) | H70: =IF($G70="","",IFERROR(VLOOKUP($G70,CustTbl,2,0),IFERROR(VLOOKUP($G70,SuppTbl,2,0),IFERROR(VLOOKUP($G70,AcctTbl,2,0),IFERROR(VLOOKUP($G70,StaffTbl,2,0),"کد ناشناخته"))))) | N70: =IF(OR($C70="",$E70="",Calc!$H70=""),"",IFERROR(VLOOKUP(LEFT(UPPER(TRIM($E70)),6),BankTbl,3,0),0)+SUMIFS(CalcDep,CalcBank,LEFT(UPPER(TRIM($E70)),6),CalcKey,"<="&Calc!$H70)-SUMIFS(CalcWit,CalcBank,LEFT(UPPER(TRIM($E70)),6),CalcKey,"<="&Calc!$H70)) | O70: =IF(OR($C70="",$M70=""),"",IF($N70="","؟",IF(ROUND($M70-$N70,0)=0,"√","×")))
A71: =IF($C71="","",COUNTA($C$9:$C71)) | B71: =IF($C71="","","TXN-"&RIGHT("0000"&63,4)) | F71: =IF($E71="","",IFERROR(IF(VLOOKUP(LEFT(UPPER(TRIM($E71)),6),BankTbl,2,0)="","(بدون عنوان)",VLOOKUP(LEFT(UPPER(TRIM($E71)),6),BankTbl,2,0)),"بانک ناشناخته")) | H71: =IF($G71="","",IFERROR(VLOOKUP($G71,CustTbl,2,0),IFERROR(VLOOKUP($G71,SuppTbl,2,0),IFERROR(VLOOKUP($G71,AcctTbl,2,0),IFERROR(VLOOKUP($G71,StaffTbl,2,0),"کد ناشناخته"))))) | N71: =IF(OR($C71="",$E71="",Calc!$H71=""),"",IFERROR(VLOOKUP(LEFT(UPPER(TRIM($E71)),6),BankTbl,3,0),0)+SUMIFS(CalcDep,CalcBank,LEFT(UPPER(TRIM($E71)),6),CalcKey,"<="&Calc!$H71)-SUMIFS(CalcWit,CalcBank,LEFT(UPPER(TRIM($E71)),6),CalcKey,"<="&Calc!$H71)) | O71: =IF(OR($C71="",$M71=""),"",IF($N71="","؟",IF(ROUND($M71-$N71,0)=0,"√","×")))
A72: =IF($C72="","",COUNTA($C$9:$C72)) | B72: =IF($C72="","","TXN-"&RIGHT("0000"&64,4)) | F72: =IF($E72="","",IFERROR(IF(VLOOKUP(LEFT(UPPER(TRIM($E72)),6),BankTbl,2,0)="","(بدون عنوان)",VLOOKUP(LEFT(UPPER(TRIM($E72)),6),BankTbl,2,0)),"بانک ناشناخته")) | H72: =IF($G72="","",IFERROR(VLOOKUP($G72,CustTbl,2,0),IFERROR(VLOOKUP($G72,SuppTbl,2,0),IFERROR(VLOOKUP($G72,AcctTbl,2,0),IFERROR(VLOOKUP($G72,StaffTbl,2,0),"کد ناشناخته"))))) | N72: =IF(OR($C72="",$E72="",Calc!$H72=""),"",IFERROR(VLOOKUP(LEFT(UPPER(TRIM($E72)),6),BankTbl,3,0),0)+SUMIFS(CalcDep,CalcBank,LEFT(UPPER(TRIM($E72)),6),CalcKey,"<="&Calc!$H72)-SUMIFS(CalcWit,CalcBank,LEFT(UPPER(TRIM($E72)),6),CalcKey,"<="&Calc!$H72)) | O72: =IF(OR($C72="",$M72=""),"",IF($N72="","؟",IF(ROUND($M72-$N72,0)=0,"√","×")))
A73: =IF($C73="","",COUNTA($C$9:$C73)) | B73: =IF($C73="","","TXN-"&RIGHT("0000"&65,4)) | F73: =IF($E73="","",IFERROR(IF(VLOOKUP(LEFT(UPPER(TRIM($E73)),6),BankTbl,2,0)="","(بدون عنوان)",VLOOKUP(LEFT(UPPER(TRIM($E73)),6),BankTbl,2,0)),"بانک ناشناخته")) | H73: =IF($G73="","",IFERROR(VLOOKUP($G73,CustTbl,2,0),IFERROR(VLOOKUP($G73,SuppTbl,2,0),IFERROR(VLOOKUP($G73,AcctTbl,2,0),IFERROR(VLOOKUP($G73,StaffTbl,2,0),"کد ناشناخته"))))) | N73: =IF(OR($C73="",$E73="",Calc!$H73=""),"",IFERROR(VLOOKUP(LEFT(UPPER(TRIM($E73)),6),BankTbl,3,0),0)+SUMIFS(CalcDep,CalcBank,LEFT(UPPER(TRIM($E73)),6),CalcKey,"<="&Calc!$H73)-SUMIFS(CalcWit,CalcBank,LEFT(UPPER(TRIM($E73)),6),CalcKey,"<="&Calc!$H73)) | O73: =IF(OR($C73="",$M73=""),"",IF($N73="","؟",IF(ROUND($M73-$N73,0)=0,"√","×")))
A74: =IF($C74="","",COUNTA($C$9:$C74)) | B74: =IF($C74="","","TXN-"&RIGHT("0000"&66,4)) | F74: =IF($E74="","",IFERROR(IF(VLOOKUP(LEFT(UPPER(TRIM($E74)),6),BankTbl,2,0)="","(بدون عنوان)",VLOOKUP(LEFT(UPPER(TRIM($E74)),6),BankTbl,2,0)),"بانک ناشناخته")) | H74: =IF($G74="","",IFERROR(VLOOKUP($G74,CustTbl,2,0),IFERROR(VLOOKUP($G74,SuppTbl,2,0),IFERROR(VLOOKUP($G74,AcctTbl,2,0),IFERROR(VLOOKUP($G74,StaffTbl,2,0),"کد ناشناخته"))))) | N74: =IF(OR($C74="",$E74="",Calc!$H74=""),"",IFERROR(VLOOKUP(LEFT(UPPER(TRIM($E74)),6),BankTbl,3,0),0)+SUMIFS(CalcDep,CalcBank,LEFT(UPPER(TRIM($E74)),6),CalcKey,"<="&Calc!$H74)-SUMIFS(CalcWit,CalcBank,LEFT(UPPER(TRIM($E74)),6),CalcKey,"<="&Calc!$H74)) | O74: =IF(OR($C74="",$M74=""),"",IF($N74="","؟",IF(ROUND($M74-$N74,0)=0,"√","×")))
A75: =IF($C75="","",COUNTA($C$9:$C75)) | B75: =IF($C75="","","TXN-"&RIGHT("0000"&67,4)) | F75: =IF($E75="","",IFERROR(IF(VLOOKUP(LEFT(UPPER(TRIM($E75)),6),BankTbl,2,0)="","(بدون عنوان)",VLOOKUP(LEFT(UPPER(TRIM($E75)),6),BankTbl,2,0)),"بانک ناشناخته")) | H75: =IF($G75="","",IFERROR(VLOOKUP($G75,CustTbl,2,0),IFERROR(VLOOKUP($G75,SuppTbl,2,0),IFERROR(VLOOKUP($G75,AcctTbl,2,0),IFERROR(VLOOKUP($G75,StaffTbl,2,0),"کد ناشناخته"))))) | N75: =IF(OR($C75="",$E75="",Calc!$H75=""),"",IFERROR(VLOOKUP(LEFT(UPPER(TRIM($E75)),6),BankTbl,3,0),0)+SUMIFS(CalcDep,CalcBank,LEFT(UPPER(TRIM($E75)),6),CalcKey,"<="&Calc!$H75)-SUMIFS(CalcWit,CalcBank,LEFT(UPPER(TRIM($E75)),6),CalcKey,"<="&Calc!$H75)) | O75: =IF(OR($C75="",$M75=""),"",IF($N75="","؟",IF(ROUND($M75-$N75,0)=0,"√","×")))
A76: =IF($C76="","",COUNTA($C$9:$C76)) | B76: =IF($C76="","","TXN-"&RIGHT("0000"&68,4)) | F76: =IF($E76="","",IFERROR(IF(VLOOKUP(LEFT(UPPER(TRIM($E76)),6),BankTbl,2,0)="","(بدون عنوان)",VLOOKUP(LEFT(UPPER(TRIM($E76)),6),BankTbl,2,0)),"بانک ناشناخته")) | H76: =IF($G76="","",IFERROR(VLOOKUP($G76,CustTbl,2,0),IFERROR(VLOOKUP($G76,SuppTbl,2,0),IFERROR(VLOOKUP($G76,AcctTbl,2,0),IFERROR(VLOOKUP($G76,StaffTbl,2,0),"کد ناشناخته"))))) | N76: =IF(OR($C76="",$E76="",Calc!$H76=""),"",IFERROR(VLOOKUP(LEFT(UPPER(TRIM($E76)),6),BankTbl,3,0),0)+SUMIFS(CalcDep,CalcBank,LEFT(UPPER(TRIM($E76)),6),CalcKey,"<="&Calc!$H76)-SUMIFS(CalcWit,CalcBank,LEFT(UPPER(TRIM($E76)),6),CalcKey,"<="&Calc!$H76)) | O76: =IF(OR($C76="",$M76=""),"",IF($N76="","؟",IF(ROUND($M76-$N76,0)=0,"√","×")))
A77: =IF($C77="","",COUNTA($C$9:$C77)) | B77: =IF($C77="","","TXN-"&RIGHT("0000"&69,4)) | F77: =IF($E77="","",IFERROR(IF(VLOOKUP(LEFT(UPPER(TRIM($E77)),6),BankTbl,2,0)="","(بدون عنوان)",VLOOKUP(LEFT(UPPER(TRIM($E77)),6),BankTbl,2,0)),"بانک ناشناخته")) | H77: =IF($G77="","",IFERROR(VLOOKUP($G77,CustTbl,2,0),IFERROR(VLOOKUP($G77,SuppTbl,2,0),IFERROR(VLOOKUP($G77,AcctTbl,2,0),IFERROR(VLOOKUP($G77,StaffTbl,2,0),"کد ناشناخته"))))) | N77: =IF(OR($C77="",$E77="",Calc!$H77=""),"",IFERROR(VLOOKUP(LEFT(UPPER(TRIM($E77)),6),BankTbl,3,0),0)+SUMIFS(CalcDep,CalcBank,LEFT(UPPER(TRIM($E77)),6),CalcKey,"<="&Calc!$H77)-SUMIFS(CalcWit,CalcBank,LEFT(UPPER(TRIM($E77)),6),CalcKey,"<="&Calc!$H77)) | O77: =IF(OR($C77="",$M77=""),"",IF($N77="","؟",IF(ROUND($M77-$N77,0)=0,"√","×")))
A78: =IF($C78="","",COUNTA($C$9:$C78)) | B78: =IF($C78="","","TXN-"&RIGHT("0000"&70,4)) | F78: =IF($E78="","",IFERROR(IF(VLOOKUP(LEFT(UPPER(TRIM($E78)),6),BankTbl,2,0)="","(بدون عنوان)",VLOOKUP(LEFT(UPPER(TRIM($E78)),6),BankTbl,2,0)),"بانک ناشناخته")) | H78: =IF($G78="","",IFERROR(VLOOKUP($G78,CustTbl,2,0),IFERROR(VLOOKUP($G78,SuppTbl,2,0),IFERROR(VLOOKUP($G78,AcctTbl,2,0),IFERROR(VLOOKUP($G78,StaffTbl,2,0),"کد ناشناخته"))))) | N78: =IF(OR($C78="",$E78="",Calc!$H78=""),"",IFERROR(VLOOKUP(LEFT(UPPER(TRIM($E78)),6),BankTbl,3,0),0)+SUMIFS(CalcDep,CalcBank,LEFT(UPPER(TRIM($E78)),6),CalcKey,"<="&Calc!$H78)-SUMIFS(CalcWit,CalcBank,LEFT(UPPER(TRIM($E78)),6),CalcKey,"<="&Calc!$H78)) | O78: =IF(OR($C78="",$M78=""),"",IF($N78="","؟",IF(ROUND($M78-$N78,0)=0,"√","×")))
A79: =IF($C79="","",COUNTA($C$9:$C79)) | B79: =IF($C79="","","TXN-"&RIGHT("0000"&71,4)) | F79: =IF($E79="","",IFERROR(IF(VLOOKUP(LEFT(UPPER(TRIM($E79)),6),BankTbl,2,0)="","(بدون عنوان)",VLOOKUP(LEFT(UPPER(TRIM($E79)),6),BankTbl,2,0)),"بانک ناشناخته")) | H79: =IF($G79="","",IFERROR(VLOOKUP($G79,CustTbl,2,0),IFERROR(VLOOKUP($G79,SuppTbl,2,0),IFERROR(VLOOKUP($G79,AcctTbl,2,0),IFERROR(VLOOKUP($G79,StaffTbl,2,0),"کد ناشناخته"))))) | N79: =IF(OR($C79="",$E79="",Calc!$H79=""),"",IFERROR(VLOOKUP(LEFT(UPPER(TRIM($E79)),6),BankTbl,3,0),0)+SUMIFS(CalcDep,CalcBank,LEFT(UPPER(TRIM($E79)),6),CalcKey,"<="&Calc!$H79)-SUMIFS(CalcWit,CalcBank,LEFT(UPPER(TRIM($E79)),6),CalcKey,"<="&Calc!$H79)) | O79: =IF(OR($C79="",$M79=""),"",IF($N79="","؟",IF(ROUND($M79-$N79,0)=0,"√","×")))
A80: =IF($C80="","",COUNTA($C$9:$C80)) | B80: =IF($C80="","","TXN-"&RIGHT("0000"&72,4)) | F80: =IF($E80="","",IFERROR(IF(VLOOKUP(LEFT(UPPER(TRIM($E80)),6),BankTbl,2,0)="","(بدون عنوان)",VLOOKUP(LEFT(UPPER(TRIM($E80)),6),BankTbl,2,0)),"بانک ناشناخته")) | H80: =IF($G80="","",IFERROR(VLOOKUP($G80,CustTbl,2,0),IFERROR(VLOOKUP($G80,SuppTbl,2,0),IFERROR(VLOOKUP($G80,AcctTbl,2,0),IFERROR(VLOOKUP($G80,StaffTbl,2,0),"کد ناشناخته"))))) | N80: =IF(OR($C80="",$E80="",Calc!$H80=""),"",IFERROR(VLOOKUP(LEFT(UPPER(TRIM($E80)),6),BankTbl,3,0),0)+SUMIFS(CalcDep,CalcBank,LEFT(UPPER(TRIM($E80)),6),CalcKey,"<="&Calc!$H80)-SUMIFS(CalcWit,CalcBank,LEFT(UPPER(TRIM($E80)),6),CalcKey,"<="&Calc!$H80)) | O80: =IF(OR($C80="",$M80=""),"",IF($N80="","؟",IF(ROUND($M80-$N80,0)=0,"√","×")))
A81: =IF($C81="","",COUNTA($C$9:$C81)) | B81: =IF($C81="","","TXN-"&RIGHT("0000"&73,4)) | F81: =IF($E81="","",IFERROR(IF(VLOOKUP(LEFT(UPPER(TRIM($E81)),6),BankTbl,2,0)="","(بدون عنوان)",VLOOKUP(LEFT(UPPER(TRIM($E81)),6),BankTbl,2,0)),"بانک ناشناخته")) | H81: =IF($G81="","",IFERROR(VLOOKUP($G81,CustTbl,2,0),IFERROR(VLOOKUP($G81,SuppTbl,2,0),IFERROR(VLOOKUP($G81,AcctTbl,2,0),IFERROR(VLOOKUP($G81,StaffTbl,2,0),"کد ناشناخته"))))) | N81: =IF(OR($C81="",$E81="",Calc!$H81=""),"",IFERROR(VLOOKUP(LEFT(UPPER(TRIM($E81)),6),BankTbl,3,0),0)+SUMIFS(CalcDep,CalcBank,LEFT(UPPER(TRIM($E81)),6),CalcKey,"<="&Calc!$H81)-SUMIFS(CalcWit,CalcBank,LEFT(UPPER(TRIM($E81)),6),CalcKey,"<="&Calc!$H81)) | O81: =IF(OR($C81="",$M81=""),"",IF($N81="","؟",IF(ROUND($M81-$N81,0)=0,"√","×")))
A82: =IF($C82="","",COUNTA($C$9:$C82)) | B82: =IF($C82="","","TXN-"&RIGHT("0000"&74,4)) | F82: =IF($E82="","",IFERROR(IF(VLOOKUP(LEFT(UPPER(TRIM($E82)),6),BankTbl,2,0)="","(بدون عنوان)",VLOOKUP(LEFT(UPPER(TRIM($E82)),6),BankTbl,2,0)),"بانک ناشناخته")) | H82: =IF($G82="","",IFERROR(VLOOKUP($G82,CustTbl,2,0),IFERROR(VLOOKUP($G82,SuppTbl,2,0),IFERROR(VLOOKUP($G82,AcctTbl,2,0),IFERROR(VLOOKUP($G82,StaffTbl,2,0),"کد ناشناخته"))))) | N82: =IF(OR($C82="",$E82="",Calc!$H82=""),"",IFERROR(VLOOKUP(LEFT(UPPER(TRIM($E82)),6),BankTbl,3,0),0)+SUMIFS(CalcDep,CalcBank,LEFT(UPPER(TRIM($E82)),6),CalcKey,"<="&Calc!$H82)-SUMIFS(CalcWit,CalcBank,LEFT(UPPER(TRIM($E82)),6),CalcKey,"<="&Calc!$H82)) | O82: =IF(OR($C82="",$M82=""),"",IF($N82="","؟",IF(ROUND($M82-$N82,0)=0,"√","×")))
A83: =IF($C83="","",COUNTA($C$9:$C83)) | B83: =IF($C83="","","TXN-"&RIGHT("0000"&75,4)) | F83: =IF($E83="","",IFERROR(IF(VLOOKUP(LEFT(UPPER(TRIM($E83)),6),BankTbl,2,0)="","(بدون عنوان)",VLOOKUP(LEFT(UPPER(TRIM($E83)),6),BankTbl,2,0)),"بانک ناشناخته")) | H83: =IF($G83="","",IFERROR(VLOOKUP($G83,CustTbl,2,0),IFERROR(VLOOKUP($G83,SuppTbl,2,0),IFERROR(VLOOKUP($G83,AcctTbl,2,0),IFERROR(VLOOKUP($G83,StaffTbl,2,0),"کد ناشناخته"))))) | N83: =IF(OR($C83="",$E83="",Calc!$H83=""),"",IFERROR(VLOOKUP(LEFT(UPPER(TRIM($E83)),6),BankTbl,3,0),0)+SUMIFS(CalcDep,CalcBank,LEFT(UPPER(TRIM($E83)),6),CalcKey,"<="&Calc!$H83)-SUMIFS(CalcWit,CalcBank,LEFT(UPPER(TRIM($E83)),6),CalcKey,"<="&Calc!$H83)) | O83: =IF(OR($C83="",$M83=""),"",IF($N83="","؟",IF(ROUND($M83-$N83,0)=0,"√","×")))
A84: =IF($C84="","",COUNTA($C$9:$C84)) | B84: =IF($C84="","","TXN-"&RIGHT("0000"&76,4)) | F84: =IF($E84="","",IFERROR(IF(VLOOKUP(LEFT(UPPER(TRIM($E84)),6),BankTbl,2,0)="","(بدون عنوان)",VLOOKUP(LEFT(UPPER(TRIM($E84)),6),BankTbl,2,0)),"بانک ناشناخته")) | H84: =IF($G84="","",IFERROR(VLOOKUP($G84,CustTbl,2,0),IFERROR(VLOOKUP($G84,SuppTbl,2,0),IFERROR(VLOOKUP($G84,AcctTbl,2,0),IFERROR(VLOOKUP($G84,StaffTbl,2,0),"کد ناشناخته"))))) | N84: =IF(OR($C84="",$E84="",Calc!$H84=""),"",IFERROR(VLOOKUP(LEFT(UPPER(TRIM($E84)),6),BankTbl,3,0),0)+SUMIFS(CalcDep,CalcBank,LEFT(UPPER(TRIM($E84)),6),CalcKey,"<="&Calc!$H84)-SUMIFS(CalcWit,CalcBank,LEFT(UPPER(TRIM($E84)),6),CalcKey,"<="&Calc!$H84)) | O84: =IF(OR($C84="",$M84=""),"",IF($N84="","؟",IF(ROUND($M84-$N84,0)=0,"√","×")))
A85: =IF($C85="","",COUNTA($C$9:$C85)) | B85: =IF($C85="","","TXN-"&RIGHT("0000"&77,4)) | F85: =IF($E85="","",IFERROR(IF(VLOOKUP(LEFT(UPPER(TRIM($E85)),6),BankTbl,2,0)="","(بدون عنوان)",VLOOKUP(LEFT(UPPER(TRIM($E85)),6),BankTbl,2,0)),"بانک ناشناخته")) | H85: =IF($G85="","",IFERROR(VLOOKUP($G85,CustTbl,2,0),IFERROR(VLOOKUP($G85,SuppTbl,2,0),IFERROR(VLOOKUP($G85,AcctTbl,2,0),IFERROR(VLOOKUP($G85,StaffTbl,2,0),"کد ناشناخته"))))) | N85: =IF(OR($C85="",$E85="",Calc!$H85=""),"",IFERROR(VLOOKUP(LEFT(UPPER(TRIM($E85)),6),BankTbl,3,0),0)+SUMIFS(CalcDep,CalcBank,LEFT(UPPER(TRIM($E85)),6),CalcKey,"<="&Calc!$H85)-SUMIFS(CalcWit,CalcBank,LEFT(UPPER(TRIM($E85)),6),CalcKey,"<="&Calc!$H85)) | O85: =IF(OR($C85="",$M85=""),"",IF($N85="","؟",IF(ROUND($M85-$N85,0)=0,"√","×")))
A86: =IF($C86="","",COUNTA($C$9:$C86)) | B86: =IF($C86="","","TXN-"&RIGHT("0000"&78,4)) | F86: =IF($E86="","",IFERROR(IF(VLOOKUP(LEFT(UPPER(TRIM($E86)),6),BankTbl,2,0)="","(بدون عنوان)",VLOOKUP(LEFT(UPPER(TRIM($E86)),6),BankTbl,2,0)),"بانک ناشناخته")) | H86: =IF($G86="","",IFERROR(VLOOKUP($G86,CustTbl,2,0),IFERROR(VLOOKUP($G86,SuppTbl,2,0),IFERROR(VLOOKUP($G86,AcctTbl,2,0),IFERROR(VLOOKUP($G86,StaffTbl,2,0),"کد ناشناخته"))))) | N86: =IF(OR($C86="",$E86="",Calc!$H86=""),"",IFERROR(VLOOKUP(LEFT(UPPER(TRIM($E86)),6),BankTbl,3,0),0)+SUMIFS(CalcDep,CalcBank,LEFT(UPPER(TRIM($E86)),6),CalcKey,"<="&Calc!$H86)-SUMIFS(CalcWit,CalcBank,LEFT(UPPER(TRIM($E86)),6),CalcKey,"<="&Calc!$H86)) | O86: =IF(OR($C86="",$M86=""),"",IF($N86="","؟",IF(ROUND($M86-$N86,0)=0,"√","×")))
A87: =IF($C87="","",COUNTA($C$9:$C87)) | B87: =IF($C87="","","TXN-"&RIGHT("0000"&79,4)) | F87: =IF($E87="","",IFERROR(IF(VLOOKUP(LEFT(UPPER(TRIM($E87)),6),BankTbl,2,0)="","(بدون عنوان)",VLOOKUP(LEFT(UPPER(TRIM($E87)),6),BankTbl,2,0)),"بانک ناشناخته")) | H87: =IF($G87="","",IFERROR(VLOOKUP($G87,CustTbl,2,0),IFERROR(VLOOKUP($G87,SuppTbl,2,0),IFERROR(VLOOKUP($G87,AcctTbl,2,0),IFERROR(VLOOKUP($G87,StaffTbl,2,0),"کد ناشناخته"))))) | N87: =IF(OR($C87="",$E87="",Calc!$H87=""),"",IFERROR(VLOOKUP(LEFT(UPPER(TRIM($E87)),6),BankTbl,3,0),0)+SUMIFS(CalcDep,CalcBank,LEFT(UPPER(TRIM($E87)),6),CalcKey,"<="&Calc!$H87)-SUMIFS(CalcWit,CalcBank,LEFT(UPPER(TRIM($E87)),6),CalcKey,"<="&Calc!$H87)) | O87: =IF(OR($C87="",$M87=""),"",IF($N87="","؟",IF(ROUND($M87-$N87,0)=0,"√","×")))
A88: =IF($C88="","",COUNTA($C$9:$C88)) | B88: =IF($C88="","","TXN-"&RIGHT("0000"&80,4)) | F88: =IF($E88="","",IFERROR(IF(VLOOKUP(LEFT(UPPER(TRIM($E88)),6),BankTbl,2,0)="","(بدون عنوان)",VLOOKUP(LEFT(UPPER(TRIM($E88)),6),BankTbl,2,0)),"بانک ناشناخته")) | H88: =IF($G88="","",IFERROR(VLOOKUP($G88,CustTbl,2,0),IFERROR(VLOOKUP($G88,SuppTbl,2,0),IFERROR(VLOOKUP($G88,AcctTbl,2,0),IFERROR(VLOOKUP($G88,StaffTbl,2,0),"کد ناشناخته"))))) | N88: =IF(OR($C88="",$E88="",Calc!$H88=""),"",IFERROR(VLOOKUP(LEFT(UPPER(TRIM($E88)),6),BankTbl,3,0),0)+SUMIFS(CalcDep,CalcBank,LEFT(UPPER(TRIM($E88)),6),CalcKey,"<="&Calc!$H88)-SUMIFS(CalcWit,CalcBank,LEFT(UPPER(TRIM($E88)),6),CalcKey,"<="&Calc!$H88)) | O88: =IF(OR($C88="",$M88=""),"",IF($N88="","؟",IF(ROUND($M88-$N88,0)=0,"√","×")))
A89: =IF($C89="","",COUNTA($C$9:$C89)) | B89: =IF($C89="","","TXN-"&RIGHT("0000"&81,4)) | F89: =IF($E89="","",IFERROR(IF(VLOOKUP(LEFT(UPPER(TRIM($E89)),6),BankTbl,2,0)="","(بدون عنوان)",VLOOKUP(LEFT(UPPER(TRIM($E89)),6),BankTbl,2,0)),"بانک ناشناخته")) | H89: =IF($G89="","",IFERROR(VLOOKUP($G89,CustTbl,2,0),IFERROR(VLOOKUP($G89,SuppTbl,2,0),IFERROR(VLOOKUP($G89,AcctTbl,2,0),IFERROR(VLOOKUP($G89,StaffTbl,2,0),"کد ناشناخته"))))) | N89: =IF(OR($C89="",$E89="",Calc!$H89=""),"",IFERROR(VLOOKUP(LEFT(UPPER(TRIM($E89)),6),BankTbl,3,0),0)+SUMIFS(CalcDep,CalcBank,LEFT(UPPER(TRIM($E89)),6),CalcKey,"<="&Calc!$H89)-SUMIFS(CalcWit,CalcBank,LEFT(UPPER(TRIM($E89)),6),CalcKey,"<="&Calc!$H89)) | O89: =IF(OR($C89="",$M89=""),"",IF($N89="","؟",IF(ROUND($M89-$N89,0)=0,"√","×")))
A90: =IF($C90="","",COUNTA($C$9:$C90)) | B90: =IF($C90="","","TXN-"&RIGHT("0000"&82,4)) | F90: =IF($E90="","",IFERROR(IF(VLOOKUP(LEFT(UPPER(TRIM($E90)),6),BankTbl,2,0)="","(بدون عنوان)",VLOOKUP(LEFT(UPPER(TRIM($E90)),6),BankTbl,2,0)),"بانک ناشناخته")) | H90: =IF($G90="","",IFERROR(VLOOKUP($G90,CustTbl,2,0),IFERROR(VLOOKUP($G90,SuppTbl,2,0),IFERROR(VLOOKUP($G90,AcctTbl,2,0),IFERROR(VLOOKUP($G90,StaffTbl,2,0),"کد ناشناخته"))))) | N90: =IF(OR($C90="",$E90="",Calc!$H90=""),"",IFERROR(VLOOKUP(LEFT(UPPER(TRIM($E90)),6),BankTbl,3,0),0)+SUMIFS(CalcDep,CalcBank,LEFT(UPPER(TRIM($E90)),6),CalcKey,"<="&Calc!$H90)-SUMIFS(CalcWit,CalcBank,LEFT(UPPER(TRIM($E90)),6),CalcKey,"<="&Calc!$H90)) | O90: =IF(OR($C90="",$M90=""),"",IF($N90="","؟",IF(ROUND($M90-$N90,0)=0,"√","×")))
A91: =IF($C91="","",COUNTA($C$9:$C91)) | B91: =IF($C91="","","TXN-"&RIGHT("0000"&83,4)) | F91: =IF($E91="","",IFERROR(IF(VLOOKUP(LEFT(UPPER(TRIM($E91)),6),BankTbl,2,0)="","(بدون عنوان)",VLOOKUP(LEFT(UPPER(TRIM($E91)),6),BankTbl,2,0)),"بانک ناشناخته")) | H91: =IF($G91="","",IFERROR(VLOOKUP($G91,CustTbl,2,0),IFERROR(VLOOKUP($G91,SuppTbl,2,0),IFERROR(VLOOKUP($G91,AcctTbl,2,0),IFERROR(VLOOKUP($G91,StaffTbl,2,0),"کد ناشناخته"))))) | N91: =IF(OR($C91="",$E91="",Calc!$H91=""),"",IFERROR(VLOOKUP(LEFT(UPPER(TRIM($E91)),6),BankTbl,3,0),0)+SUMIFS(CalcDep,CalcBank,LEFT(UPPER(TRIM($E91)),6),CalcKey,"<="&Calc!$H91)-SUMIFS(CalcWit,CalcBank,LEFT(UPPER(TRIM($E91)),6),CalcKey,"<="&Calc!$H91)) | O91: =IF(OR($C91="",$M91=""),"",IF($N91="","؟",IF(ROUND($M91-$N91,0)=0,"√","×")))
A92: =IF($C92="","",COUNTA($C$9:$C92)) | B92: =IF($C92="","","TXN-"&RIGHT("0000"&84,4)) | F92: =IF($E92="","",IFERROR(IF(VLOOKUP(LEFT(UPPER(TRIM($E92)),6),BankTbl,2,0)="","(بدون عنوان)",VLOOKUP(LEFT(UPPER(TRIM($E92)),6),BankTbl,2,0)),"بانک ناشناخته")) | H92: =IF($G92="","",IFERROR(VLOOKUP($G92,CustTbl,2,0),IFERROR(VLOOKUP($G92,SuppTbl,2,0),IFERROR(VLOOKUP($G92,AcctTbl,2,0),IFERROR(VLOOKUP($G92,StaffTbl,2,0),"کد ناشناخته"))))) | N92: =IF(OR($C92="",$E92="",Calc!$H92=""),"",IFERROR(VLOOKUP(LEFT(UPPER(TRIM($E92)),6),BankTbl,3,0),0)+SUMIFS(CalcDep,CalcBank,LEFT(UPPER(TRIM($E92)),6),CalcKey,"<="&Calc!$H92)-SUMIFS(CalcWit,CalcBank,LEFT(UPPER(TRIM($E92)),6),CalcKey,"<="&Calc!$H92)) | O92: =IF(OR($C92="",$M92=""),"",IF($N92="","؟",IF(ROUND($M92-$N92,0)=0,"√","×")))
A93: =IF($C93="","",COUNTA($C$9:$C93)) | B93: =IF($C93="","","TXN-"&RIGHT("0000"&85,4)) | F93: =IF($E93="","",IFERROR(IF(VLOOKUP(LEFT(UPPER(TRIM($E93)),6),BankTbl,2,0)="","(بدون عنوان)",VLOOKUP(LEFT(UPPER(TRIM($E93)),6),BankTbl,2,0)),"بانک ناشناخته")) | H93: =IF($G93="","",IFERROR(VLOOKUP($G93,CustTbl,2,0),IFERROR(VLOOKUP($G93,SuppTbl,2,0),IFERROR(VLOOKUP($G93,AcctTbl,2,0),IFERROR(VLOOKUP($G93,StaffTbl,2,0),"کد ناشناخته"))))) | N93: =IF(OR($C93="",$E93="",Calc!$H93=""),"",IFERROR(VLOOKUP(LEFT(UPPER(TRIM($E93)),6),BankTbl,3,0),0)+SUMIFS(CalcDep,CalcBank,LEFT(UPPER(TRIM($E93)),6),CalcKey,"<="&Calc!$H93)-SUMIFS(CalcWit,CalcBank,LEFT(UPPER(TRIM($E93)),6),CalcKey,"<="&Calc!$H93)) | O93: =IF(OR($C93="",$M93=""),"",IF($N93="","؟",IF(ROUND($M93-$N93,0)=0,"√","×")))
A94: =IF($C94="","",COUNTA($C$9:$C94)) | B94: =IF($C94="","","TXN-"&RIGHT("0000"&86,4)) | F94: =IF($E94="","",IFERROR(IF(VLOOKUP(LEFT(UPPER(TRIM($E94)),6),BankTbl,2,0)="","(بدون عنوان)",VLOOKUP(LEFT(UPPER(TRIM($E94)),6),BankTbl,2,0)),"بانک ناشناخته")) | H94: =IF($G94="","",IFERROR(VLOOKUP($G94,CustTbl,2,0),IFERROR(VLOOKUP($G94,SuppTbl,2,0),IFERROR(VLOOKUP($G94,AcctTbl,2,0),IFERROR(VLOOKUP($G94,StaffTbl,2,0),"کد ناشناخته"))))) | N94: =IF(OR($C94="",$E94="",Calc!$H94=""),"",IFERROR(VLOOKUP(LEFT(UPPER(TRIM($E94)),6),BankTbl,3,0),0)+SUMIFS(CalcDep,CalcBank,LEFT(UPPER(TRIM($E94)),6),CalcKey,"<="&Calc!$H94)-SUMIFS(CalcWit,CalcBank,LEFT(UPPER(TRIM($E94)),6),CalcKey,"<="&Calc!$H94)) | O94: =IF(OR($C94="",$M94=""),"",IF($N94="","؟",IF(ROUND($M94-$N94,0)=0,"√","×")))
A95: =IF($C95="","",COUNTA($C$9:$C95)) | B95: =IF($C95="","","TXN-"&RIGHT("0000"&87,4)) | F95: =IF($E95="","",IFERROR(IF(VLOOKUP(LEFT(UPPER(TRIM($E95)),6),BankTbl,2,0)="","(بدون عنوان)",VLOOKUP(LEFT(UPPER(TRIM($E95)),6),BankTbl,2,0)),"بانک ناشناخته")) | H95: =IF($G95="","",IFERROR(VLOOKUP($G95,CustTbl,2,0),IFERROR(VLOOKUP($G95,SuppTbl,2,0),IFERROR(VLOOKUP($G95,AcctTbl,2,0),IFERROR(VLOOKUP($G95,StaffTbl,2,0),"کد ناشناخته"))))) | N95: =IF(OR($C95="",$E95="",Calc!$H95=""),"",IFERROR(VLOOKUP(LEFT(UPPER(TRIM($E95)),6),BankTbl,3,0),0)+SUMIFS(CalcDep,CalcBank,LEFT(UPPER(TRIM($E95)),6),CalcKey,"<="&Calc!$H95)-SUMIFS(CalcWit,CalcBank,LEFT(UPPER(TRIM($E95)),6),CalcKey,"<="&Calc!$H95)) | O95: =IF(OR($C95="",$M95=""),"",IF($N95="","؟",IF(ROUND($M95-$N95,0)=0,"√","×")))
A96: =IF($C96="","",COUNTA($C$9:$C96)) | B96: =IF($C96="","","TXN-"&RIGHT("0000"&88,4)) | F96: =IF($E96="","",IFERROR(IF(VLOOKUP(LEFT(UPPER(TRIM($E96)),6),BankTbl,2,0)="","(بدون عنوان)",VLOOKUP(LEFT(UPPER(TRIM($E96)),6),BankTbl,2,0)),"بانک ناشناخته")) | H96: =IF($G96="","",IFERROR(VLOOKUP($G96,CustTbl,2,0),IFERROR(VLOOKUP($G96,SuppTbl,2,0),IFERROR(VLOOKUP($G96,AcctTbl,2,0),IFERROR(VLOOKUP($G96,StaffTbl,2,0),"کد ناشناخته"))))) | N96: =IF(OR($C96="",$E96="",Calc!$H96=""),"",IFERROR(VLOOKUP(LEFT(UPPER(TRIM($E96)),6),BankTbl,3,0),0)+SUMIFS(CalcDep,CalcBank,LEFT(UPPER(TRIM($E96)),6),CalcKey,"<="&Calc!$H96)-SUMIFS(CalcWit,CalcBank,LEFT(UPPER(TRIM($E96)),6),CalcKey,"<="&Calc!$H96)) | O96: =IF(OR($C96="",$M96=""),"",IF($N96="","؟",IF(ROUND($M96-$N96,0)=0,"√","×")))
A97: =IF($C97="","",COUNTA($C$9:$C97)) | B97: =IF($C97="","","TXN-"&RIGHT("0000"&89,4)) | F97: =IF($E97="","",IFERROR(IF(VLOOKUP(LEFT(UPPER(TRIM($E97)),6),BankTbl,2,0)="","(بدون عنوان)",VLOOKUP(LEFT(UPPER(TRIM($E97)),6),BankTbl,2,0)),"بانک ناشناخته")) | H97: =IF($G97="","",IFERROR(VLOOKUP($G97,CustTbl,2,0),IFERROR(VLOOKUP($G97,SuppTbl,2,0),IFERROR(VLOOKUP($G97,AcctTbl,2,0),IFERROR(VLOOKUP($G97,StaffTbl,2,0),"کد ناشناخته"))))) | N97: =IF(OR($C97="",$E97="",Calc!$H97=""),"",IFERROR(VLOOKUP(LEFT(UPPER(TRIM($E97)),6),BankTbl,3,0),0)+SUMIFS(CalcDep,CalcBank,LEFT(UPPER(TRIM($E97)),6),CalcKey,"<="&Calc!$H97)-SUMIFS(CalcWit,CalcBank,LEFT(UPPER(TRIM($E97)),6),CalcKey,"<="&Calc!$H97)) | O97: =IF(OR($C97="",$M97=""),"",IF($N97="","؟",IF(ROUND($M97-$N97,0)=0,"√","×")))
A98: =IF($C98="","",COUNTA($C$9:$C98)) | B98: =IF($C98="","","TXN-"&RIGHT("0000"&90,4)) | F98: =IF($E98="","",IFERROR(IF(VLOOKUP(LEFT(UPPER(TRIM($E98)),6),BankTbl,2,0)="","(بدون عنوان)",VLOOKUP(LEFT(UPPER(TRIM($E98)),6),BankTbl,2,0)),"بانک ناشناخته")) | H98: =IF($G98="","",IFERROR(VLOOKUP($G98,CustTbl,2,0),IFERROR(VLOOKUP($G98,SuppTbl,2,0),IFERROR(VLOOKUP($G98,AcctTbl,2,0),IFERROR(VLOOKUP($G98,StaffTbl,2,0),"کد ناشناخته"))))) | N98: =IF(OR($C98="",$E98="",Calc!$H98=""),"",IFERROR(VLOOKUP(LEFT(UPPER(TRIM($E98)),6),BankTbl,3,0),0)+SUMIFS(CalcDep,CalcBank,LEFT(UPPER(TRIM($E98)),6),CalcKey,"<="&Calc!$H98)-SUMIFS(CalcWit,CalcBank,LEFT(UPPER(TRIM($E98)),6),CalcKey,"<="&Calc!$H98)) | O98: =IF(OR($C98="",$M98=""),"",IF($N98="","؟",IF(ROUND($M98-$N98,0)=0,"√","×")))
A99: =IF($C99="","",COUNTA($C$9:$C99)) | B99: =IF($C99="","","TXN-"&RIGHT("0000"&91,4)) | F99: =IF($E99="","",IFERROR(IF(VLOOKUP(LEFT(UPPER(TRIM($E99)),6),BankTbl,2,0)="","(بدون عنوان)",VLOOKUP(LEFT(UPPER(TRIM($E99)),6),BankTbl,2,0)),"بانک ناشناخته")) | H99: =IF($G99="","",IFERROR(VLOOKUP($G99,CustTbl,2,0),IFERROR(VLOOKUP($G99,SuppTbl,2,0),IFERROR(VLOOKUP($G99,AcctTbl,2,0),IFERROR(VLOOKUP($G99,StaffTbl,2,0),"کد ناشناخته"))))) | N99: =IF(OR($C99="",$E99="",Calc!$H99=""),"",IFERROR(VLOOKUP(LEFT(UPPER(TRIM($E99)),6),BankTbl,3,0),0)+SUMIFS(CalcDep,CalcBank,LEFT(UPPER(TRIM($E99)),6),CalcKey,"<="&Calc!$H99)-SUMIFS(CalcWit,CalcBank,LEFT(UPPER(TRIM($E99)),6),CalcKey,"<="&Calc!$H99)) | O99: =IF(OR($C99="",$M99=""),"",IF($N99="","؟",IF(ROUND($M99-$N99,0)=0,"√","×")))
A100: =IF($C100="","",COUNTA($C$9:$C100)) | B100: =IF($C100="","","TXN-"&RIGHT("0000"&92,4)) | F100: =IF($E100="","",IFERROR(IF(VLOOKUP(LEFT(UPPER(TRIM($E100)),6),BankTbl,2,0)="","(بدون عنوان)",VLOOKUP(LEFT(UPPER(TRIM($E100)),6),BankTbl,2,0)),"بانک ناشناخته")) | H100: =IF($G100="","",IFERROR(VLOOKUP($G100,CustTbl,2,0),IFERROR(VLOOKUP($G100,SuppTbl,2,0),IFERROR(VLOOKUP($G100,AcctTbl,2,0),IFERROR(VLOOKUP($G100,StaffTbl,2,0),"کد ناشناخته"))))) | N100: =IF(OR($C100="",$E100="",Calc!$H100=""),"",IFERROR(VLOOKUP(LEFT(UPPER(TRIM($E100)),6),BankTbl,3,0),0)+SUMIFS(CalcDep,CalcBank,LEFT(UPPER(TRIM($E100)),6),CalcKey,"<="&Calc!$H100)-SUMIFS(CalcWit,CalcBank,LEFT(UPPER(TRIM($E100)),6),CalcKey,"<="&Calc!$H100)) | O100: =IF(OR($C100="",$M100=""),"",IF($N100="","؟",IF(ROUND($M100-$N100,0)=0,"√","×")))
...

Sheet Bank1
A1: =IF(Sync!$AJ$6="","مازندشت",Sync!$AJ$6)&" — "&IF(Sync!$AJ$9="","سورتینگ و بسته‌بندی مرکبات",Sync!$AJ$9)
A2: =IF(Sync!$AJ$7="","باغدشت، بخش مرکزی، شهرستان قائم‌شهر، استان مازندران، ایران",Sync!$AJ$7)&" | MAZANDASHT · CITRUS SORTING & PACKING"
A3: =IFERROR("صورت حساب بانکی — "&IF(VLOOKUP("BANK01",BankTbl,2,0)="","(بدون عنوان)",VLOOKUP("BANK01",BankTbl,2,0)),"صورت حساب بانکی") | I3: ="کد حساب: BANK01"
A4: =IF(COUNTIFS(CalcBank,"BANK01")>500,"× ظرفیت 500 ردیف این برگه پر شده — آخرین ردیف را به پایین کپی کنید","") | I4: مشخصات رسمی زیر، دستی وارد می‌شود (زردرنگ).
A5: کد حساب: | C5: BANK01 | H5: نام رسمی بانک:
A6: عنوان نمایشی: | C6: =IFERROR(IF(VLOOKUP("BANK01",BankTbl,2,0)="","(بدون عنوان)",VLOOKUP("BANK01",BankTbl,2,0)),"—") | H6: شعبه:
A7: مانده اولیه (ریال): | C7: =IFERROR(VLOOKUP("BANK01",BankTbl,3,0),0) | H7: شماره حساب:
A8: وضعیت فعال: | C8: =IFERROR(IF(VLOOKUP("BANK01",BankTbl,4,0)=0,"—",VLOOKUP("BANK01",BankTbl,4,0)),"—") | H8: شماره شبا (۲۴ رقم):
A9: این چهار سلول از فایل مادر خوانده می‌شوند؛ برای تغییر: Mazandasht_INFO.xlsx ← شیت Banks. مشخصات رسمی (زردرنگ) دستی وارد می‌شود. | H9: صاحب حساب:
H10: تلفن شعبه:
A12: جمع واریز (ریال) | C12: جمع برداشت (ریال) | E12: مانده نهایی سیستم | G12: آخرین موجودی بانک | I12: وضعیت مغایرت | K12: تعداد تراکنش | M12: ردیف تکراری | O12: آخرین تاریخ
A13: =SUM($H$17:$H$516) | C13: =SUM($I$17:$I$516) | E13: =IFERROR(LOOKUP(9.99E+307,$J$17:$J$516),$C$7) | G13: =IFERROR(LOOKUP(9.99E+307,$K$17:$K$516),"—") | I13: =IF(NOT(ISNUMBER($G$13)),"— بدون کنترل",IF(ROUND($G$13-$E$13,0)=0,"√ منطبق","× مغایرت ("&TEXT(ROUND($G$13-$E$13,0),"#,##0")&" ریال)")) | K13: =COUNT($A$17:$A$516) | M13: =COUNTIF($M$17:$M$516,"تکرار") | O13: =IF(COUNT($A$17:$A$516)=0,"—",INDEX($B$17:$B$516,COUNT($A$17:$A$516)))
A15: ردیف | B15: تاریخ | C15: ساعت | D15: کد طرف | E15: طرف حساب | F15: نوع طرف حساب | G15: نوع تراکنش | H15: واریز (ریال) | I15: برداشت (ریال) | J15: مانده سیستم (ریال) | K15: موجودی بانک (ریال) | L15: وضعیت | M15: کنترل تکرار | N15: توضیحات | O15: شناسه
A16: No. | B16: Date | C16: Time | D16: Party Code | E16: Party | F16: Party Type | G16: Txn Type | H16: Deposit | I16: Withdrawal | J16: System Balance | K16: Bank Balance | L16: Status | M16: Dup Check | N16: Notes | O16: TxnID
A17: =IF($B17="","",1) | B17: =IF($P17="","",IF(INDEX(CalcNormDate,$P17)=0,"",INDEX(CalcNormDate,$P17))) | C17: =IF($P17="","",IF(INDEX(CalcTime,$P17)=0,"",INDEX(CalcTime,$P17))) | D17: =IF($P17="","",IF(INDEX(EntryParty,$P17)=0,"",INDEX(EntryParty,$P17))) | E17: =IF($P17="","",IF(INDEX(EntryPartyName,$P17)=0,"",INDEX(EntryPartyName,$P17))) | F17: =IF($P17="","",IF(INDEX(EntryPartyType,$P17)=0,"",INDEX(EntryPartyType,$P17))) | G17: =IF($P17="","",IF(INDEX(EntryTxnType,$P17)=0,"",INDEX(EntryTxnType,$P17))) | H17: =IF($P17="","",IF(INDEX(EntryDep,$P17)=0,"",INDEX(EntryDep,$P17))) | I17: =IF($P17="","",IF(INDEX(EntryWit,$P17)=0,"",INDEX(EntryWit,$P17))) | J17: =IF($B17="","",IF($A17=1,$C$7,IF(J16="",0,J16))+IF($H17="",0,$H17)-IF($I17="",0,$I17)) | K17: =IF($P17="","",IF(INDEX(EntryMan,$P17)=0,"",INDEX(EntryMan,$P17))) | L17: =IF($B17="","",IF($K17="","—",IF(ROUND($K17-$J17,0)=0,"√","×"))) | M17: =IF($B17="","",IF(COUNTIFS(EntryDates,$B17,CalcTime,$C17,CalcBank,$C$5,EntryParty,$D17,EntryDep,$H17,EntryWit,$I17)>1,"تکرار","")) | N17: =IF($P17="","",IF(INDEX(EntryNotes,$P17)=0,"",INDEX(EntryNotes,$P17))) | O17: =IF($P17="","",IF(INDEX(EntryTxnID,$P17)=0,"",INDEX(EntryTxnID,$P17))) | P17: =IFERROR(MATCH($C$5&"|"&RIGHT("000000"&1,6),CalcRankKey,0),"")
A18: =IF($B18="","",2) | B18: =IF($P18="","",IF(INDEX(CalcNormDate,$P18)=0,"",INDEX(CalcNormDate,$P18))) | C18: =IF($P18="","",IF(INDEX(CalcTime,$P18)=0,"",INDEX(CalcTime,$P18))) | D18: =IF($P18="","",IF(INDEX(EntryParty,$P18)=0,"",INDEX(EntryParty,$P18))) | E18: =IF($P18="","",IF(INDEX(EntryPartyName,$P18)=0,"",INDEX(EntryPartyName,$P18))) | F18: =IF($P18="","",IF(INDEX(EntryPartyType,$P18)=0,"",INDEX(EntryPartyType,$P18))) | G18: =IF($P18="","",IF(INDEX(EntryTxnType,$P18)=0,"",INDEX(EntryTxnType,$P18))) | H18: =IF($P18="","",IF(INDEX(EntryDep,$P18)=0,"",INDEX(EntryDep,$P18))) | I18: =IF($P18="","",IF(INDEX(EntryWit,$P18)=0,"",INDEX(EntryWit,$P18))) | J18: =IF($B18="","",IF($A18=1,$C$7,IF(J17="",0,J17))+IF($H18="",0,$H18)-IF($I18="",0,$I18)) | K18: =IF($P18="","",IF(INDEX(EntryMan,$P18)=0,"",INDEX(EntryMan,$P18))) | L18: =IF($B18="","",IF($K18="","—",IF(ROUND($K18-$J18,0)=0,"√","×"))) | M18: =IF($B18="","",IF(COUNTIFS(EntryDates,$B18,CalcTime,$C18,CalcBank,$C$5,EntryParty,$D18,EntryDep,$H18,EntryWit,$I18)>1,"تکرار","")) | N18: =IF($P18="","",IF(INDEX(EntryNotes,$P18)=0,"",INDEX(EntryNotes,$P18))) | O18: =IF($P18="","",IF(INDEX(EntryTxnID,$P18)=0,"",INDEX(EntryTxnID,$P18))) | P18: =IFERROR(MATCH($C$5&"|"&RIGHT("000000"&2,6),CalcRankKey,0),"")
A19: =IF($B19="","",3) | B19: =IF($P19="","",IF(INDEX(CalcNormDate,$P19)=0,"",INDEX(CalcNormDate,$P19))) | C19: =IF($P19="","",IF(INDEX(CalcTime,$P19)=0,"",INDEX(CalcTime,$P19))) | D19: =IF($P19="","",IF(INDEX(EntryParty,$P19)=0,"",INDEX(EntryParty,$P19))) | E19: =IF($P19="","",IF(INDEX(EntryPartyName,$P19)=0,"",INDEX(EntryPartyName,$P19))) | F19: =IF($P19="","",IF(INDEX(EntryPartyType,$P19)=0,"",INDEX(EntryPartyType,$P19))) | G19: =IF($P19="","",IF(INDEX(EntryTxnType,$P19)=0,"",INDEX(EntryTxnType,$P19))) | H19: =IF($P19="","",IF(INDEX(EntryDep,$P19)=0,"",INDEX(EntryDep,$P19))) | I19: =IF($P19="","",IF(INDEX(EntryWit,$P19)=0,"",INDEX(EntryWit,$P19))) | J19: =IF($B19="","",IF($A19=1,$C$7,IF(J18="",0,J18))+IF($H19="",0,$H19)-IF($I19="",0,$I19)) | K19: =IF($P19="","",IF(INDEX(EntryMan,$P19)=0,"",INDEX(EntryMan,$P19))) | L19: =IF($B19="","",IF($K19="","—",IF(ROUND($K19-$J19,0)=0,"√","×"))) | M19: =IF($B19="","",IF(COUNTIFS(EntryDates,$B19,CalcTime,$C19,CalcBank,$C$5,EntryParty,$D19,EntryDep,$H19,EntryWit,$I19)>1,"تکرار","")) | N19: =IF($P19="","",IF(INDEX(EntryNotes,$P19)=0,"",INDEX(EntryNotes,$P19))) | O19: =IF($P19="","",IF(INDEX(EntryTxnID,$P19)=0,"",INDEX(EntryTxnID,$P19))) | P19: =IFERROR(MATCH($C$5&"|"&RIGHT("000000"&3,6),CalcRankKey,0),"")
A20: =IF($B20="","",4) | B20: =IF($P20="","",IF(INDEX(CalcNormDate,$P20)=0,"",INDEX(CalcNormDate,$P20))) | C20: =IF($P20="","",IF(INDEX(CalcTime,$P20)=0,"",INDEX(CalcTime,$P20))) | D20: =IF($P20="","",IF(INDEX(EntryParty,$P20)=0,"",INDEX(EntryParty,$P20))) | E20: =IF($P20="","",IF(INDEX(EntryPartyName,$P20)=0,"",INDEX(EntryPartyName,$P20))) | F20: =IF($P20="","",IF(INDEX(EntryPartyType,$P20)=0,"",INDEX(EntryPartyType,$P20))) | G20: =IF($P20="","",IF(INDEX(EntryTxnType,$P20)=0,"",INDEX(EntryTxnType,$P20))) | H20: =IF($P20="","",IF(INDEX(EntryDep,$P20)=0,"",INDEX(EntryDep,$P20))) | I20: =IF($P20="","",IF(INDEX(EntryWit,$P20)=0,"",INDEX(EntryWit,$P20))) | J20: =IF($B20="","",IF($A20=1,$C$7,IF(J19="",0,J19))+IF($H20="",0,$H20)-IF($I20="",0,$I20)) | K20: =IF($P20="","",IF(INDEX(EntryMan,$P20)=0,"",INDEX(EntryMan,$P20))) | L20: =IF($B20="","",IF($K20="","—",IF(ROUND($K20-$J20,0)=0,"√","×"))) | M20: =IF($B20="","",IF(COUNTIFS(EntryDates,$B20,CalcTime,$C20,CalcBank,$C$5,EntryParty,$D20,EntryDep,$H20,EntryWit,$I20)>1,"تکرار","")) | N20: =IF($P20="","",IF(INDEX(EntryNotes,$P20)=0,"",INDEX(EntryNotes,$P20))) | O20: =IF($P20="","",IF(INDEX(EntryTxnID,$P20)=0,"",INDEX(EntryTxnID,$P20))) | P20: =IFERROR(MATCH($C$5&"|"&RIGHT("000000"&4,6),CalcRankKey,0),"")
A21: =IF($B21="","",5) | B21: =IF($P21="","",IF(INDEX(CalcNormDate,$P21)=0,"",INDEX(CalcNormDate,$P21))) | C21: =IF($P21="","",IF(INDEX(CalcTime,$P21)=0,"",INDEX(CalcTime,$P21))) | D21: =IF($P21="","",IF(INDEX(EntryParty,$P21)=0,"",INDEX(EntryParty,$P21))) | E21: =IF($P21="","",IF(INDEX(EntryPartyName,$P21)=0,"",INDEX(EntryPartyName,$P21))) | F21: =IF($P21="","",IF(INDEX(EntryPartyType,$P21)=0,"",INDEX(EntryPartyType,$P21))) | G21: =IF($P21="","",IF(INDEX(EntryTxnType,$P21)=0,"",INDEX(EntryTxnType,$P21))) | H21: =IF($P21="","",IF(INDEX(EntryDep,$P21)=0,"",INDEX(EntryDep,$P21))) | I21: =IF($P21="","",IF(INDEX(EntryWit,$P21)=0,"",INDEX(EntryWit,$P21))) | J21: =IF($B21="","",IF($A21=1,$C$7,IF(J20="",0,J20))+IF($H21="",0,$H21)-IF($I21="",0,$I21)) | K21: =IF($P21="","",IF(INDEX(EntryMan,$P21)=0,"",INDEX(EntryMan,$P21))) | L21: =IF($B21="","",IF($K21="","—",IF(ROUND($K21-$J21,0)=0,"√","×"))) | M21: =IF($B21="","",IF(COUNTIFS(EntryDates,$B21,CalcTime,$C21,CalcBank,$C$5,EntryParty,$D21,EntryDep,$H21,EntryWit,$I21)>1,"تکرار","")) | N21: =IF($P21="","",IF(INDEX(EntryNotes,$P21)=0,"",INDEX(EntryNotes,$P21))) | O21: =IF($P21="","",IF(INDEX(EntryTxnID,$P21)=0,"",INDEX(EntryTxnID,$P21))) | P21: =IFERROR(MATCH($C$5&"|"&RIGHT("000000"&5,6),CalcRankKey,0),"")
A22: =IF($B22="","",6) | B22: =IF($P22="","",IF(INDEX(CalcNormDate,$P22)=0,"",INDEX(CalcNormDate,$P22))) | C22: =IF($P22="","",IF(INDEX(CalcTime,$P22)=0,"",INDEX(CalcTime,$P22))) | D22: =IF($P22="","",IF(INDEX(EntryParty,$P22)=0,"",INDEX(EntryParty,$P22))) | E22: =IF($P22="","",IF(INDEX(EntryPartyName,$P22)=0,"",INDEX(EntryPartyName,$P22))) | F22: =IF($P22="","",IF(INDEX(EntryPartyType,$P22)=0,"",INDEX(EntryPartyType,$P22))) | G22: =IF($P22="","",IF(INDEX(EntryTxnType,$P22)=0,"",INDEX(EntryTxnType,$P22))) | H22: =IF($P22="","",IF(INDEX(EntryDep,$P22)=0,"",INDEX(EntryDep,$P22))) | I22: =IF($P22="","",IF(INDEX(EntryWit,$P22)=0,"",INDEX(EntryWit,$P22))) | J22: =IF($B22="","",IF($A22=1,$C$7,IF(J21="",0,J21))+IF($H22="",0,$H22)-IF($I22="",0,$I22)) | K22: =IF($P22="","",IF(INDEX(EntryMan,$P22)=0,"",INDEX(EntryMan,$P22))) | L22: =IF($B22="","",IF($K22="","—",IF(ROUND($K22-$J22,0)=0,"√","×"))) | M22: =IF($B22="","",IF(COUNTIFS(EntryDates,$B22,CalcTime,$C22,CalcBank,$C$5,EntryParty,$D22,EntryDep,$H22,EntryWit,$I22)>1,"تکرار","")) | N22: =IF($P22="","",IF(INDEX(EntryNotes,$P22)=0,"",INDEX(EntryNotes,$P22))) | O22: =IF($P22="","",IF(INDEX(EntryTxnID,$P22)=0,"",INDEX(EntryTxnID,$P22))) | P22: =IFERROR(MATCH($C$5&"|"&RIGHT("000000"&6,6),CalcRankKey,0),"")
A23: =IF($B23="","",7) | B23: =IF($P23="","",IF(INDEX(CalcNormDate,$P23)=0,"",INDEX(CalcNormDate,$P23))) | C23: =IF($P23="","",IF(INDEX(CalcTime,$P23)=0,"",INDEX(CalcTime,$P23))) | D23: =IF($P23="","",IF(INDEX(EntryParty,$P23)=0,"",INDEX(EntryParty,$P23))) | E23: =IF($P23="","",IF(INDEX(EntryPartyName,$P23)=0,"",INDEX(EntryPartyName,$P23))) | F23: =IF($P23="","",IF(INDEX(EntryPartyType,$P23)=0,"",INDEX(EntryPartyType,$P23))) | G23: =IF($P23="","",IF(INDEX(EntryTxnType,$P23)=0,"",INDEX(EntryTxnType,$P23))) | H23: =IF($P23="","",IF(INDEX(EntryDep,$P23)=0,"",INDEX(EntryDep,$P23))) | I23: =IF($P23="","",IF(INDEX(EntryWit,$P23)=0,"",INDEX(EntryWit,$P23))) | J23: =IF($B23="","",IF($A23=1,$C$7,IF(J22="",0,J22))+IF($H23="",0,$H23)-IF($I23="",0,$I23)) | K23: =IF($P23="","",IF(INDEX(EntryMan,$P23)=0,"",INDEX(EntryMan,$P23))) | L23: =IF($B23="","",IF($K23="","—",IF(ROUND($K23-$J23,0)=0,"√","×"))) | M23: =IF($B23="","",IF(COUNTIFS(EntryDates,$B23,CalcTime,$C23,CalcBank,$C$5,EntryParty,$D23,EntryDep,$H23,EntryWit,$I23)>1,"تکرار","")) | N23: =IF($P23="","",IF(INDEX(EntryNotes,$P23)=0,"",INDEX(EntryNotes,$P23))) | O23: =IF($P23="","",IF(INDEX(EntryTxnID,$P23)=0,"",INDEX(EntryTxnID,$P23))) | P23: =IFERROR(MATCH($C$5&"|"&RIGHT("000000"&7,6),CalcRankKey,0),"")
A24: =IF($B24="","",8) | B24: =IF($P24="","",IF(INDEX(CalcNormDate,$P24)=0,"",INDEX(CalcNormDate,$P24))) | C24: =IF($P24="","",IF(INDEX(CalcTime,$P24)=0,"",INDEX(CalcTime,$P24))) | D24: =IF($P24="","",IF(INDEX(EntryParty,$P24)=0,"",INDEX(EntryParty,$P24))) | E24: =IF($P24="","",IF(INDEX(EntryPartyName,$P24)=0,"",INDEX(EntryPartyName,$P24))) | F24: =IF($P24="","",IF(INDEX(EntryPartyType,$P24)=0,"",INDEX(EntryPartyType,$P24))) | G24: =IF($P24="","",IF(INDEX(EntryTxnType,$P24)=0,"",INDEX(EntryTxnType,$P24))) | H24: =IF($P24="","",IF(INDEX(EntryDep,$P24)=0,"",INDEX(EntryDep,$P24))) | I24: =IF($P24="","",IF(INDEX(EntryWit,$P24)=0,"",INDEX(EntryWit,$P24))) | J24: =IF($B24="","",IF($A24=1,$C$7,IF(J23="",0,J23))+IF($H24="",0,$H24)-IF($I24="",0,$I24)) | K24: =IF($P24="","",IF(INDEX(EntryMan,$P24)=0,"",INDEX(EntryMan,$P24))) | L24: =IF($B24="","",IF($K24="","—",IF(ROUND($K24-$J24,0)=0,"√","×"))) | M24: =IF($B24="","",IF(COUNTIFS(EntryDates,$B24,CalcTime,$C24,CalcBank,$C$5,EntryParty,$D24,EntryDep,$H24,EntryWit,$I24)>1,"تکرار","")) | N24: =IF($P24="","",IF(INDEX(EntryNotes,$P24)=0,"",INDEX(EntryNotes,$P24))) | O24: =IF($P24="","",IF(INDEX(EntryTxnID,$P24)=0,"",INDEX(EntryTxnID,$P24))) | P24: =IFERROR(MATCH($C$5&"|"&RIGHT("000000"&8,6),CalcRankKey,0),"")
A25: =IF($B25="","",9) | B25: =IF($P25="","",IF(INDEX(CalcNormDate,$P25)=0,"",INDEX(CalcNormDate,$P25))) | C25: =IF($P25="","",IF(INDEX(CalcTime,$P25)=0,"",INDEX(CalcTime,$P25))) | D25: =IF($P25="","",IF(INDEX(EntryParty,$P25)=0,"",INDEX(EntryParty,$P25))) | E25: =IF($P25="","",IF(INDEX(EntryPartyName,$P25)=0,"",INDEX(EntryPartyName,$P25))) | F25: =IF($P25="","",IF(INDEX(EntryPartyType,$P25)=0,"",INDEX(EntryPartyType,$P25))) | G25: =IF($P25="","",IF(INDEX(EntryTxnType,$P25)=0,"",INDEX(EntryTxnType,$P25))) | H25: =IF($P25="","",IF(INDEX(EntryDep,$P25)=0,"",INDEX(EntryDep,$P25))) | I25: =IF($P25="","",IF(INDEX(EntryWit,$P25)=0,"",INDEX(EntryWit,$P25))) | J25: =IF($B25="","",IF($A25=1,$C$7,IF(J24="",0,J24))+IF($H25="",0,$H25)-IF($I25="",0,$I25)) | K25: =IF($P25="","",IF(INDEX(EntryMan,$P25)=0,"",INDEX(EntryMan,$P25))) | L25: =IF($B25="","",IF($K25="","—",IF(ROUND($K25-$J25,0)=0,"√","×"))) | M25: =IF($B25="","",IF(COUNTIFS(EntryDates,$B25,CalcTime,$C25,CalcBank,$C$5,EntryParty,$D25,EntryDep,$H25,EntryWit,$I25)>1,"تکرار","")) | N25: =IF($P25="","",IF(INDEX(EntryNotes,$P25)=0,"",INDEX(EntryNotes,$P25))) | O25: =IF($P25="","",IF(INDEX(EntryTxnID,$P25)=0,"",INDEX(EntryTxnID,$P25))) | P25: =IFERROR(MATCH($C$5&"|"&RIGHT("000000"&9,6),CalcRankKey,0),"")
A26: =IF($B26="","",10) | B26: =IF($P26="","",IF(INDEX(CalcNormDate,$P26)=0,"",INDEX(CalcNormDate,$P26))) | C26: =IF($P26="","",IF(INDEX(CalcTime,$P26)=0,"",INDEX(CalcTime,$P26))) | D26: =IF($P26="","",IF(INDEX(EntryParty,$P26)=0,"",INDEX(EntryParty,$P26))) | E26: =IF($P26="","",IF(INDEX(EntryPartyName,$P26)=0,"",INDEX(EntryPartyName,$P26))) | F26: =IF($P26="","",IF(INDEX(EntryPartyType,$P26)=0,"",INDEX(EntryPartyType,$P26))) | G26: =IF($P26="","",IF(INDEX(EntryTxnType,$P26)=0,"",INDEX(EntryTxnType,$P26))) | H26: =IF($P26="","",IF(INDEX(EntryDep,$P26)=0,"",INDEX(EntryDep,$P26))) | I26: =IF($P26="","",IF(INDEX(EntryWit,$P26)=0,"",INDEX(EntryWit,$P26))) | J26: =IF($B26="","",IF($A26=1,$C$7,IF(J25="",0,J25))+IF($H26="",0,$H26)-IF($I26="",0,$I26)) | K26: =IF($P26="","",IF(INDEX(EntryMan,$P26)=0,"",INDEX(EntryMan,$P26))) | L26: =IF($B26="","",IF($K26="","—",IF(ROUND($K26-$J26,0)=0,"√","×"))) | M26: =IF($B26="","",IF(COUNTIFS(EntryDates,$B26,CalcTime,$C26,CalcBank,$C$5,EntryParty,$D26,EntryDep,$H26,EntryWit,$I26)>1,"تکرار","")) | N26: =IF($P26="","",IF(INDEX(EntryNotes,$P26)=0,"",INDEX(EntryNotes,$P26))) | O26: =IF($P26="","",IF(INDEX(EntryTxnID,$P26)=0,"",INDEX(EntryTxnID,$P26))) | P26: =IFERROR(MATCH($C$5&"|"&RIGHT("000000"&10,6),CalcRankKey,0),"")
A27: =IF($B27="","",11) | B27: =IF($P27="","",IF(INDEX(CalcNormDate,$P27)=0,"",INDEX(CalcNormDate,$P27))) | C27: =IF($P27="","",IF(INDEX(CalcTime,$P27)=0,"",INDEX(CalcTime,$P27))) | D27: =IF($P27="","",IF(INDEX(EntryParty,$P27)=0,"",INDEX(EntryParty,$P27))) | E27: =IF($P27="","",IF(INDEX(EntryPartyName,$P27)=0,"",INDEX(EntryPartyName,$P27))) | F27: =IF($P27="","",IF(INDEX(EntryPartyType,$P27)=0,"",INDEX(EntryPartyType,$P27))) | G27: =IF($P27="","",IF(INDEX(EntryTxnType,$P27)=0,"",INDEX(EntryTxnType,$P27))) | H27: =IF($P27="","",IF(INDEX(EntryDep,$P27)=0,"",INDEX(EntryDep,$P27))) | I27: =IF($P27="","",IF(INDEX(EntryWit,$P27)=0,"",INDEX(EntryWit,$P27))) | J27: =IF($B27="","",IF($A27=1,$C$7,IF(J26="",0,J26))+IF($H27="",0,$H27)-IF($I27="",0,$I27)) | K27: =IF($P27="","",IF(INDEX(EntryMan,$P27)=0,"",INDEX(EntryMan,$P27))) | L27: =IF($B27="","",IF($K27="","—",IF(ROUND($K27-$J27,0)=0,"√","×"))) | M27: =IF($B27="","",IF(COUNTIFS(EntryDates,$B27,CalcTime,$C27,CalcBank,$C$5,EntryParty,$D27,EntryDep,$H27,EntryWit,$I27)>1,"تکرار","")) | N27: =IF($P27="","",IF(INDEX(EntryNotes,$P27)=0,"",INDEX(EntryNotes,$P27))) | O27: =IF($P27="","",IF(INDEX(EntryTxnID,$P27)=0,"",INDEX(EntryTxnID,$P27))) | P27: =IFERROR(MATCH($C$5&"|"&RIGHT("000000"&11,6),CalcRankKey,0),"")
A28: =IF($B28="","",12) | B28: =IF($P28="","",IF(INDEX(CalcNormDate,$P28)=0,"",INDEX(CalcNormDate,$P28))) | C28: =IF($P28="","",IF(INDEX(CalcTime,$P28)=0,"",INDEX(CalcTime,$P28))) | D28: =IF($P28="","",IF(INDEX(EntryParty,$P28)=0,"",INDEX(EntryParty,$P28))) | E28: =IF($P28="","",IF(INDEX(EntryPartyName,$P28)=0,"",INDEX(EntryPartyName,$P28))) | F28: =IF($P28="","",IF(INDEX(EntryPartyType,$P28)=0,"",INDEX(EntryPartyType,$P28))) | G28: =IF($P28="","",IF(INDEX(EntryTxnType,$P28)=0,"",INDEX(EntryTxnType,$P28))) | H28: =IF($P28="","",IF(INDEX(EntryDep,$P28)=0,"",INDEX(EntryDep,$P28))) | I28: =IF($P28="","",IF(INDEX(EntryWit,$P28)=0,"",INDEX(EntryWit,$P28))) | J28: =IF($B28="","",IF($A28=1,$C$7,IF(J27="",0,J27))+IF($H28="",0,$H28)-IF($I28="",0,$I28)) | K28: =IF($P28="","",IF(INDEX(EntryMan,$P28)=0,"",INDEX(EntryMan,$P28))) | L28: =IF($B28="","",IF($K28="","—",IF(ROUND($K28-$J28,0)=0,"√","×"))) | M28: =IF($B28="","",IF(COUNTIFS(EntryDates,$B28,CalcTime,$C28,CalcBank,$C$5,EntryParty,$D28,EntryDep,$H28,EntryWit,$I28)>1,"تکرار","")) | N28: =IF($P28="","",IF(INDEX(EntryNotes,$P28)=0,"",INDEX(EntryNotes,$P28))) | O28: =IF($P28="","",IF(INDEX(EntryTxnID,$P28)=0,"",INDEX(EntryTxnID,$P28))) | P28: =IFERROR(MATCH($C$5&"|"&RIGHT("000000"&12,6),CalcRankKey,0),"")
A29: =IF($B29="","",13) | B29: =IF($P29="","",IF(INDEX(CalcNormDate,$P29)=0,"",INDEX(CalcNormDate,$P29))) | C29: =IF($P29="","",IF(INDEX(CalcTime,$P29)=0,"",INDEX(CalcTime,$P29))) | D29: =IF($P29="","",IF(INDEX(EntryParty,$P29)=0,"",INDEX(EntryParty,$P29))) | E29: =IF($P29="","",IF(INDEX(EntryPartyName,$P29)=0,"",INDEX(EntryPartyName,$P29))) | F29: =IF($P29="","",IF(INDEX(EntryPartyType,$P29)=0,"",INDEX(EntryPartyType,$P29))) | G29: =IF($P29="","",IF(INDEX(EntryTxnType,$P29)=0,"",INDEX(EntryTxnType,$P29))) | H29: =IF($P29="","",IF(INDEX(EntryDep,$P29)=0,"",INDEX(EntryDep,$P29))) | I29: =IF($P29="","",IF(INDEX(EntryWit,$P29)=0,"",INDEX(EntryWit,$P29))) | J29: =IF($B29="","",IF($A29=1,$C$7,IF(J28="",0,J28))+IF($H29="",0,$H29)-IF($I29="",0,$I29)) | K29: =IF($P29="","",IF(INDEX(EntryMan,$P29)=0,"",INDEX(EntryMan,$P29))) | L29: =IF($B29="","",IF($K29="","—",IF(ROUND($K29-$J29,0)=0,"√","×"))) | M29: =IF($B29="","",IF(COUNTIFS(EntryDates,$B29,CalcTime,$C29,CalcBank,$C$5,EntryParty,$D29,EntryDep,$H29,EntryWit,$I29)>1,"تکرار","")) | N29: =IF($P29="","",IF(INDEX(EntryNotes,$P29)=0,"",INDEX(EntryNotes,$P29))) | O29: =IF($P29="","",IF(INDEX(EntryTxnID,$P29)=0,"",INDEX(EntryTxnID,$P29))) | P29: =IFERROR(MATCH($C$5&"|"&RIGHT("000000"&13,6),CalcRankKey,0),"")
A30: =IF($B30="","",14) | B30: =IF($P30="","",IF(INDEX(CalcNormDate,$P30)=0,"",INDEX(CalcNormDate,$P30))) | C30: =IF($P30="","",IF(INDEX(CalcTime,$P30)=0,"",INDEX(CalcTime,$P30))) | D30: =IF($P30="","",IF(INDEX(EntryParty,$P30)=0,"",INDEX(EntryParty,$P30))) | E30: =IF($P30="","",IF(INDEX(EntryPartyName,$P30)=0,"",INDEX(EntryPartyName,$P30))) | F30: =IF($P30="","",IF(INDEX(EntryPartyType,$P30)=0,"",INDEX(EntryPartyType,$P30))) | G30: =IF($P30="","",IF(INDEX(EntryTxnType,$P30)=0,"",INDEX(EntryTxnType,$P30))) | H30: =IF($P30="","",IF(INDEX(EntryDep,$P30)=0,"",INDEX(EntryDep,$P30))) | I30: =IF($P30="","",IF(INDEX(EntryWit,$P30)=0,"",INDEX(EntryWit,$P30))) | J30: =IF($B30="","",IF($A30=1,$C$7,IF(J29="",0,J29))+IF($H30="",0,$H30)-IF($I30="",0,$I30)) | K30: =IF($P30="","",IF(INDEX(EntryMan,$P30)=0,"",INDEX(EntryMan,$P30))) | L30: =IF($B30="","",IF($K30="","—",IF(ROUND($K30-$J30,0)=0,"√","×"))) | M30: =IF($B30="","",IF(COUNTIFS(EntryDates,$B30,CalcTime,$C30,CalcBank,$C$5,EntryParty,$D30,EntryDep,$H30,EntryWit,$I30)>1,"تکرار","")) | N30: =IF($P30="","",IF(INDEX(EntryNotes,$P30)=0,"",INDEX(EntryNotes,$P30))) | O30: =IF($P30="","",IF(INDEX(EntryTxnID,$P30)=0,"",INDEX(EntryTxnID,$P30))) | P30: =IFERROR(MATCH($C$5&"|"&RIGHT("000000"&14,6),CalcRankKey,0),"")
A31: =IF($B31="","",15) | B31: =IF($P31="","",IF(INDEX(CalcNormDate,$P31)=0,"",INDEX(CalcNormDate,$P31))) | C31: =IF($P31="","",IF(INDEX(CalcTime,$P31)=0,"",INDEX(CalcTime,$P31))) | D31: =IF($P31="","",IF(INDEX(EntryParty,$P31)=0,"",INDEX(EntryParty,$P31))) | E31: =IF($P31="","",IF(INDEX(EntryPartyName,$P31)=0,"",INDEX(EntryPartyName,$P31))) | F31: =IF($P31="","",IF(INDEX(EntryPartyType,$P31)=0,"",INDEX(EntryPartyType,$P31))) | G31: =IF($P31="","",IF(INDEX(EntryTxnType,$P31)=0,"",INDEX(EntryTxnType,$P31))) | H31: =IF($P31="","",IF(INDEX(EntryDep,$P31)=0,"",INDEX(EntryDep,$P31))) | I31: =IF($P31="","",IF(INDEX(EntryWit,$P31)=0,"",INDEX(EntryWit,$P31))) | J31: =IF($B31="","",IF($A31=1,$C$7,IF(J30="",0,J30))+IF($H31="",0,$H31)-IF($I31="",0,$I31)) | K31: =IF($P31="","",IF(INDEX(EntryMan,$P31)=0,"",INDEX(EntryMan,$P31))) | L31: =IF($B31="","",IF($K31="","—",IF(ROUND($K31-$J31,0)=0,"√","×"))) | M31: =IF($B31="","",IF(COUNTIFS(EntryDates,$B31,CalcTime,$C31,CalcBank,$C$5,EntryParty,$D31,EntryDep,$H31,EntryWit,$I31)>1,"تکرار","")) | N31: =IF($P31="","",IF(INDEX(EntryNotes,$P31)=0,"",INDEX(EntryNotes,$P31))) | O31: =IF($P31="","",IF(INDEX(EntryTxnID,$P31)=0,"",INDEX(EntryTxnID,$P31))) | P31: =IFERROR(MATCH($C$5&"|"&RIGHT("000000"&15,6),CalcRankKey,0),"")
A32: =IF($B32="","",16) | B32: =IF($P32="","",IF(INDEX(CalcNormDate,$P32)=0,"",INDEX(CalcNormDate,$P32))) | C32: =IF($P32="","",IF(INDEX(CalcTime,$P32)=0,"",INDEX(CalcTime,$P32))) | D32: =IF($P32="","",IF(INDEX(EntryParty,$P32)=0,"",INDEX(EntryParty,$P32))) | E32: =IF($P32="","",IF(INDEX(EntryPartyName,$P32)=0,"",INDEX(EntryPartyName,$P32))) | F32: =IF($P32="","",IF(INDEX(EntryPartyType,$P32)=0,"",INDEX(EntryPartyType,$P32))) | G32: =IF($P32="","",IF(INDEX(EntryTxnType,$P32)=0,"",INDEX(EntryTxnType,$P32))) | H32: =IF($P32="","",IF(INDEX(EntryDep,$P32)=0,"",INDEX(EntryDep,$P32))) | I32: =IF($P32="","",IF(INDEX(EntryWit,$P32)=0,"",INDEX(EntryWit,$P32))) | J32: =IF($B32="","",IF($A32=1,$C$7,IF(J31="",0,J31))+IF($H32="",0,$H32)-IF($I32="",0,$I32)) | K32: =IF($P32="","",IF(INDEX(EntryMan,$P32)=0,"",INDEX(EntryMan,$P32))) | L32: =IF($B32="","",IF($K32="","—",IF(ROUND($K32-$J32,0)=0,"√","×"))) | M32: =IF($B32="","",IF(COUNTIFS(EntryDates,$B32,CalcTime,$C32,CalcBank,$C$5,EntryParty,$D32,EntryDep,$H32,EntryWit,$I32)>1,"تکرار","")) | N32: =IF($P32="","",IF(INDEX(EntryNotes,$P32)=0,"",INDEX(EntryNotes,$P32))) | O32: =IF($P32="","",IF(INDEX(EntryTxnID,$P32)=0,"",INDEX(EntryTxnID,$P32))) | P32: =IFERROR(MATCH($C$5&"|"&RIGHT("000000"&16,6),CalcRankKey,0),"")
A33: =IF($B33="","",17) | B33: =IF($P33="","",IF(INDEX(CalcNormDate,$P33)=0,"",INDEX(CalcNormDate,$P33))) | C33: =IF($P33="","",IF(INDEX(CalcTime,$P33)=0,"",INDEX(CalcTime,$P33))) | D33: =IF($P33="","",IF(INDEX(EntryParty,$P33)=0,"",INDEX(EntryParty,$P33))) | E33: =IF($P33="","",IF(INDEX(EntryPartyName,$P33)=0,"",INDEX(EntryPartyName,$P33))) | F33: =IF($P33="","",IF(INDEX(EntryPartyType,$P33)=0,"",INDEX(EntryPartyType,$P33))) | G33: =IF($P33="","",IF(INDEX(EntryTxnType,$P33)=0,"",INDEX(EntryTxnType,$P33))) | H33: =IF($P33="","",IF(INDEX(EntryDep,$P33)=0,"",INDEX(EntryDep,$P33))) | I33: =IF($P33="","",IF(INDEX(EntryWit,$P33)=0,"",INDEX(EntryWit,$P33))) | J33: =IF($B33="","",IF($A33=1,$C$7,IF(J32="",0,J32))+IF($H33="",0,$H33)-IF($I33="",0,$I33)) | K33: =IF($P33="","",IF(INDEX(EntryMan,$P33)=0,"",INDEX(EntryMan,$P33))) | L33: =IF($B33="","",IF($K33="","—",IF(ROUND($K33-$J33,0)=0,"√","×"))) | M33: =IF($B33="","",IF(COUNTIFS(EntryDates,$B33,CalcTime,$C33,CalcBank,$C$5,EntryParty,$D33,EntryDep,$H33,EntryWit,$I33)>1,"تکرار","")) | N33: =IF($P33="","",IF(INDEX(EntryNotes,$P33)=0,"",INDEX(EntryNotes,$P33))) | O33: =IF($P33="","",IF(INDEX(EntryTxnID,$P33)=0,"",INDEX(EntryTxnID,$P33))) | P33: =IFERROR(MATCH($C$5&"|"&RIGHT("000000"&17,6),CalcRankKey,0),"")
A34: =IF($B34="","",18) | B34: =IF($P34="","",IF(INDEX(CalcNormDate,$P34)=0,"",INDEX(CalcNormDate,$P34))) | C34: =IF($P34="","",IF(INDEX(CalcTime,$P34)=0,"",INDEX(CalcTime,$P34))) | D34: =IF($P34="","",IF(INDEX(EntryParty,$P34)=0,"",INDEX(EntryParty,$P34))) | E34: =IF($P34="","",IF(INDEX(EntryPartyName,$P34)=0,"",INDEX(EntryPartyName,$P34))) | F34: =IF($P34="","",IF(INDEX(EntryPartyType,$P34)=0,"",INDEX(EntryPartyType,$P34))) | G34: =IF($P34="","",IF(INDEX(EntryTxnType,$P34)=0,"",INDEX(EntryTxnType,$P34))) | H34: =IF($P34="","",IF(INDEX(EntryDep,$P34)=0,"",INDEX(EntryDep,$P34))) | I34: =IF($P34="","",IF(INDEX(EntryWit,$P34)=0,"",INDEX(EntryWit,$P34))) | J34: =IF($B34="","",IF($A34=1,$C$7,IF(J33="",0,J33))+IF($H34="",0,$H34)-IF($I34="",0,$I34)) | K34: =IF($P34="","",IF(INDEX(EntryMan,$P34)=0,"",INDEX(EntryMan,$P34))) | L34: =IF($B34="","",IF($K34="","—",IF(ROUND($K34-$J34,0)=0,"√","×"))) | M34: =IF($B34="","",IF(COUNTIFS(EntryDates,$B34,CalcTime,$C34,CalcBank,$C$5,EntryParty,$D34,EntryDep,$H34,EntryWit,$I34)>1,"تکرار","")) | N34: =IF($P34="","",IF(INDEX(EntryNotes,$P34)=0,"",INDEX(EntryNotes,$P34))) | O34: =IF($P34="","",IF(INDEX(EntryTxnID,$P34)=0,"",INDEX(EntryTxnID,$P34))) | P34: =IFERROR(MATCH($C$5&"|"&RIGHT("000000"&18,6),CalcRankKey,0),"")
A35: =IF($B35="","",19) | B35: =IF($P35="","",IF(INDEX(CalcNormDate,$P35)=0,"",INDEX(CalcNormDate,$P35))) | C35: =IF($P35="","",IF(INDEX(CalcTime,$P35)=0,"",INDEX(CalcTime,$P35))) | D35: =IF($P35="","",IF(INDEX(EntryParty,$P35)=0,"",INDEX(EntryParty,$P35))) | E35: =IF($P35="","",IF(INDEX(EntryPartyName,$P35)=0,"",INDEX(EntryPartyName,$P35))) | F35: =IF($P35="","",IF(INDEX(EntryPartyType,$P35)=0,"",INDEX(EntryPartyType,$P35))) | G35: =IF($P35="","",IF(INDEX(EntryTxnType,$P35)=0,"",INDEX(EntryTxnType,$P35))) | H35: =IF($P35="","",IF(INDEX(EntryDep,$P35)=0,"",INDEX(EntryDep,$P35))) | I35: =IF($P35="","",IF(INDEX(EntryWit,$P35)=0,"",INDEX(EntryWit,$P35))) | J35: =IF($B35="","",IF($A35=1,$C$7,IF(J34="",0,J34))+IF($H35="",0,$H35)-IF($I35="",0,$I35)) | K35: =IF($P35="","",IF(INDEX(EntryMan,$P35)=0,"",INDEX(EntryMan,$P35))) | L35: =IF($B35="","",IF($K35="","—",IF(ROUND($K35-$J35,0)=0,"√","×"))) | M35: =IF($B35="","",IF(COUNTIFS(EntryDates,$B35,CalcTime,$C35,CalcBank,$C$5,EntryParty,$D35,EntryDep,$H35,EntryWit,$I35)>1,"تکرار","")) | N35: =IF($P35="","",IF(INDEX(EntryNotes,$P35)=0,"",INDEX(EntryNotes,$P35))) | O35: =IF($P35="","",IF(INDEX(EntryTxnID,$P35)=0,"",INDEX(EntryTxnID,$P35))) | P35: =IFERROR(MATCH($C$5&"|"&RIGHT("000000"&19,6),CalcRankKey,0),"")
A36: =IF($B36="","",20) | B36: =IF($P36="","",IF(INDEX(CalcNormDate,$P36)=0,"",INDEX(CalcNormDate,$P36))) | C36: =IF($P36="","",IF(INDEX(CalcTime,$P36)=0,"",INDEX(CalcTime,$P36))) | D36: =IF($P36="","",IF(INDEX(EntryParty,$P36)=0,"",INDEX(EntryParty,$P36))) | E36: =IF($P36="","",IF(INDEX(EntryPartyName,$P36)=0,"",INDEX(EntryPartyName,$P36))) | F36: =IF($P36="","",IF(INDEX(EntryPartyType,$P36)=0,"",INDEX(EntryPartyType,$P36))) | G36: =IF($P36="","",IF(INDEX(EntryTxnType,$P36)=0,"",INDEX(EntryTxnType,$P36))) | H36: =IF($P36="","",IF(INDEX(EntryDep,$P36)=0,"",INDEX(EntryDep,$P36))) | I36: =IF($P36="","",IF(INDEX(EntryWit,$P36)=0,"",INDEX(EntryWit,$P36))) | J36: =IF($B36="","",IF($A36=1,$C$7,IF(J35="",0,J35))+IF($H36="",0,$H36)-IF($I36="",0,$I36)) | K36: =IF($P36="","",IF(INDEX(EntryMan,$P36)=0,"",INDEX(EntryMan,$P36))) | L36: =IF($B36="","",IF($K36="","—",IF(ROUND($K36-$J36,0)=0,"√","×"))) | M36: =IF($B36="","",IF(COUNTIFS(EntryDates,$B36,CalcTime,$C36,CalcBank,$C$5,EntryParty,$D36,EntryDep,$H36,EntryWit,$I36)>1,"تکرار","")) | N36: =IF($P36="","",IF(INDEX(EntryNotes,$P36)=0,"",INDEX(EntryNotes,$P36))) | O36: =IF($P36="","",IF(INDEX(EntryTxnID,$P36)=0,"",INDEX(EntryTxnID,$P36))) | P36: =IFERROR(MATCH($C$5&"|"&RIGHT("000000"&20,6),CalcRankKey,0),"")
A37: =IF($B37="","",21) | B37: =IF($P37="","",IF(INDEX(CalcNormDate,$P37)=0,"",INDEX(CalcNormDate,$P37))) | C37: =IF($P37="","",IF(INDEX(CalcTime,$P37)=0,"",INDEX(CalcTime,$P37))) | D37: =IF($P37="","",IF(INDEX(EntryParty,$P37)=0,"",INDEX(EntryParty,$P37))) | E37: =IF($P37="","",IF(INDEX(EntryPartyName,$P37)=0,"",INDEX(EntryPartyName,$P37))) | F37: =IF($P37="","",IF(INDEX(EntryPartyType,$P37)=0,"",INDEX(EntryPartyType,$P37))) | G37: =IF($P37="","",IF(INDEX(EntryTxnType,$P37)=0,"",INDEX(EntryTxnType,$P37))) | H37: =IF($P37="","",IF(INDEX(EntryDep,$P37)=0,"",INDEX(EntryDep,$P37))) | I37: =IF($P37="","",IF(INDEX(EntryWit,$P37)=0,"",INDEX(EntryWit,$P37))) | J37: =IF($B37="","",IF($A37=1,$C$7,IF(J36="",0,J36))+IF($H37="",0,$H37)-IF($I37="",0,$I37)) | K37: =IF($P37="","",IF(INDEX(EntryMan,$P37)=0,"",INDEX(EntryMan,$P37))) | L37: =IF($B37="","",IF($K37="","—",IF(ROUND($K37-$J37,0)=0,"√","×"))) | M37: =IF($B37="","",IF(COUNTIFS(EntryDates,$B37,CalcTime,$C37,CalcBank,$C$5,EntryParty,$D37,EntryDep,$H37,EntryWit,$I37)>1,"تکرار","")) | N37: =IF($P37="","",IF(INDEX(EntryNotes,$P37)=0,"",INDEX(EntryNotes,$P37))) | O37: =IF($P37="","",IF(INDEX(EntryTxnID,$P37)=0,"",INDEX(EntryTxnID,$P37))) | P37: =IFERROR(MATCH($C$5&"|"&RIGHT("000000"&21,6),CalcRankKey,0),"")
A38: =IF($B38="","",22) | B38: =IF($P38="","",IF(INDEX(CalcNormDate,$P38)=0,"",INDEX(CalcNormDate,$P38))) | C38: =IF($P38="","",IF(INDEX(CalcTime,$P38)=0,"",INDEX(CalcTime,$P38))) | D38: =IF($P38="","",IF(INDEX(EntryParty,$P38)=0,"",INDEX(EntryParty,$P38))) | E38: =IF($P38="","",IF(INDEX(EntryPartyName,$P38)=0,"",INDEX(EntryPartyName,$P38))) | F38: =IF($P38="","",IF(INDEX(EntryPartyType,$P38)=0,"",INDEX(EntryPartyType,$P38))) | G38: =IF($P38="","",IF(INDEX(EntryTxnType,$P38)=0,"",INDEX(EntryTxnType,$P38))) | H38: =IF($P38="","",IF(INDEX(EntryDep,$P38)=0,"",INDEX(EntryDep,$P38))) | I38: =IF($P38="","",IF(INDEX(EntryWit,$P38)=0,"",INDEX(EntryWit,$P38))) | J38: =IF($B38="","",IF($A38=1,$C$7,IF(J37="",0,J37))+IF($H38="",0,$H38)-IF($I38="",0,$I38)) | K38: =IF($P38="","",IF(INDEX(EntryMan,$P38)=0,"",INDEX(EntryMan,$P38))) | L38: =IF($B38="","",IF($K38="","—",IF(ROUND($K38-$J38,0)=0,"√","×"))) | M38: =IF($B38="","",IF(COUNTIFS(EntryDates,$B38,CalcTime,$C38,CalcBank,$C$5,EntryParty,$D38,EntryDep,$H38,EntryWit,$I38)>1,"تکرار","")) | N38: =IF($P38="","",IF(INDEX(EntryNotes,$P38)=0,"",INDEX(EntryNotes,$P38))) | O38: =IF($P38="","",IF(INDEX(EntryTxnID,$P38)=0,"",INDEX(EntryTxnID,$P38))) | P38: =IFERROR(MATCH($C$5&"|"&RIGHT("000000"&22,6),CalcRankKey,0),"")
A39: =IF($B39="","",23) | B39: =IF($P39="","",IF(INDEX(CalcNormDate,$P39)=0,"",INDEX(CalcNormDate,$P39))) | C39: =IF($P39="","",IF(INDEX(CalcTime,$P39)=0,"",INDEX(CalcTime,$P39))) | D39: =IF($P39="","",IF(INDEX(EntryParty,$P39)=0,"",INDEX(EntryParty,$P39))) | E39: =IF($P39="","",IF(INDEX(EntryPartyName,$P39)=0,"",INDEX(EntryPartyName,$P39))) | F39: =IF($P39="","",IF(INDEX(EntryPartyType,$P39)=0,"",INDEX(EntryPartyType,$P39))) | G39: =IF($P39="","",IF(INDEX(EntryTxnType,$P39)=0,"",INDEX(EntryTxnType,$P39))) | H39: =IF($P39="","",IF(INDEX(EntryDep,$P39)=0,"",INDEX(EntryDep,$P39))) | I39: =IF($P39="","",IF(INDEX(EntryWit,$P39)=0,"",INDEX(EntryWit,$P39))) | J39: =IF($B39="","",IF($A39=1,$C$7,IF(J38="",0,J38))+IF($H39="",0,$H39)-IF($I39="",0,$I39)) | K39: =IF($P39="","",IF(INDEX(EntryMan,$P39)=0,"",INDEX(EntryMan,$P39))) | L39: =IF($B39="","",IF($K39="","—",IF(ROUND($K39-$J39,0)=0,"√","×"))) | M39: =IF($B39="","",IF(COUNTIFS(EntryDates,$B39,CalcTime,$C39,CalcBank,$C$5,EntryParty,$D39,EntryDep,$H39,EntryWit,$I39)>1,"تکرار","")) | N39: =IF($P39="","",IF(INDEX(EntryNotes,$P39)=0,"",INDEX(EntryNotes,$P39))) | O39: =IF($P39="","",IF(INDEX(EntryTxnID,$P39)=0,"",INDEX(EntryTxnID,$P39))) | P39: =IFERROR(MATCH($C$5&"|"&RIGHT("000000"&23,6),CalcRankKey,0),"")
A40: =IF($B40="","",24) | B40: =IF($P40="","",IF(INDEX(CalcNormDate,$P40)=0,"",INDEX(CalcNormDate,$P40))) | C40: =IF($P40="","",IF(INDEX(CalcTime,$P40)=0,"",INDEX(CalcTime,$P40))) | D40: =IF($P40="","",IF(INDEX(EntryParty,$P40)=0,"",INDEX(EntryParty,$P40))) | E40: =IF($P40="","",IF(INDEX(EntryPartyName,$P40)=0,"",INDEX(EntryPartyName,$P40))) | F40: =IF($P40="","",IF(INDEX(EntryPartyType,$P40)=0,"",INDEX(EntryPartyType,$P40))) | G40: =IF($P40="","",IF(INDEX(EntryTxnType,$P40)=0,"",INDEX(EntryTxnType,$P40))) | H40: =IF($P40="","",IF(INDEX(EntryDep,$P40)=0,"",INDEX(EntryDep,$P40))) | I40: =IF($P40="","",IF(INDEX(EntryWit,$P40)=0,"",INDEX(EntryWit,$P40))) | J40: =IF($B40="","",IF($A40=1,$C$7,IF(J39="",0,J39))+IF($H40="",0,$H40)-IF($I40="",0,$I40)) | K40: =IF($P40="","",IF(INDEX(EntryMan,$P40)=0,"",INDEX(EntryMan,$P40))) | L40: =IF($B40="","",IF($K40="","—",IF(ROUND($K40-$J40,0)=0,"√","×"))) | M40: =IF($B40="","",IF(COUNTIFS(EntryDates,$B40,CalcTime,$C40,CalcBank,$C$5,EntryParty,$D40,EntryDep,$H40,EntryWit,$I40)>1,"تکرار","")) | N40: =IF($P40="","",IF(INDEX(EntryNotes,$P40)=0,"",INDEX(EntryNotes,$P40))) | O40: =IF($P40="","",IF(INDEX(EntryTxnID,$P40)=0,"",INDEX(EntryTxnID,$P40))) | P40: =IFERROR(MATCH($C$5&"|"&RIGHT("000000"&24,6),CalcRankKey,0),"")
A41: =IF($B41="","",25) | B41: =IF($P41="","",IF(INDEX(CalcNormDate,$P41)=0,"",INDEX(CalcNormDate,$P41))) | C41: =IF($P41="","",IF(INDEX(CalcTime,$P41)=0,"",INDEX(CalcTime,$P41))) | D41: =IF($P41="","",IF(INDEX(EntryParty,$P41)=0,"",INDEX(EntryParty,$P41))) | E41: =IF($P41="","",IF(INDEX(EntryPartyName,$P41)=0,"",INDEX(EntryPartyName,$P41))) | F41: =IF($P41="","",IF(INDEX(EntryPartyType,$P41)=0,"",INDEX(EntryPartyType,$P41))) | G41: =IF($P41="","",IF(INDEX(EntryTxnType,$P41)=0,"",INDEX(EntryTxnType,$P41))) | H41: =IF($P41="","",IF(INDEX(EntryDep,$P41)=0,"",INDEX(EntryDep,$P41))) | I41: =IF($P41="","",IF(INDEX(EntryWit,$P41)=0,"",INDEX(EntryWit,$P41))) | J41: =IF($B41="","",IF($A41=1,$C$7,IF(J40="",0,J40))+IF($H41="",0,$H41)-IF($I41="",0,$I41)) | K41: =IF($P41="","",IF(INDEX(EntryMan,$P41)=0,"",INDEX(EntryMan,$P41))) | L41: =IF($B41="","",IF($K41="","—",IF(ROUND($K41-$J41,0)=0,"√","×"))) | M41: =IF($B41="","",IF(COUNTIFS(EntryDates,$B41,CalcTime,$C41,CalcBank,$C$5,EntryParty,$D41,EntryDep,$H41,EntryWit,$I41)>1,"تکرار","")) | N41: =IF($P41="","",IF(INDEX(EntryNotes,$P41)=0,"",INDEX(EntryNotes,$P41))) | O41: =IF($P41="","",IF(INDEX(EntryTxnID,$P41)=0,"",INDEX(EntryTxnID,$P41))) | P41: =IFERROR(MATCH($C$5&"|"&RIGHT("000000"&25,6),CalcRankKey,0),"")
A42: =IF($B42="","",26) | B42: =IF($P42="","",IF(INDEX(CalcNormDate,$P42)=0,"",INDEX(CalcNormDate,$P42))) | C42: =IF($P42="","",IF(INDEX(CalcTime,$P42)=0,"",INDEX(CalcTime,$P42))) | D42: =IF($P42="","",IF(INDEX(EntryParty,$P42)=0,"",INDEX(EntryParty,$P42))) | E42: =IF($P42="","",IF(INDEX(EntryPartyName,$P42)=0,"",INDEX(EntryPartyName,$P42))) | F42: =IF($P42="","",IF(INDEX(EntryPartyType,$P42)=0,"",INDEX(EntryPartyType,$P42))) | G42: =IF($P42="","",IF(INDEX(EntryTxnType,$P42)=0,"",INDEX(EntryTxnType,$P42))) | H42: =IF($P42="","",IF(INDEX(EntryDep,$P42)=0,"",INDEX(EntryDep,$P42))) | I42: =IF($P42="","",IF(INDEX(EntryWit,$P42)=0,"",INDEX(EntryWit,$P42))) | J42: =IF($B42="","",IF($A42=1,$C$7,IF(J41="",0,J41))+IF($H42="",0,$H42)-IF($I42="",0,$I42)) | K42: =IF($P42="","",IF(INDEX(EntryMan,$P42)=0,"",INDEX(EntryMan,$P42))) | L42: =IF($B42="","",IF($K42="","—",IF(ROUND($K42-$J42,0)=0,"√","×"))) | M42: =IF($B42="","",IF(COUNTIFS(EntryDates,$B42,CalcTime,$C42,CalcBank,$C$5,EntryParty,$D42,EntryDep,$H42,EntryWit,$I42)>1,"تکرار","")) | N42: =IF($P42="","",IF(INDEX(EntryNotes,$P42)=0,"",INDEX(EntryNotes,$P42))) | O42: =IF($P42="","",IF(INDEX(EntryTxnID,$P42)=0,"",INDEX(EntryTxnID,$P42))) | P42: =IFERROR(MATCH($C$5&"|"&RIGHT("000000"&26,6),CalcRankKey,0),"")
A43: =IF($B43="","",27) | B43: =IF($P43="","",IF(INDEX(CalcNormDate,$P43)=0,"",INDEX(CalcNormDate,$P43))) | C43: =IF($P43="","",IF(INDEX(CalcTime,$P43)=0,"",INDEX(CalcTime,$P43))) | D43: =IF($P43="","",IF(INDEX(EntryParty,$P43)=0,"",INDEX(EntryParty,$P43))) | E43: =IF($P43="","",IF(INDEX(EntryPartyName,$P43)=0,"",INDEX(EntryPartyName,$P43))) | F43: =IF($P43="","",IF(INDEX(EntryPartyType,$P43)=0,"",INDEX(EntryPartyType,$P43))) | G43: =IF($P43="","",IF(INDEX(EntryTxnType,$P43)=0,"",INDEX(EntryTxnType,$P43))) | H43: =IF($P43="","",IF(INDEX(EntryDep,$P43)=0,"",INDEX(EntryDep,$P43))) | I43: =IF($P43="","",IF(INDEX(EntryWit,$P43)=0,"",INDEX(EntryWit,$P43))) | J43: =IF($B43="","",IF($A43=1,$C$7,IF(J42="",0,J42))+IF($H43="",0,$H43)-IF($I43="",0,$I43)) | K43: =IF($P43="","",IF(INDEX(EntryMan,$P43)=0,"",INDEX(EntryMan,$P43))) | L43: =IF($B43="","",IF($K43="","—",IF(ROUND($K43-$J43,0)=0,"√","×"))) | M43: =IF($B43="","",IF(COUNTIFS(EntryDates,$B43,CalcTime,$C43,CalcBank,$C$5,EntryParty,$D43,EntryDep,$H43,EntryWit,$I43)>1,"تکرار","")) | N43: =IF($P43="","",IF(INDEX(EntryNotes,$P43)=0,"",INDEX(EntryNotes,$P43))) | O43: =IF($P43="","",IF(INDEX(EntryTxnID,$P43)=0,"",INDEX(EntryTxnID,$P43))) | P43: =IFERROR(MATCH($C$5&"|"&RIGHT("000000"&27,6),CalcRankKey,0),"")
A44: =IF($B44="","",28) | B44: =IF($P44="","",IF(INDEX(CalcNormDate,$P44)=0,"",INDEX(CalcNormDate,$P44))) | C44: =IF($P44="","",IF(INDEX(CalcTime,$P44)=0,"",INDEX(CalcTime,$P44))) | D44: =IF($P44="","",IF(INDEX(EntryParty,$P44)=0,"",INDEX(EntryParty,$P44))) | E44: =IF($P44="","",IF(INDEX(EntryPartyName,$P44)=0,"",INDEX(EntryPartyName,$P44))) | F44: =IF($P44="","",IF(INDEX(EntryPartyType,$P44)=0,"",INDEX(EntryPartyType,$P44))) | G44: =IF($P44="","",IF(INDEX(EntryTxnType,$P44)=0,"",INDEX(EntryTxnType,$P44))) | H44: =IF($P44="","",IF(INDEX(EntryDep,$P44)=0,"",INDEX(EntryDep,$P44))) | I44: =IF($P44="","",IF(INDEX(EntryWit,$P44)=0,"",INDEX(EntryWit,$P44))) | J44: =IF($B44="","",IF($A44=1,$C$7,IF(J43="",0,J43))+IF($H44="",0,$H44)-IF($I44="",0,$I44)) | K44: =IF($P44="","",IF(INDEX(EntryMan,$P44)=0,"",INDEX(EntryMan,$P44))) | L44: =IF($B44="","",IF($K44="","—",IF(ROUND($K44-$J44,0)=0,"√","×"))) | M44: =IF($B44="","",IF(COUNTIFS(EntryDates,$B44,CalcTime,$C44,CalcBank,$C$5,EntryParty,$D44,EntryDep,$H44,EntryWit,$I44)>1,"تکرار","")) | N44: =IF($P44="","",IF(INDEX(EntryNotes,$P44)=0,"",INDEX(EntryNotes,$P44))) | O44: =IF($P44="","",IF(INDEX(EntryTxnID,$P44)=0,"",INDEX(EntryTxnID,$P44))) | P44: =IFERROR(MATCH($C$5&"|"&RIGHT("000000"&28,6),CalcRankKey,0),"")
A45: =IF($B45="","",29) | B45: =IF($P45="","",IF(INDEX(CalcNormDate,$P45)=0,"",INDEX(CalcNormDate,$P45))) | C45: =IF($P45="","",IF(INDEX(CalcTime,$P45)=0,"",INDEX(CalcTime,$P45))) | D45: =IF($P45="","",IF(INDEX(EntryParty,$P45)=0,"",INDEX(EntryParty,$P45))) | E45: =IF($P45="","",IF(INDEX(EntryPartyName,$P45)=0,"",INDEX(EntryPartyName,$P45))) | F45: =IF($P45="","",IF(INDEX(EntryPartyType,$P45)=0,"",INDEX(EntryPartyType,$P45))) | G45: =IF($P45="","",IF(INDEX(EntryTxnType,$P45)=0,"",INDEX(EntryTxnType,$P45))) | H45: =IF($P45="","",IF(INDEX(EntryDep,$P45)=0,"",INDEX(EntryDep,$P45))) | I45: =IF($P45="","",IF(INDEX(EntryWit,$P45)=0,"",INDEX(EntryWit,$P45))) | J45: =IF($B45="","",IF($A45=1,$C$7,IF(J44="",0,J44))+IF($H45="",0,$H45)-IF($I45="",0,$I45)) | K45: =IF($P45="","",IF(INDEX(EntryMan,$P45)=0,"",INDEX(EntryMan,$P45))) | L45: =IF($B45="","",IF($K45="","—",IF(ROUND($K45-$J45,0)=0,"√","×"))) | M45: =IF($B45="","",IF(COUNTIFS(EntryDates,$B45,CalcTime,$C45,CalcBank,$C$5,EntryParty,$D45,EntryDep,$H45,EntryWit,$I45)>1,"تکرار","")) | N45: =IF($P45="","",IF(INDEX(EntryNotes,$P45)=0,"",INDEX(EntryNotes,$P45))) | O45: =IF($P45="","",IF(INDEX(EntryTxnID,$P45)=0,"",INDEX(EntryTxnID,$P45))) | P45: =IFERROR(MATCH($C$5&"|"&RIGHT("000000"&29,6),CalcRankKey,0),"")
A46: =IF($B46="","",30) | B46: =IF($P46="","",IF(INDEX(CalcNormDate,$P46)=0,"",INDEX(CalcNormDate,$P46))) | C46: =IF($P46="","",IF(INDEX(CalcTime,$P46)=0,"",INDEX(CalcTime,$P46))) | D46: =IF($P46="","",IF(INDEX(EntryParty,$P46)=0,"",INDEX(EntryParty,$P46))) | E46: =IF($P46="","",IF(INDEX(EntryPartyName,$P46)=0,"",INDEX(EntryPartyName,$P46))) | F46: =IF($P46="","",IF(INDEX(EntryPartyType,$P46)=0,"",INDEX(EntryPartyType,$P46))) | G46: =IF($P46="","",IF(INDEX(EntryTxnType,$P46)=0,"",INDEX(EntryTxnType,$P46))) | H46: =IF($P46="","",IF(INDEX(EntryDep,$P46)=0,"",INDEX(EntryDep,$P46))) | I46: =IF($P46="","",IF(INDEX(EntryWit,$P46)=0,"",INDEX(EntryWit,$P46))) | J46: =IF($B46="","",IF($A46=1,$C$7,IF(J45="",0,J45))+IF($H46="",0,$H46)-IF($I46="",0,$I46)) | K46: =IF($P46="","",IF(INDEX(EntryMan,$P46)=0,"",INDEX(EntryMan,$P46))) | L46: =IF($B46="","",IF($K46="","—",IF(ROUND($K46-$J46,0)=0,"√","×"))) | M46: =IF($B46="","",IF(COUNTIFS(EntryDates,$B46,CalcTime,$C46,CalcBank,$C$5,EntryParty,$D46,EntryDep,$H46,EntryWit,$I46)>1,"تکرار","")) | N46: =IF($P46="","",IF(INDEX(EntryNotes,$P46)=0,"",INDEX(EntryNotes,$P46))) | O46: =IF($P46="","",IF(INDEX(EntryTxnID,$P46)=0,"",INDEX(EntryTxnID,$P46))) | P46: =IFERROR(MATCH($C$5&"|"&RIGHT("000000"&30,6),CalcRankKey,0),"")
A47: =IF($B47="","",31) | B47: =IF($P47="","",IF(INDEX(CalcNormDate,$P47)=0,"",INDEX(CalcNormDate,$P47))) | C47: =IF($P47="","",IF(INDEX(CalcTime,$P47)=0,"",INDEX(CalcTime,$P47))) | D47: =IF($P47="","",IF(INDEX(EntryParty,$P47)=0,"",INDEX(EntryParty,$P47))) | E47: =IF($P47="","",IF(INDEX(EntryPartyName,$P47)=0,"",INDEX(EntryPartyName,$P47))) | F47: =IF($P47="","",IF(INDEX(EntryPartyType,$P47)=0,"",INDEX(EntryPartyType,$P47))) | G47: =IF($P47="","",IF(INDEX(EntryTxnType,$P47)=0,"",INDEX(EntryTxnType,$P47))) | H47: =IF($P47="","",IF(INDEX(EntryDep,$P47)=0,"",INDEX(EntryDep,$P47))) | I47: =IF($P47="","",IF(INDEX(EntryWit,$P47)=0,"",INDEX(EntryWit,$P47))) | J47: =IF($B47="","",IF($A47=1,$C$7,IF(J46="",0,J46))+IF($H47="",0,$H47)-IF($I47="",0,$I47)) | K47: =IF($P47="","",IF(INDEX(EntryMan,$P47)=0,"",INDEX(EntryMan,$P47))) | L47: =IF($B47="","",IF($K47="","—",IF(ROUND($K47-$J47,0)=0,"√","×"))) | M47: =IF($B47="","",IF(COUNTIFS(EntryDates,$B47,CalcTime,$C47,CalcBank,$C$5,EntryParty,$D47,EntryDep,$H47,EntryWit,$I47)>1,"تکرار","")) | N47: =IF($P47="","",IF(INDEX(EntryNotes,$P47)=0,"",INDEX(EntryNotes,$P47))) | O47: =IF($P47="","",IF(INDEX(EntryTxnID,$P47)=0,"",INDEX(EntryTxnID,$P47))) | P47: =IFERROR(MATCH($C$5&"|"&RIGHT("000000"&31,6),CalcRankKey,0),"")
A48: =IF($B48="","",32) | B48: =IF($P48="","",IF(INDEX(CalcNormDate,$P48)=0,"",INDEX(CalcNormDate,$P48))) | C48: =IF($P48="","",IF(INDEX(CalcTime,$P48)=0,"",INDEX(CalcTime,$P48))) | D48: =IF($P48="","",IF(INDEX(EntryParty,$P48)=0,"",INDEX(EntryParty,$P48))) | E48: =IF($P48="","",IF(INDEX(EntryPartyName,$P48)=0,"",INDEX(EntryPartyName,$P48))) | F48: =IF($P48="","",IF(INDEX(EntryPartyType,$P48)=0,"",INDEX(EntryPartyType,$P48))) | G48: =IF($P48="","",IF(INDEX(EntryTxnType,$P48)=0,"",INDEX(EntryTxnType,$P48))) | H48: =IF($P48="","",IF(INDEX(EntryDep,$P48)=0,"",INDEX(EntryDep,$P48))) | I48: =IF($P48="","",IF(INDEX(EntryWit,$P48)=0,"",INDEX(EntryWit,$P48))) | J48: =IF($B48="","",IF($A48=1,$C$7,IF(J47="",0,J47))+IF($H48="",0,$H48)-IF($I48="",0,$I48)) | K48: =IF($P48="","",IF(INDEX(EntryMan,$P48)=0,"",INDEX(EntryMan,$P48))) | L48: =IF($B48="","",IF($K48="","—",IF(ROUND($K48-$J48,0)=0,"√","×"))) | M48: =IF($B48="","",IF(COUNTIFS(EntryDates,$B48,CalcTime,$C48,CalcBank,$C$5,EntryParty,$D48,EntryDep,$H48,EntryWit,$I48)>1,"تکرار","")) | N48: =IF($P48="","",IF(INDEX(EntryNotes,$P48)=0,"",INDEX(EntryNotes,$P48))) | O48: =IF($P48="","",IF(INDEX(EntryTxnID,$P48)=0,"",INDEX(EntryTxnID,$P48))) | P48: =IFERROR(MATCH($C$5&"|"&RIGHT("000000"&32,6),CalcRankKey,0),"")
A49: =IF($B49="","",33) | B49: =IF($P49="","",IF(INDEX(CalcNormDate,$P49)=0,"",INDEX(CalcNormDate,$P49))) | C49: =IF($P49="","",IF(INDEX(CalcTime,$P49)=0,"",INDEX(CalcTime,$P49))) | D49: =IF($P49="","",IF(INDEX(EntryParty,$P49)=0,"",INDEX(EntryParty,$P49))) | E49: =IF($P49="","",IF(INDEX(EntryPartyName,$P49)=0,"",INDEX(EntryPartyName,$P49))) | F49: =IF($P49="","",IF(INDEX(EntryPartyType,$P49)=0,"",INDEX(EntryPartyType,$P49))) | G49: =IF($P49="","",IF(INDEX(EntryTxnType,$P49)=0,"",INDEX(EntryTxnType,$P49))) | H49: =IF($P49="","",IF(INDEX(EntryDep,$P49)=0,"",INDEX(EntryDep,$P49))) | I49: =IF($P49="","",IF(INDEX(EntryWit,$P49)=0,"",INDEX(EntryWit,$P49))) | J49: =IF($B49="","",IF($A49=1,$C$7,IF(J48="",0,J48))+IF($H49="",0,$H49)-IF($I49="",0,$I49)) | K49: =IF($P49="","",IF(INDEX(EntryMan,$P49)=0,"",INDEX(EntryMan,$P49))) | L49: =IF($B49="","",IF($K49="","—",IF(ROUND($K49-$J49,0)=0,"√","×"))) | M49: =IF($B49="","",IF(COUNTIFS(EntryDates,$B49,CalcTime,$C49,CalcBank,$C$5,EntryParty,$D49,EntryDep,$H49,EntryWit,$I49)>1,"تکرار","")) | N49: =IF($P49="","",IF(INDEX(EntryNotes,$P49)=0,"",INDEX(EntryNotes,$P49))) | O49: =IF($P49="","",IF(INDEX(EntryTxnID,$P49)=0,"",INDEX(EntryTxnID,$P49))) | P49: =IFERROR(MATCH($C$5&"|"&RIGHT("000000"&33,6),CalcRankKey,0),"")
A50: =IF($B50="","",34) | B50: =IF($P50="","",IF(INDEX(CalcNormDate,$P50)=0,"",INDEX(CalcNormDate,$P50))) | C50: =IF($P50="","",IF(INDEX(CalcTime,$P50)=0,"",INDEX(CalcTime,$P50))) | D50: =IF($P50="","",IF(INDEX(EntryParty,$P50)=0,"",INDEX(EntryParty,$P50))) | E50: =IF($P50="","",IF(INDEX(EntryPartyName,$P50)=0,"",INDEX(EntryPartyName,$P50))) | F50: =IF($P50="","",IF(INDEX(EntryPartyType,$P50)=0,"",INDEX(EntryPartyType,$P50))) | G50: =IF($P50="","",IF(INDEX(EntryTxnType,$P50)=0,"",INDEX(EntryTxnType,$P50))) | H50: =IF($P50="","",IF(INDEX(EntryDep,$P50)=0,"",INDEX(EntryDep,$P50))) | I50: =IF($P50="","",IF(INDEX(EntryWit,$P50)=0,"",INDEX(EntryWit,$P50))) | J50: =IF($B50="","",IF($A50=1,$C$7,IF(J49="",0,J49))+IF($H50="",0,$H50)-IF($I50="",0,$I50)) | K50: =IF($P50="","",IF(INDEX(EntryMan,$P50)=0,"",INDEX(EntryMan,$P50))) | L50: =IF($B50="","",IF($K50="","—",IF(ROUND($K50-$J50,0)=0,"√","×"))) | M50: =IF($B50="","",IF(COUNTIFS(EntryDates,$B50,CalcTime,$C50,CalcBank,$C$5,EntryParty,$D50,EntryDep,$H50,EntryWit,$I50)>1,"تکرار","")) | N50: =IF($P50="","",IF(INDEX(EntryNotes,$P50)=0,"",INDEX(EntryNotes,$P50))) | O50: =IF($P50="","",IF(INDEX(EntryTxnID,$P50)=0,"",INDEX(EntryTxnID,$P50))) | P50: =IFERROR(MATCH($C$5&"|"&RIGHT("000000"&34,6),CalcRankKey,0),"")
A51: =IF($B51="","",35) | B51: =IF($P51="","",IF(INDEX(CalcNormDate,$P51)=0,"",INDEX(CalcNormDate,$P51))) | C51: =IF($P51="","",IF(INDEX(CalcTime,$P51)=0,"",INDEX(CalcTime,$P51))) | D51: =IF($P51="","",IF(INDEX(EntryParty,$P51)=0,"",INDEX(EntryParty,$P51))) | E51: =IF($P51="","",IF(INDEX(EntryPartyName,$P51)=0,"",INDEX(EntryPartyName,$P51))) | F51: =IF($P51="","",IF(INDEX(EntryPartyType,$P51)=0,"",INDEX(EntryPartyType,$P51))) | G51: =IF($P51="","",IF(INDEX(EntryTxnType,$P51)=0,"",INDEX(EntryTxnType,$P51))) | H51: =IF($P51="","",IF(INDEX(EntryDep,$P51)=0,"",INDEX(EntryDep,$P51))) | I51: =IF($P51="","",IF(INDEX(EntryWit,$P51)=0,"",INDEX(EntryWit,$P51))) | J51: =IF($B51="","",IF($A51=1,$C$7,IF(J50="",0,J50))+IF($H51="",0,$H51)-IF($I51="",0,$I51)) | K51: =IF($P51="","",IF(INDEX(EntryMan,$P51)=0,"",INDEX(EntryMan,$P51))) | L51: =IF($B51="","",IF($K51="","—",IF(ROUND($K51-$J51,0)=0,"√","×"))) | M51: =IF($B51="","",IF(COUNTIFS(EntryDates,$B51,CalcTime,$C51,CalcBank,$C$5,EntryParty,$D51,EntryDep,$H51,EntryWit,$I51)>1,"تکرار","")) | N51: =IF($P51="","",IF(INDEX(EntryNotes,$P51)=0,"",INDEX(EntryNotes,$P51))) | O51: =IF($P51="","",IF(INDEX(EntryTxnID,$P51)=0,"",INDEX(EntryTxnID,$P51))) | P51: =IFERROR(MATCH($C$5&"|"&RIGHT("000000"&35,6),CalcRankKey,0),"")
A52: =IF($B52="","",36) | B52: =IF($P52="","",IF(INDEX(CalcNormDate,$P52)=0,"",INDEX(CalcNormDate,$P52))) | C52: =IF($P52="","",IF(INDEX(CalcTime,$P52)=0,"",INDEX(CalcTime,$P52))) | D52: =IF($P52="","",IF(INDEX(EntryParty,$P52)=0,"",INDEX(EntryParty,$P52))) | E52: =IF($P52="","",IF(INDEX(EntryPartyName,$P52)=0,"",INDEX(EntryPartyName,$P52))) | F52: =IF($P52="","",IF(INDEX(EntryPartyType,$P52)=0,"",INDEX(EntryPartyType,$P52))) | G52: =IF($P52="","",IF(INDEX(EntryTxnType,$P52)=0,"",INDEX(EntryTxnType,$P52))) | H52: =IF($P52="","",IF(INDEX(EntryDep,$P52)=0,"",INDEX(EntryDep,$P52))) | I52: =IF($P52="","",IF(INDEX(EntryWit,$P52)=0,"",INDEX(EntryWit,$P52))) | J52: =IF($B52="","",IF($A52=1,$C$7,IF(J51="",0,J51))+IF($H52="",0,$H52)-IF($I52="",0,$I52)) | K52: =IF($P52="","",IF(INDEX(EntryMan,$P52)=0,"",INDEX(EntryMan,$P52))) | L52: =IF($B52="","",IF($K52="","—",IF(ROUND($K52-$J52,0)=0,"√","×"))) | M52: =IF($B52="","",IF(COUNTIFS(EntryDates,$B52,CalcTime,$C52,CalcBank,$C$5,EntryParty,$D52,EntryDep,$H52,EntryWit,$I52)>1,"تکرار","")) | N52: =IF($P52="","",IF(INDEX(EntryNotes,$P52)=0,"",INDEX(EntryNotes,$P52))) | O52: =IF($P52="","",IF(INDEX(EntryTxnID,$P52)=0,"",INDEX(EntryTxnID,$P52))) | P52: =IFERROR(MATCH($C$5&"|"&RIGHT("000000"&36,6),CalcRankKey,0),"")
A53: =IF($B53="","",37) | B53: =IF($P53="","",IF(INDEX(CalcNormDate,$P53)=0,"",INDEX(CalcNormDate,$P53))) | C53: =IF($P53="","",IF(INDEX(CalcTime,$P53)=0,"",INDEX(CalcTime,$P53))) | D53: =IF($P53="","",IF(INDEX(EntryParty,$P53)=0,"",INDEX(EntryParty,$P53))) | E53: =IF($P53="","",IF(INDEX(EntryPartyName,$P53)=0,"",INDEX(EntryPartyName,$P53))) | F53: =IF($P53="","",IF(INDEX(EntryPartyType,$P53)=0,"",INDEX(EntryPartyType,$P53))) | G53: =IF($P53="","",IF(INDEX(EntryTxnType,$P53)=0,"",INDEX(EntryTxnType,$P53))) | H53: =IF($P53="","",IF(INDEX(EntryDep,$P53)=0,"",INDEX(EntryDep,$P53))) | I53: =IF($P53="","",IF(INDEX(EntryWit,$P53)=0,"",INDEX(EntryWit,$P53))) | J53: =IF($B53="","",IF($A53=1,$C$7,IF(J52="",0,J52))+IF($H53="",0,$H53)-IF($I53="",0,$I53)) | K53: =IF($P53="","",IF(INDEX(EntryMan,$P53)=0,"",INDEX(EntryMan,$P53))) | L53: =IF($B53="","",IF($K53="","—",IF(ROUND($K53-$J53,0)=0,"√","×"))) | M53: =IF($B53="","",IF(COUNTIFS(EntryDates,$B53,CalcTime,$C53,CalcBank,$C$5,EntryParty,$D53,EntryDep,$H53,EntryWit,$I53)>1,"تکرار","")) | N53: =IF($P53="","",IF(INDEX(EntryNotes,$P53)=0,"",INDEX(EntryNotes,$P53))) | O53: =IF($P53="","",IF(INDEX(EntryTxnID,$P53)=0,"",INDEX(EntryTxnID,$P53))) | P53: =IFERROR(MATCH($C$5&"|"&RIGHT("000000"&37,6),CalcRankKey,0),"")
A54: =IF($B54="","",38) | B54: =IF($P54="","",IF(INDEX(CalcNormDate,$P54)=0,"",INDEX(CalcNormDate,$P54))) | C54: =IF($P54="","",IF(INDEX(CalcTime,$P54)=0,"",INDEX(CalcTime,$P54))) | D54: =IF($P54="","",IF(INDEX(EntryParty,$P54)=0,"",INDEX(EntryParty,$P54))) | E54: =IF($P54="","",IF(INDEX(EntryPartyName,$P54)=0,"",INDEX(EntryPartyName,$P54))) | F54: =IF($P54="","",IF(INDEX(EntryPartyType,$P54)=0,"",INDEX(EntryPartyType,$P54))) | G54: =IF($P54="","",IF(INDEX(EntryTxnType,$P54)=0,"",INDEX(EntryTxnType,$P54))) | H54: =IF($P54="","",IF(INDEX(EntryDep,$P54)=0,"",INDEX(EntryDep,$P54))) | I54: =IF($P54="","",IF(INDEX(EntryWit,$P54)=0,"",INDEX(EntryWit,$P54))) | J54: =IF($B54="","",IF($A54=1,$C$7,IF(J53="",0,J53))+IF($H54="",0,$H54)-IF($I54="",0,$I54)) | K54: =IF($P54="","",IF(INDEX(EntryMan,$P54)=0,"",INDEX(EntryMan,$P54))) | L54: =IF($B54="","",IF($K54="","—",IF(ROUND($K54-$J54,0)=0,"√","×"))) | M54: =IF($B54="","",IF(COUNTIFS(EntryDates,$B54,CalcTime,$C54,CalcBank,$C$5,EntryParty,$D54,EntryDep,$H54,EntryWit,$I54)>1,"تکرار","")) | N54: =IF($P54="","",IF(INDEX(EntryNotes,$P54)=0,"",INDEX(EntryNotes,$P54))) | O54: =IF($P54="","",IF(INDEX(EntryTxnID,$P54)=0,"",INDEX(EntryTxnID,$P54))) | P54: =IFERROR(MATCH($C$5&"|"&RIGHT("000000"&38,6),CalcRankKey,0),"")
A55: =IF($B55="","",39) | B55: =IF($P55="","",IF(INDEX(CalcNormDate,$P55)=0,"",INDEX(CalcNormDate,$P55))) | C55: =IF($P55="","",IF(INDEX(CalcTime,$P55)=0,"",INDEX(CalcTime,$P55))) | D55: =IF($P55="","",IF(INDEX(EntryParty,$P55)=0,"",INDEX(EntryParty,$P55))) | E55: =IF($P55="","",IF(INDEX(EntryPartyName,$P55)=0,"",INDEX(EntryPartyName,$P55))) | F55: =IF($P55="","",IF(INDEX(EntryPartyType,$P55)=0,"",INDEX(EntryPartyType,$P55))) | G55: =IF($P55="","",IF(INDEX(EntryTxnType,$P55)=0,"",INDEX(EntryTxnType,$P55))) | H55: =IF($P55="","",IF(INDEX(EntryDep,$P55)=0,"",INDEX(EntryDep,$P55))) | I55: =IF($P55="","",IF(INDEX(EntryWit,$P55)=0,"",INDEX(EntryWit,$P55))) | J55: =IF($B55="","",IF($A55=1,$C$7,IF(J54="",0,J54))+IF($H55="",0,$H55)-IF($I55="",0,$I55)) | K55: =IF($P55="","",IF(INDEX(EntryMan,$P55)=0,"",INDEX(EntryMan,$P55))) | L55: =IF($B55="","",IF($K55="","—",IF(ROUND($K55-$J55,0)=0,"√","×"))) | M55: =IF($B55="","",IF(COUNTIFS(EntryDates,$B55,CalcTime,$C55,CalcBank,$C$5,EntryParty,$D55,EntryDep,$H55,EntryWit,$I55)>1,"تکرار","")) | N55: =IF($P55="","",IF(INDEX(EntryNotes,$P55)=0,"",INDEX(EntryNotes,$P55))) | O55: =IF($P55="","",IF(INDEX(EntryTxnID,$P55)=0,"",INDEX(EntryTxnID,$P55))) | P55: =IFERROR(MATCH($C$5&"|"&RIGHT("000000"&39,6),CalcRankKey,0),"")
A56: =IF($B56="","",40) | B56: =IF($P56="","",IF(INDEX(CalcNormDate,$P56)=0,"",INDEX(CalcNormDate,$P56))) | C56: =IF($P56="","",IF(INDEX(CalcTime,$P56)=0,"",INDEX(CalcTime,$P56))) | D56: =IF($P56="","",IF(INDEX(EntryParty,$P56)=0,"",INDEX(EntryParty,$P56))) | E56: =IF($P56="","",IF(INDEX(EntryPartyName,$P56)=0,"",INDEX(EntryPartyName,$P56))) | F56: =IF($P56="","",IF(INDEX(EntryPartyType,$P56)=0,"",INDEX(EntryPartyType,$P56))) | G56: =IF($P56="","",IF(INDEX(EntryTxnType,$P56)=0,"",INDEX(EntryTxnType,$P56))) | H56: =IF($P56="","",IF(INDEX(EntryDep,$P56)=0,"",INDEX(EntryDep,$P56))) | I56: =IF($P56="","",IF(INDEX(EntryWit,$P56)=0,"",INDEX(EntryWit,$P56))) | J56: =IF($B56="","",IF($A56=1,$C$7,IF(J55="",0,J55))+IF($H56="",0,$H56)-IF($I56="",0,$I56)) | K56: =IF($P56="","",IF(INDEX(EntryMan,$P56)=0,"",INDEX(EntryMan,$P56))) | L56: =IF($B56="","",IF($K56="","—",IF(ROUND($K56-$J56,0)=0,"√","×"))) | M56: =IF($B56="","",IF(COUNTIFS(EntryDates,$B56,CalcTime,$C56,CalcBank,$C$5,EntryParty,$D56,EntryDep,$H56,EntryWit,$I56)>1,"تکرار","")) | N56: =IF($P56="","",IF(INDEX(EntryNotes,$P56)=0,"",INDEX(EntryNotes,$P56))) | O56: =IF($P56="","",IF(INDEX(EntryTxnID,$P56)=0,"",INDEX(EntryTxnID,$P56))) | P56: =IFERROR(MATCH($C$5&"|"&RIGHT("000000"&40,6),CalcRankKey,0),"")
A57: =IF($B57="","",41) | B57: =IF($P57="","",IF(INDEX(CalcNormDate,$P57)=0,"",INDEX(CalcNormDate,$P57))) | C57: =IF($P57="","",IF(INDEX(CalcTime,$P57)=0,"",INDEX(CalcTime,$P57))) | D57: =IF($P57="","",IF(INDEX(EntryParty,$P57)=0,"",INDEX(EntryParty,$P57))) | E57: =IF($P57="","",IF(INDEX(EntryPartyName,$P57)=0,"",INDEX(EntryPartyName,$P57))) | F57: =IF($P57="","",IF(INDEX(EntryPartyType,$P57)=0,"",INDEX(EntryPartyType,$P57))) | G57: =IF($P57="","",IF(INDEX(EntryTxnType,$P57)=0,"",INDEX(EntryTxnType,$P57))) | H57: =IF($P57="","",IF(INDEX(EntryDep,$P57)=0,"",INDEX(EntryDep,$P57))) | I57: =IF($P57="","",IF(INDEX(EntryWit,$P57)=0,"",INDEX(EntryWit,$P57))) | J57: =IF($B57="","",IF($A57=1,$C$7,IF(J56="",0,J56))+IF($H57="",0,$H57)-IF($I57="",0,$I57)) | K57: =IF($P57="","",IF(INDEX(EntryMan,$P57)=0,"",INDEX(EntryMan,$P57))) | L57: =IF($B57="","",IF($K57="","—",IF(ROUND($K57-$J57,0)=0,"√","×"))) | M57: =IF($B57="","",IF(COUNTIFS(EntryDates,$B57,CalcTime,$C57,CalcBank,$C$5,EntryParty,$D57,EntryDep,$H57,EntryWit,$I57)>1,"تکرار","")) | N57: =IF($P57="","",IF(INDEX(EntryNotes,$P57)=0,"",INDEX(EntryNotes,$P57))) | O57: =IF($P57="","",IF(INDEX(EntryTxnID,$P57)=0,"",INDEX(EntryTxnID,$P57))) | P57: =IFERROR(MATCH($C$5&"|"&RIGHT("000000"&41,6),CalcRankKey,0),"")
A58: =IF($B58="","",42) | B58: =IF($P58="","",IF(INDEX(CalcNormDate,$P58)=0,"",INDEX(CalcNormDate,$P58))) | C58: =IF($P58="","",IF(INDEX(CalcTime,$P58)=0,"",INDEX(CalcTime,$P58))) | D58: =IF($P58="","",IF(INDEX(EntryParty,$P58)=0,"",INDEX(EntryParty,$P58))) | E58: =IF($P58="","",IF(INDEX(EntryPartyName,$P58)=0,"",INDEX(EntryPartyName,$P58))) | F58: =IF($P58="","",IF(INDEX(EntryPartyType,$P58)=0,"",INDEX(EntryPartyType,$P58))) | G58: =IF($P58="","",IF(INDEX(EntryTxnType,$P58)=0,"",INDEX(EntryTxnType,$P58))) | H58: =IF($P58="","",IF(INDEX(EntryDep,$P58)=0,"",INDEX(EntryDep,$P58))) | I58: =IF($P58="","",IF(INDEX(EntryWit,$P58)=0,"",INDEX(EntryWit,$P58))) | J58: =IF($B58="","",IF($A58=1,$C$7,IF(J57="",0,J57))+IF($H58="",0,$H58)-IF($I58="",0,$I58)) | K58: =IF($P58="","",IF(INDEX(EntryMan,$P58)=0,"",INDEX(EntryMan,$P58))) | L58: =IF($B58="","",IF($K58="","—",IF(ROUND($K58-$J58,0)=0,"√","×"))) | M58: =IF($B58="","",IF(COUNTIFS(EntryDates,$B58,CalcTime,$C58,CalcBank,$C$5,EntryParty,$D58,EntryDep,$H58,EntryWit,$I58)>1,"تکرار","")) | N58: =IF($P58="","",IF(INDEX(EntryNotes,$P58)=0,"",INDEX(EntryNotes,$P58))) | O58: =IF($P58="","",IF(INDEX(EntryTxnID,$P58)=0,"",INDEX(EntryTxnID,$P58))) | P58: =IFERROR(MATCH($C$5&"|"&RIGHT("000000"&42,6),CalcRankKey,0),"")
A59: =IF($B59="","",43) | B59: =IF($P59="","",IF(INDEX(CalcNormDate,$P59)=0,"",INDEX(CalcNormDate,$P59))) | C59: =IF($P59="","",IF(INDEX(CalcTime,$P59)=0,"",INDEX(CalcTime,$P59))) | D59: =IF($P59="","",IF(INDEX(EntryParty,$P59)=0,"",INDEX(EntryParty,$P59))) | E59: =IF($P59="","",IF(INDEX(EntryPartyName,$P59)=0,"",INDEX(EntryPartyName,$P59))) | F59: =IF($P59="","",IF(INDEX(EntryPartyType,$P59)=0,"",INDEX(EntryPartyType,$P59))) | G59: =IF($P59="","",IF(INDEX(EntryTxnType,$P59)=0,"",INDEX(EntryTxnType,$P59))) | H59: =IF($P59="","",IF(INDEX(EntryDep,$P59)=0,"",INDEX(EntryDep,$P59))) | I59: =IF($P59="","",IF(INDEX(EntryWit,$P59)=0,"",INDEX(EntryWit,$P59))) | J59: =IF($B59="","",IF($A59=1,$C$7,IF(J58="",0,J58))+IF($H59="",0,$H59)-IF($I59="",0,$I59)) | K59: =IF($P59="","",IF(INDEX(EntryMan,$P59)=0,"",INDEX(EntryMan,$P59))) | L59: =IF($B59="","",IF($K59="","—",IF(ROUND($K59-$J59,0)=0,"√","×"))) | M59: =IF($B59="","",IF(COUNTIFS(EntryDates,$B59,CalcTime,$C59,CalcBank,$C$5,EntryParty,$D59,EntryDep,$H59,EntryWit,$I59)>1,"تکرار","")) | N59: =IF($P59="","",IF(INDEX(EntryNotes,$P59)=0,"",INDEX(EntryNotes,$P59))) | O59: =IF($P59="","",IF(INDEX(EntryTxnID,$P59)=0,"",INDEX(EntryTxnID,$P59))) | P59: =IFERROR(MATCH($C$5&"|"&RIGHT("000000"&43,6),CalcRankKey,0),"")
A60: =IF($B60="","",44) | B60: =IF($P60="","",IF(INDEX(CalcNormDate,$P60)=0,"",INDEX(CalcNormDate,$P60))) | C60: =IF($P60="","",IF(INDEX(CalcTime,$P60)=0,"",INDEX(CalcTime,$P60))) | D60: =IF($P60="","",IF(INDEX(EntryParty,$P60)=0,"",INDEX(EntryParty,$P60))) | E60: =IF($P60="","",IF(INDEX(EntryPartyName,$P60)=0,"",INDEX(EntryPartyName,$P60))) | F60: =IF($P60="","",IF(INDEX(EntryPartyType,$P60)=0,"",INDEX(EntryPartyType,$P60))) | G60: =IF($P60="","",IF(INDEX(EntryTxnType,$P60)=0,"",INDEX(EntryTxnType,$P60))) | H60: =IF($P60="","",IF(INDEX(EntryDep,$P60)=0,"",INDEX(EntryDep,$P60))) | I60: =IF($P60="","",IF(INDEX(EntryWit,$P60)=0,"",INDEX(EntryWit,$P60))) | J60: =IF($B60="","",IF($A60=1,$C$7,IF(J59="",0,J59))+IF($H60="",0,$H60)-IF($I60="",0,$I60)) | K60: =IF($P60="","",IF(INDEX(EntryMan,$P60)=0,"",INDEX(EntryMan,$P60))) | L60: =IF($B60="","",IF($K60="","—",IF(ROUND($K60-$J60,0)=0,"√","×"))) | M60: =IF($B60="","",IF(COUNTIFS(EntryDates,$B60,CalcTime,$C60,CalcBank,$C$5,EntryParty,$D60,EntryDep,$H60,EntryWit,$I60)>1,"تکرار","")) | N60: =IF($P60="","",IF(INDEX(EntryNotes,$P60)=0,"",INDEX(EntryNotes,$P60))) | O60: =IF($P60="","",IF(INDEX(EntryTxnID,$P60)=0,"",INDEX(EntryTxnID,$P60))) | P60: =IFERROR(MATCH($C$5&"|"&RIGHT("000000"&44,6),CalcRankKey,0),"")
A61: =IF($B61="","",45) | B61: =IF($P61="","",IF(INDEX(CalcNormDate,$P61)=0,"",INDEX(CalcNormDate,$P61))) | C61: =IF($P61="","",IF(INDEX(CalcTime,$P61)=0,"",INDEX(CalcTime,$P61))) | D61: =IF($P61="","",IF(INDEX(EntryParty,$P61)=0,"",INDEX(EntryParty,$P61))) | E61: =IF($P61="","",IF(INDEX(EntryPartyName,$P61)=0,"",INDEX(EntryPartyName,$P61))) | F61: =IF($P61="","",IF(INDEX(EntryPartyType,$P61)=0,"",INDEX(EntryPartyType,$P61))) | G61: =IF($P61="","",IF(INDEX(EntryTxnType,$P61)=0,"",INDEX(EntryTxnType,$P61))) | H61: =IF($P61="","",IF(INDEX(EntryDep,$P61)=0,"",INDEX(EntryDep,$P61))) | I61: =IF($P61="","",IF(INDEX(EntryWit,$P61)=0,"",INDEX(EntryWit,$P61))) | J61: =IF($B61="","",IF($A61=1,$C$7,IF(J60="",0,J60))+IF($H61="",0,$H61)-IF($I61="",0,$I61)) | K61: =IF($P61="","",IF(INDEX(EntryMan,$P61)=0,"",INDEX(EntryMan,$P61))) | L61: =IF($B61="","",IF($K61="","—",IF(ROUND($K61-$J61,0)=0,"√","×"))) | M61: =IF($B61="","",IF(COUNTIFS(EntryDates,$B61,CalcTime,$C61,CalcBank,$C$5,EntryParty,$D61,EntryDep,$H61,EntryWit,$I61)>1,"تکرار","")) | N61: =IF($P61="","",IF(INDEX(EntryNotes,$P61)=0,"",INDEX(EntryNotes,$P61))) | O61: =IF($P61="","",IF(INDEX(EntryTxnID,$P61)=0,"",INDEX(EntryTxnID,$P61))) | P61: =IFERROR(MATCH($C$5&"|"&RIGHT("000000"&45,6),CalcRankKey,0),"")
A62: =IF($B62="","",46) | B62: =IF($P62="","",IF(INDEX(CalcNormDate,$P62)=0,"",INDEX(CalcNormDate,$P62))) | C62: =IF($P62="","",IF(INDEX(CalcTime,$P62)=0,"",INDEX(CalcTime,$P62))) | D62: =IF($P62="","",IF(INDEX(EntryParty,$P62)=0,"",INDEX(EntryParty,$P62))) | E62: =IF($P62="","",IF(INDEX(EntryPartyName,$P62)=0,"",INDEX(EntryPartyName,$P62))) | F62: =IF($P62="","",IF(INDEX(EntryPartyType,$P62)=0,"",INDEX(EntryPartyType,$P62))) | G62: =IF($P62="","",IF(INDEX(EntryTxnType,$P62)=0,"",INDEX(EntryTxnType,$P62))) | H62: =IF($P62="","",IF(INDEX(EntryDep,$P62)=0,"",INDEX(EntryDep,$P62))) | I62: =IF($P62="","",IF(INDEX(EntryWit,$P62)=0,"",INDEX(EntryWit,$P62))) | J62: =IF($B62="","",IF($A62=1,$C$7,IF(J61="",0,J61))+IF($H62="",0,$H62)-IF($I62="",0,$I62)) | K62: =IF($P62="","",IF(INDEX(EntryMan,$P62)=0,"",INDEX(EntryMan,$P62))) | L62: =IF($B62="","",IF($K62="","—",IF(ROUND($K62-$J62,0)=0,"√","×"))) | M62: =IF($B62="","",IF(COUNTIFS(EntryDates,$B62,CalcTime,$C62,CalcBank,$C$5,EntryParty,$D62,EntryDep,$H62,EntryWit,$I62)>1,"تکرار","")) | N62: =IF($P62="","",IF(INDEX(EntryNotes,$P62)=0,"",INDEX(EntryNotes,$P62))) | O62: =IF($P62="","",IF(INDEX(EntryTxnID,$P62)=0,"",INDEX(EntryTxnID,$P62))) | P62: =IFERROR(MATCH($C$5&"|"&RIGHT("000000"&46,6),CalcRankKey,0),"")
A63: =IF($B63="","",47) | B63: =IF($P63="","",IF(INDEX(CalcNormDate,$P63)=0,"",INDEX(CalcNormDate,$P63))) | C63: =IF($P63="","",IF(INDEX(CalcTime,$P63)=0,"",INDEX(CalcTime,$P63))) | D63: =IF($P63="","",IF(INDEX(EntryParty,$P63)=0,"",INDEX(EntryParty,$P63))) | E63: =IF($P63="","",IF(INDEX(EntryPartyName,$P63)=0,"",INDEX(EntryPartyName,$P63))) | F63: =IF($P63="","",IF(INDEX(EntryPartyType,$P63)=0,"",INDEX(EntryPartyType,$P63))) | G63: =IF($P63="","",IF(INDEX(EntryTxnType,$P63)=0,"",INDEX(EntryTxnType,$P63))) | H63: =IF($P63="","",IF(INDEX(EntryDep,$P63)=0,"",INDEX(EntryDep,$P63))) | I63: =IF($P63="","",IF(INDEX(EntryWit,$P63)=0,"",INDEX(EntryWit,$P63))) | J63: =IF($B63="","",IF($A63=1,$C$7,IF(J62="",0,J62))+IF($H63="",0,$H63)-IF($I63="",0,$I63)) | K63: =IF($P63="","",IF(INDEX(EntryMan,$P63)=0,"",INDEX(EntryMan,$P63))) | L63: =IF($B63="","",IF($K63="","—",IF(ROUND($K63-$J63,0)=0,"√","×"))) | M63: =IF($B63="","",IF(COUNTIFS(EntryDates,$B63,CalcTime,$C63,CalcBank,$C$5,EntryParty,$D63,EntryDep,$H63,EntryWit,$I63)>1,"تکرار","")) | N63: =IF($P63="","",IF(INDEX(EntryNotes,$P63)=0,"",INDEX(EntryNotes,$P63))) | O63: =IF($P63="","",IF(INDEX(EntryTxnID,$P63)=0,"",INDEX(EntryTxnID,$P63))) | P63: =IFERROR(MATCH($C$5&"|"&RIGHT("000000"&47,6),CalcRankKey,0),"")
A64: =IF($B64="","",48) | B64: =IF($P64="","",IF(INDEX(CalcNormDate,$P64)=0,"",INDEX(CalcNormDate,$P64))) | C64: =IF($P64="","",IF(INDEX(CalcTime,$P64)=0,"",INDEX(CalcTime,$P64))) | D64: =IF($P64="","",IF(INDEX(EntryParty,$P64)=0,"",INDEX(EntryParty,$P64))) | E64: =IF($P64="","",IF(INDEX(EntryPartyName,$P64)=0,"",INDEX(EntryPartyName,$P64))) | F64: =IF($P64="","",IF(INDEX(EntryPartyType,$P64)=0,"",INDEX(EntryPartyType,$P64))) | G64: =IF($P64="","",IF(INDEX(EntryTxnType,$P64)=0,"",INDEX(EntryTxnType,$P64))) | H64: =IF($P64="","",IF(INDEX(EntryDep,$P64)=0,"",INDEX(EntryDep,$P64))) | I64: =IF($P64="","",IF(INDEX(EntryWit,$P64)=0,"",INDEX(EntryWit,$P64))) | J64: =IF($B64="","",IF($A64=1,$C$7,IF(J63="",0,J63))+IF($H64="",0,$H64)-IF($I64="",0,$I64)) | K64: =IF($P64="","",IF(INDEX(EntryMan,$P64)=0,"",INDEX(EntryMan,$P64))) | L64: =IF($B64="","",IF($K64="","—",IF(ROUND($K64-$J64,0)=0,"√","×"))) | M64: =IF($B64="","",IF(COUNTIFS(EntryDates,$B64,CalcTime,$C64,CalcBank,$C$5,EntryParty,$D64,EntryDep,$H64,EntryWit,$I64)>1,"تکرار","")) | N64: =IF($P64="","",IF(INDEX(EntryNotes,$P64)=0,"",INDEX(EntryNotes,$P64))) | O64: =IF($P64="","",IF(INDEX(EntryTxnID,$P64)=0,"",INDEX(EntryTxnID,$P64))) | P64: =IFERROR(MATCH($C$5&"|"&RIGHT("000000"&48,6),CalcRankKey,0),"")
A65: =IF($B65="","",49) | B65: =IF($P65="","",IF(INDEX(CalcNormDate,$P65)=0,"",INDEX(CalcNormDate,$P65))) | C65: =IF($P65="","",IF(INDEX(CalcTime,$P65)=0,"",INDEX(CalcTime,$P65))) | D65: =IF($P65="","",IF(INDEX(EntryParty,$P65)=0,"",INDEX(EntryParty,$P65))) | E65: =IF($P65="","",IF(INDEX(EntryPartyName,$P65)=0,"",INDEX(EntryPartyName,$P65))) | F65: =IF($P65="","",IF(INDEX(EntryPartyType,$P65)=0,"",INDEX(EntryPartyType,$P65))) | G65: =IF($P65="","",IF(INDEX(EntryTxnType,$P65)=0,"",INDEX(EntryTxnType,$P65))) | H65: =IF($P65="","",IF(INDEX(EntryDep,$P65)=0,"",INDEX(EntryDep,$P65))) | I65: =IF($P65="","",IF(INDEX(EntryWit,$P65)=0,"",INDEX(EntryWit,$P65))) | J65: =IF($B65="","",IF($A65=1,$C$7,IF(J64="",0,J64))+IF($H65="",0,$H65)-IF($I65="",0,$I65)) | K65: =IF($P65="","",IF(INDEX(EntryMan,$P65)=0,"",INDEX(EntryMan,$P65))) | L65: =IF($B65="","",IF($K65="","—",IF(ROUND($K65-$J65,0)=0,"√","×"))) | M65: =IF($B65="","",IF(COUNTIFS(EntryDates,$B65,CalcTime,$C65,CalcBank,$C$5,EntryParty,$D65,EntryDep,$H65,EntryWit,$I65)>1,"تکرار","")) | N65: =IF($P65="","",IF(INDEX(EntryNotes,$P65)=0,"",INDEX(EntryNotes,$P65))) | O65: =IF($P65="","",IF(INDEX(EntryTxnID,$P65)=0,"",INDEX(EntryTxnID,$P65))) | P65: =IFERROR(MATCH($C$5&"|"&RIGHT("000000"&49,6),CalcRankKey,0),"")
A66: =IF($B66="","",50) | B66: =IF($P66="","",IF(INDEX(CalcNormDate,$P66)=0,"",INDEX(CalcNormDate,$P66))) | C66: =IF($P66="","",IF(INDEX(CalcTime,$P66)=0,"",INDEX(CalcTime,$P66))) | D66: =IF($P66="","",IF(INDEX(EntryParty,$P66)=0,"",INDEX(EntryParty,$P66))) | E66: =IF($P66="","",IF(INDEX(EntryPartyName,$P66)=0,"",INDEX(EntryPartyName,$P66))) | F66: =IF($P66="","",IF(INDEX(EntryPartyType,$P66)=0,"",INDEX(EntryPartyType,$P66))) | G66: =IF($P66="","",IF(INDEX(EntryTxnType,$P66)=0,"",INDEX(EntryTxnType,$P66))) | H66: =IF($P66="","",IF(INDEX(EntryDep,$P66)=0,"",INDEX(EntryDep,$P66))) | I66: =IF($P66="","",IF(INDEX(EntryWit,$P66)=0,"",INDEX(EntryWit,$P66))) | J66: =IF($B66="","",IF($A66=1,$C$7,IF(J65="",0,J65))+IF($H66="",0,$H66)-IF($I66="",0,$I66)) | K66: =IF($P66="","",IF(INDEX(EntryMan,$P66)=0,"",INDEX(EntryMan,$P66))) | L66: =IF($B66="","",IF($K66="","—",IF(ROUND($K66-$J66,0)=0,"√","×"))) | M66: =IF($B66="","",IF(COUNTIFS(EntryDates,$B66,CalcTime,$C66,CalcBank,$C$5,EntryParty,$D66,EntryDep,$H66,EntryWit,$I66)>1,"تکرار","")) | N66: =IF($P66="","",IF(INDEX(EntryNotes,$P66)=0,"",INDEX(EntryNotes,$P66))) | O66: =IF($P66="","",IF(INDEX(EntryTxnID,$P66)=0,"",INDEX(EntryTxnID,$P66))) | P66: =IFERROR(MATCH($C$5&"|"&RIGHT("000000"&50,6),CalcRankKey,0),"")
A67: =IF($B67="","",51) | B67: =IF($P67="","",IF(INDEX(CalcNormDate,$P67)=0,"",INDEX(CalcNormDate,$P67))) | C67: =IF($P67="","",IF(INDEX(CalcTime,$P67)=0,"",INDEX(CalcTime,$P67))) | D67: =IF($P67="","",IF(INDEX(EntryParty,$P67)=0,"",INDEX(EntryParty,$P67))) | E67: =IF($P67="","",IF(INDEX(EntryPartyName,$P67)=0,"",INDEX(EntryPartyName,$P67))) | F67: =IF($P67="","",IF(INDEX(EntryPartyType,$P67)=0,"",INDEX(EntryPartyType,$P67))) | G67: =IF($P67="","",IF(INDEX(EntryTxnType,$P67)=0,"",INDEX(EntryTxnType,$P67))) | H67: =IF($P67="","",IF(INDEX(EntryDep,$P67)=0,"",INDEX(EntryDep,$P67))) | I67: =IF($P67="","",IF(INDEX(EntryWit,$P67)=0,"",INDEX(EntryWit,$P67))) | J67: =IF($B67="","",IF($A67=1,$C$7,IF(J66="",0,J66))+IF($H67="",0,$H67)-IF($I67="",0,$I67)) | K67: =IF($P67="","",IF(INDEX(EntryMan,$P67)=0,"",INDEX(EntryMan,$P67))) | L67: =IF($B67="","",IF($K67="","—",IF(ROUND($K67-$J67,0)=0,"√","×"))) | M67: =IF($B67="","",IF(COUNTIFS(EntryDates,$B67,CalcTime,$C67,CalcBank,$C$5,EntryParty,$D67,EntryDep,$H67,EntryWit,$I67)>1,"تکرار","")) | N67: =IF($P67="","",IF(INDEX(EntryNotes,$P67)=0,"",INDEX(EntryNotes,$P67))) | O67: =IF($P67="","",IF(INDEX(EntryTxnID,$P67)=0,"",INDEX(EntryTxnID,$P67))) | P67: =IFERROR(MATCH($C$5&"|"&RIGHT("000000"&51,6),CalcRankKey,0),"")
A68: =IF($B68="","",52) | B68: =IF($P68="","",IF(INDEX(CalcNormDate,$P68)=0,"",INDEX(CalcNormDate,$P68))) | C68: =IF($P68="","",IF(INDEX(CalcTime,$P68)=0,"",INDEX(CalcTime,$P68))) | D68: =IF($P68="","",IF(INDEX(EntryParty,$P68)=0,"",INDEX(EntryParty,$P68))) | E68: =IF($P68="","",IF(INDEX(EntryPartyName,$P68)=0,"",INDEX(EntryPartyName,$P68))) | F68: =IF($P68="","",IF(INDEX(EntryPartyType,$P68)=0,"",INDEX(EntryPartyType,$P68))) | G68: =IF($P68="","",IF(INDEX(EntryTxnType,$P68)=0,"",INDEX(EntryTxnType,$P68))) | H68: =IF($P68="","",IF(INDEX(EntryDep,$P68)=0,"",INDEX(EntryDep,$P68))) | I68: =IF($P68="","",IF(INDEX(EntryWit,$P68)=0,"",INDEX(EntryWit,$P68))) | J68: =IF($B68="","",IF($A68=1,$C$7,IF(J67="",0,J67))+IF($H68="",0,$H68)-IF($I68="",0,$I68)) | K68: =IF($P68="","",IF(INDEX(EntryMan,$P68)=0,"",INDEX(EntryMan,$P68))) | L68: =IF($B68="","",IF($K68="","—",IF(ROUND($K68-$J68,0)=0,"√","×"))) | M68: =IF($B68="","",IF(COUNTIFS(EntryDates,$B68,CalcTime,$C68,CalcBank,$C$5,EntryParty,$D68,EntryDep,$H68,EntryWit,$I68)>1,"تکرار","")) | N68: =IF($P68="","",IF(INDEX(EntryNotes,$P68)=0,"",INDEX(EntryNotes,$P68))) | O68: =IF($P68="","",IF(INDEX(EntryTxnID,$P68)=0,"",INDEX(EntryTxnID,$P68))) | P68: =IFERROR(MATCH($C$5&"|"&RIGHT("000000"&52,6),CalcRankKey,0),"")
A69: =IF($B69="","",53) | B69: =IF($P69="","",IF(INDEX(CalcNormDate,$P69)=0,"",INDEX(CalcNormDate,$P69))) | C69: =IF($P69="","",IF(INDEX(CalcTime,$P69)=0,"",INDEX(CalcTime,$P69))) | D69: =IF($P69="","",IF(INDEX(EntryParty,$P69)=0,"",INDEX(EntryParty,$P69))) | E69: =IF($P69="","",IF(INDEX(EntryPartyName,$P69)=0,"",INDEX(EntryPartyName,$P69))) | F69: =IF($P69="","",IF(INDEX(EntryPartyType,$P69)=0,"",INDEX(EntryPartyType,$P69))) | G69: =IF($P69="","",IF(INDEX(EntryTxnType,$P69)=0,"",INDEX(EntryTxnType,$P69))) | H69: =IF($P69="","",IF(INDEX(EntryDep,$P69)=0,"",INDEX(EntryDep,$P69))) | I69: =IF($P69="","",IF(INDEX(EntryWit,$P69)=0,"",INDEX(EntryWit,$P69))) | J69: =IF($B69="","",IF($A69=1,$C$7,IF(J68="",0,J68))+IF($H69="",0,$H69)-IF($I69="",0,$I69)) | K69: =IF($P69="","",IF(INDEX(EntryMan,$P69)=0,"",INDEX(EntryMan,$P69))) | L69: =IF($B69="","",IF($K69="","—",IF(ROUND($K69-$J69,0)=0,"√","×"))) | M69: =IF($B69="","",IF(COUNTIFS(EntryDates,$B69,CalcTime,$C69,CalcBank,$C$5,EntryParty,$D69,EntryDep,$H69,EntryWit,$I69)>1,"تکرار","")) | N69: =IF($P69="","",IF(INDEX(EntryNotes,$P69)=0,"",INDEX(EntryNotes,$P69))) | O69: =IF($P69="","",IF(INDEX(EntryTxnID,$P69)=0,"",INDEX(EntryTxnID,$P69))) | P69: =IFERROR(MATCH($C$5&"|"&RIGHT("000000"&53,6),CalcRankKey,0),"")
A70: =IF($B70="","",54) | B70: =IF($P70="","",IF(INDEX(CalcNormDate,$P70)=0,"",INDEX(CalcNormDate,$P70))) | C70: =IF($P70="","",IF(INDEX(CalcTime,$P70)=0,"",INDEX(CalcTime,$P70))) | D70: =IF($P70="","",IF(INDEX(EntryParty,$P70)=0,"",INDEX(EntryParty,$P70))) | E70: =IF($P70="","",IF(INDEX(EntryPartyName,$P70)=0,"",INDEX(EntryPartyName,$P70))) | F70: =IF($P70="","",IF(INDEX(EntryPartyType,$P70)=0,"",INDEX(EntryPartyType,$P70))) | G70: =IF($P70="","",IF(INDEX(EntryTxnType,$P70)=0,"",INDEX(EntryTxnType,$P70))) | H70: =IF($P70="","",IF(INDEX(EntryDep,$P70)=0,"",INDEX(EntryDep,$P70))) | I70: =IF($P70="","",IF(INDEX(EntryWit,$P70)=0,"",INDEX(EntryWit,$P70))) | J70: =IF($B70="","",IF($A70=1,$C$7,IF(J69="",0,J69))+IF($H70="",0,$H70)-IF($I70="",0,$I70)) | K70: =IF($P70="","",IF(INDEX(EntryMan,$P70)=0,"",INDEX(EntryMan,$P70))) | L70: =IF($B70="","",IF($K70="","—",IF(ROUND($K70-$J70,0)=0,"√","×"))) | M70: =IF($B70="","",IF(COUNTIFS(EntryDates,$B70,CalcTime,$C70,CalcBank,$C$5,EntryParty,$D70,EntryDep,$H70,EntryWit,$I70)>1,"تکرار","")) | N70: =IF($P70="","",IF(INDEX(EntryNotes,$P70)=0,"",INDEX(EntryNotes,$P70))) | O70: =IF($P70="","",IF(INDEX(EntryTxnID,$P70)=0,"",INDEX(EntryTxnID,$P70))) | P70: =IFERROR(MATCH($C$5&"|"&RIGHT("000000"&54,6),CalcRankKey,0),"")
A71: =IF($B71="","",55) | B71: =IF($P71="","",IF(INDEX(CalcNormDate,$P71)=0,"",INDEX(CalcNormDate,$P71))) | C71: =IF($P71="","",IF(INDEX(CalcTime,$P71)=0,"",INDEX(CalcTime,$P71))) | D71: =IF($P71="","",IF(INDEX(EntryParty,$P71)=0,"",INDEX(EntryParty,$P71))) | E71: =IF($P71="","",IF(INDEX(EntryPartyName,$P71)=0,"",INDEX(EntryPartyName,$P71))) | F71: =IF($P71="","",IF(INDEX(EntryPartyType,$P71)=0,"",INDEX(EntryPartyType,$P71))) | G71: =IF($P71="","",IF(INDEX(EntryTxnType,$P71)=0,"",INDEX(EntryTxnType,$P71))) | H71: =IF($P71="","",IF(INDEX(EntryDep,$P71)=0,"",INDEX(EntryDep,$P71))) | I71: =IF($P71="","",IF(INDEX(EntryWit,$P71)=0,"",INDEX(EntryWit,$P71))) | J71: =IF($B71="","",IF($A71=1,$C$7,IF(J70="",0,J70))+IF($H71="",0,$H71)-IF($I71="",0,$I71)) | K71: =IF($P71="","",IF(INDEX(EntryMan,$P71)=0,"",INDEX(EntryMan,$P71))) | L71: =IF($B71="","",IF($K71="","—",IF(ROUND($K71-$J71,0)=0,"√","×"))) | M71: =IF($B71="","",IF(COUNTIFS(EntryDates,$B71,CalcTime,$C71,CalcBank,$C$5,EntryParty,$D71,EntryDep,$H71,EntryWit,$I71)>1,"تکرار","")) | N71: =IF($P71="","",IF(INDEX(EntryNotes,$P71)=0,"",INDEX(EntryNotes,$P71))) | O71: =IF($P71="","",IF(INDEX(EntryTxnID,$P71)=0,"",INDEX(EntryTxnID,$P71))) | P71: =IFERROR(MATCH($C$5&"|"&RIGHT("000000"&55,6),CalcRankKey,0),"")
A72: =IF($B72="","",56) | B72: =IF($P72="","",IF(INDEX(CalcNormDate,$P72)=0,"",INDEX(CalcNormDate,$P72))) | C72: =IF($P72="","",IF(INDEX(CalcTime,$P72)=0,"",INDEX(CalcTime,$P72))) | D72: =IF($P72="","",IF(INDEX(EntryParty,$P72)=0,"",INDEX(EntryParty,$P72))) | E72: =IF($P72="","",IF(INDEX(EntryPartyName,$P72)=0,"",INDEX(EntryPartyName,$P72))) | F72: =IF($P72="","",IF(INDEX(EntryPartyType,$P72)=0,"",INDEX(EntryPartyType,$P72))) | G72: =IF($P72="","",IF(INDEX(EntryTxnType,$P72)=0,"",INDEX(EntryTxnType,$P72))) | H72: =IF($P72="","",IF(INDEX(EntryDep,$P72)=0,"",INDEX(EntryDep,$P72))) | I72: =IF($P72="","",IF(INDEX(EntryWit,$P72)=0,"",INDEX(EntryWit,$P72))) | J72: =IF($B72="","",IF($A72=1,$C$7,IF(J71="",0,J71))+IF($H72="",0,$H72)-IF($I72="",0,$I72)) | K72: =IF($P72="","",IF(INDEX(EntryMan,$P72)=0,"",INDEX(EntryMan,$P72))) | L72: =IF($B72="","",IF($K72="","—",IF(ROUND($K72-$J72,0)=0,"√","×"))) | M72: =IF($B72="","",IF(COUNTIFS(EntryDates,$B72,CalcTime,$C72,CalcBank,$C$5,EntryParty,$D72,EntryDep,$H72,EntryWit,$I72)>1,"تکرار","")) | N72: =IF($P72="","",IF(INDEX(EntryNotes,$P72)=0,"",INDEX(EntryNotes,$P72))) | O72: =IF($P72="","",IF(INDEX(EntryTxnID,$P72)=0,"",INDEX(EntryTxnID,$P72))) | P72: =IFERROR(MATCH($C$5&"|"&RIGHT("000000"&56,6),CalcRankKey,0),"")
A73: =IF($B73="","",57) | B73: =IF($P73="","",IF(INDEX(CalcNormDate,$P73)=0,"",INDEX(CalcNormDate,$P73))) | C73: =IF($P73="","",IF(INDEX(CalcTime,$P73)=0,"",INDEX(CalcTime,$P73))) | D73: =IF($P73="","",IF(INDEX(EntryParty,$P73)=0,"",INDEX(EntryParty,$P73))) | E73: =IF($P73="","",IF(INDEX(EntryPartyName,$P73)=0,"",INDEX(EntryPartyName,$P73))) | F73: =IF($P73="","",IF(INDEX(EntryPartyType,$P73)=0,"",INDEX(EntryPartyType,$P73))) | G73: =IF($P73="","",IF(INDEX(EntryTxnType,$P73)=0,"",INDEX(EntryTxnType,$P73))) | H73: =IF($P73="","",IF(INDEX(EntryDep,$P73)=0,"",INDEX(EntryDep,$P73))) | I73: =IF($P73="","",IF(INDEX(EntryWit,$P73)=0,"",INDEX(EntryWit,$P73))) | J73: =IF($B73="","",IF($A73=1,$C$7,IF(J72="",0,J72))+IF($H73="",0,$H73)-IF($I73="",0,$I73)) | K73: =IF($P73="","",IF(INDEX(EntryMan,$P73)=0,"",INDEX(EntryMan,$P73))) | L73: =IF($B73="","",IF($K73="","—",IF(ROUND($K73-$J73,0)=0,"√","×"))) | M73: =IF($B73="","",IF(COUNTIFS(EntryDates,$B73,CalcTime,$C73,CalcBank,$C$5,EntryParty,$D73,EntryDep,$H73,EntryWit,$I73)>1,"تکرار","")) | N73: =IF($P73="","",IF(INDEX(EntryNotes,$P73)=0,"",INDEX(EntryNotes,$P73))) | O73: =IF($P73="","",IF(INDEX(EntryTxnID,$P73)=0,"",INDEX(EntryTxnID,$P73))) | P73: =IFERROR(MATCH($C$5&"|"&RIGHT("000000"&57,6),CalcRankKey,0),"")
A74: =IF($B74="","",58) | B74: =IF($P74="","",IF(INDEX(CalcNormDate,$P74)=0,"",INDEX(CalcNormDate,$P74))) | C74: =IF($P74="","",IF(INDEX(CalcTime,$P74)=0,"",INDEX(CalcTime,$P74))) | D74: =IF($P74="","",IF(INDEX(EntryParty,$P74)=0,"",INDEX(EntryParty,$P74))) | E74: =IF($P74="","",IF(INDEX(EntryPartyName,$P74)=0,"",INDEX(EntryPartyName,$P74))) | F74: =IF($P74="","",IF(INDEX(EntryPartyType,$P74)=0,"",INDEX(EntryPartyType,$P74))) | G74: =IF($P74="","",IF(INDEX(EntryTxnType,$P74)=0,"",INDEX(EntryTxnType,$P74))) | H74: =IF($P74="","",IF(INDEX(EntryDep,$P74)=0,"",INDEX(EntryDep,$P74))) | I74: =IF($P74="","",IF(INDEX(EntryWit,$P74)=0,"",INDEX(EntryWit,$P74))) | J74: =IF($B74="","",IF($A74=1,$C$7,IF(J73="",0,J73))+IF($H74="",0,$H74)-IF($I74="",0,$I74)) | K74: =IF($P74="","",IF(INDEX(EntryMan,$P74)=0,"",INDEX(EntryMan,$P74))) | L74: =IF($B74="","",IF($K74="","—",IF(ROUND($K74-$J74,0)=0,"√","×"))) | M74: =IF($B74="","",IF(COUNTIFS(EntryDates,$B74,CalcTime,$C74,CalcBank,$C$5,EntryParty,$D74,EntryDep,$H74,EntryWit,$I74)>1,"تکرار","")) | N74: =IF($P74="","",IF(INDEX(EntryNotes,$P74)=0,"",INDEX(EntryNotes,$P74))) | O74: =IF($P74="","",IF(INDEX(EntryTxnID,$P74)=0,"",INDEX(EntryTxnID,$P74))) | P74: =IFERROR(MATCH($C$5&"|"&RIGHT("000000"&58,6),CalcRankKey,0),"")
A75: =IF($B75="","",59) | B75: =IF($P75="","",IF(INDEX(CalcNormDate,$P75)=0,"",INDEX(CalcNormDate,$P75))) | C75: =IF($P75="","",IF(INDEX(CalcTime,$P75)=0,"",INDEX(CalcTime,$P75))) | D75: =IF($P75="","",IF(INDEX(EntryParty,$P75)=0,"",INDEX(EntryParty,$P75))) | E75: =IF($P75="","",IF(INDEX(EntryPartyName,$P75)=0,"",INDEX(EntryPartyName,$P75))) | F75: =IF($P75="","",IF(INDEX(EntryPartyType,$P75)=0,"",INDEX(EntryPartyType,$P75))) | G75: =IF($P75="","",IF(INDEX(EntryTxnType,$P75)=0,"",INDEX(EntryTxnType,$P75))) | H75: =IF($P75="","",IF(INDEX(EntryDep,$P75)=0,"",INDEX(EntryDep,$P75))) | I75: =IF($P75="","",IF(INDEX(EntryWit,$P75)=0,"",INDEX(EntryWit,$P75))) | J75: =IF($B75="","",IF($A75=1,$C$7,IF(J74="",0,J74))+IF($H75="",0,$H75)-IF($I75="",0,$I75)) | K75: =IF($P75="","",IF(INDEX(EntryMan,$P75)=0,"",INDEX(EntryMan,$P75))) | L75: =IF($B75="","",IF($K75="","—",IF(ROUND($K75-$J75,0)=0,"√","×"))) | M75: =IF($B75="","",IF(COUNTIFS(EntryDates,$B75,CalcTime,$C75,CalcBank,$C$5,EntryParty,$D75,EntryDep,$H75,EntryWit,$I75)>1,"تکرار","")) | N75: =IF($P75="","",IF(INDEX(EntryNotes,$P75)=0,"",INDEX(EntryNotes,$P75))) | O75: =IF($P75="","",IF(INDEX(EntryTxnID,$P75)=0,"",INDEX(EntryTxnID,$P75))) | P75: =IFERROR(MATCH($C$5&"|"&RIGHT("000000"&59,6),CalcRankKey,0),"")
A76: =IF($B76="","",60) | B76: =IF($P76="","",IF(INDEX(CalcNormDate,$P76)=0,"",INDEX(CalcNormDate,$P76))) | C76: =IF($P76="","",IF(INDEX(CalcTime,$P76)=0,"",INDEX(CalcTime,$P76))) | D76: =IF($P76="","",IF(INDEX(EntryParty,$P76)=0,"",INDEX(EntryParty,$P76))) | E76: =IF($P76="","",IF(INDEX(EntryPartyName,$P76)=0,"",INDEX(EntryPartyName,$P76))) | F76: =IF($P76="","",IF(INDEX(EntryPartyType,$P76)=0,"",INDEX(EntryPartyType,$P76))) | G76: =IF($P76="","",IF(INDEX(EntryTxnType,$P76)=0,"",INDEX(EntryTxnType,$P76))) | H76: =IF($P76="","",IF(INDEX(EntryDep,$P76)=0,"",INDEX(EntryDep,$P76))) | I76: =IF($P76="","",IF(INDEX(EntryWit,$P76)=0,"",INDEX(EntryWit,$P76))) | J76: =IF($B76="","",IF($A76=1,$C$7,IF(J75="",0,J75))+IF($H76="",0,$H76)-IF($I76="",0,$I76)) | K76: =IF($P76="","",IF(INDEX(EntryMan,$P76)=0,"",INDEX(EntryMan,$P76))) | L76: =IF($B76="","",IF($K76="","—",IF(ROUND($K76-$J76,0)=0,"√","×"))) | M76: =IF($B76="","",IF(COUNTIFS(EntryDates,$B76,CalcTime,$C76,CalcBank,$C$5,EntryParty,$D76,EntryDep,$H76,EntryWit,$I76)>1,"تکرار","")) | N76: =IF($P76="","",IF(INDEX(EntryNotes,$P76)=0,"",INDEX(EntryNotes,$P76))) | O76: =IF($P76="","",IF(INDEX(EntryTxnID,$P76)=0,"",INDEX(EntryTxnID,$P76))) | P76: =IFERROR(MATCH($C$5&"|"&RIGHT("000000"&60,6),CalcRankKey,0),"")
A77: =IF($B77="","",61) | B77: =IF($P77="","",IF(INDEX(CalcNormDate,$P77)=0,"",INDEX(CalcNormDate,$P77))) | C77: =IF($P77="","",IF(INDEX(CalcTime,$P77)=0,"",INDEX(CalcTime,$P77))) | D77: =IF($P77="","",IF(INDEX(EntryParty,$P77)=0,"",INDEX(EntryParty,$P77))) | E77: =IF($P77="","",IF(INDEX(EntryPartyName,$P77)=0,"",INDEX(EntryPartyName,$P77))) | F77: =IF($P77="","",IF(INDEX(EntryPartyType,$P77)=0,"",INDEX(EntryPartyType,$P77))) | G77: =IF($P77="","",IF(INDEX(EntryTxnType,$P77)=0,"",INDEX(EntryTxnType,$P77))) | H77: =IF($P77="","",IF(INDEX(EntryDep,$P77)=0,"",INDEX(EntryDep,$P77))) | I77: =IF($P77="","",IF(INDEX(EntryWit,$P77)=0,"",INDEX(EntryWit,$P77))) | J77: =IF($B77="","",IF($A77=1,$C$7,IF(J76="",0,J76))+IF($H77="",0,$H77)-IF($I77="",0,$I77)) | K77: =IF($P77="","",IF(INDEX(EntryMan,$P77)=0,"",INDEX(EntryMan,$P77))) | L77: =IF($B77="","",IF($K77="","—",IF(ROUND($K77-$J77,0)=0,"√","×"))) | M77: =IF($B77="","",IF(COUNTIFS(EntryDates,$B77,CalcTime,$C77,CalcBank,$C$5,EntryParty,$D77,EntryDep,$H77,EntryWit,$I77)>1,"تکرار","")) | N77: =IF($P77="","",IF(INDEX(EntryNotes,$P77)=0,"",INDEX(EntryNotes,$P77))) | O77: =IF($P77="","",IF(INDEX(EntryTxnID,$P77)=0,"",INDEX(EntryTxnID,$P77))) | P77: =IFERROR(MATCH($C$5&"|"&RIGHT("000000"&61,6),CalcRankKey,0),"")
A78: =IF($B78="","",62) | B78: =IF($P78="","",IF(INDEX(CalcNormDate,$P78)=0,"",INDEX(CalcNormDate,$P78))) | C78: =IF($P78="","",IF(INDEX(CalcTime,$P78)=0,"",INDEX(CalcTime,$P78))) | D78: =IF($P78="","",IF(INDEX(EntryParty,$P78)=0,"",INDEX(EntryParty,$P78))) | E78: =IF($P78="","",IF(INDEX(EntryPartyName,$P78)=0,"",INDEX(EntryPartyName,$P78))) | F78: =IF($P78="","",IF(INDEX(EntryPartyType,$P78)=0,"",INDEX(EntryPartyType,$P78))) | G78: =IF($P78="","",IF(INDEX(EntryTxnType,$P78)=0,"",INDEX(EntryTxnType,$P78))) | H78: =IF($P78="","",IF(INDEX(EntryDep,$P78)=0,"",INDEX(EntryDep,$P78))) | I78: =IF($P78="","",IF(INDEX(EntryWit,$P78)=0,"",INDEX(EntryWit,$P78))) | J78: =IF($B78="","",IF($A78=1,$C$7,IF(J77="",0,J77))+IF($H78="",0,$H78)-IF($I78="",0,$I78)) | K78: =IF($P78="","",IF(INDEX(EntryMan,$P78)=0,"",INDEX(EntryMan,$P78))) | L78: =IF($B78="","",IF($K78="","—",IF(ROUND($K78-$J78,0)=0,"√","×"))) | M78: =IF($B78="","",IF(COUNTIFS(EntryDates,$B78,CalcTime,$C78,CalcBank,$C$5,EntryParty,$D78,EntryDep,$H78,EntryWit,$I78)>1,"تکرار","")) | N78: =IF($P78="","",IF(INDEX(EntryNotes,$P78)=0,"",INDEX(EntryNotes,$P78))) | O78: =IF($P78="","",IF(INDEX(EntryTxnID,$P78)=0,"",INDEX(EntryTxnID,$P78))) | P78: =IFERROR(MATCH($C$5&"|"&RIGHT("000000"&62,6),CalcRankKey,0),"")
A79: =IF($B79="","",63) | B79: =IF($P79="","",IF(INDEX(CalcNormDate,$P79)=0,"",INDEX(CalcNormDate,$P79))) | C79: =IF($P79="","",IF(INDEX(CalcTime,$P79)=0,"",INDEX(CalcTime,$P79))) | D79: =IF($P79="","",IF(INDEX(EntryParty,$P79)=0,"",INDEX(EntryParty,$P79))) | E79: =IF($P79="","",IF(INDEX(EntryPartyName,$P79)=0,"",INDEX(EntryPartyName,$P79))) | F79: =IF($P79="","",IF(INDEX(EntryPartyType,$P79)=0,"",INDEX(EntryPartyType,$P79))) | G79: =IF($P79="","",IF(INDEX(EntryTxnType,$P79)=0,"",INDEX(EntryTxnType,$P79))) | H79: =IF($P79="","",IF(INDEX(EntryDep,$P79)=0,"",INDEX(EntryDep,$P79))) | I79: =IF($P79="","",IF(INDEX(EntryWit,$P79)=0,"",INDEX(EntryWit,$P79))) | J79: =IF($B79="","",IF($A79=1,$C$7,IF(J78="",0,J78))+IF($H79="",0,$H79)-IF($I79="",0,$I79)) | K79: =IF($P79="","",IF(INDEX(EntryMan,$P79)=0,"",INDEX(EntryMan,$P79))) | L79: =IF($B79="","",IF($K79="","—",IF(ROUND($K79-$J79,0)=0,"√","×"))) | M79: =IF($B79="","",IF(COUNTIFS(EntryDates,$B79,CalcTime,$C79,CalcBank,$C$5,EntryParty,$D79,EntryDep,$H79,EntryWit,$I79)>1,"تکرار","")) | N79: =IF($P79="","",IF(INDEX(EntryNotes,$P79)=0,"",INDEX(EntryNotes,$P79))) | O79: =IF($P79="","",IF(INDEX(EntryTxnID,$P79)=0,"",INDEX(EntryTxnID,$P79))) | P79: =IFERROR(MATCH($C$5&"|"&RIGHT("000000"&63,6),CalcRankKey,0),"")
A80: =IF($B80="","",64) | B80: =IF($P80="","",IF(INDEX(CalcNormDate,$P80)=0,"",INDEX(CalcNormDate,$P80))) | C80: =IF($P80="","",IF(INDEX(CalcTime,$P80)=0,"",INDEX(CalcTime,$P80))) | D80: =IF($P80="","",IF(INDEX(EntryParty,$P80)=0,"",INDEX(EntryParty,$P80))) | E80: =IF($P80="","",IF(INDEX(EntryPartyName,$P80)=0,"",INDEX(EntryPartyName,$P80))) | F80: =IF($P80="","",IF(INDEX(EntryPartyType,$P80)=0,"",INDEX(EntryPartyType,$P80))) | G80: =IF($P80="","",IF(INDEX(EntryTxnType,$P80)=0,"",INDEX(EntryTxnType,$P80))) | H80: =IF($P80="","",IF(INDEX(EntryDep,$P80)=0,"",INDEX(EntryDep,$P80))) | I80: =IF($P80="","",IF(INDEX(EntryWit,$P80)=0,"",INDEX(EntryWit,$P80))) | J80: =IF($B80="","",IF($A80=1,$C$7,IF(J79="",0,J79))+IF($H80="",0,$H80)-IF($I80="",0,$I80)) | K80: =IF($P80="","",IF(INDEX(EntryMan,$P80)=0,"",INDEX(EntryMan,$P80))) | L80: =IF($B80="","",IF($K80="","—",IF(ROUND($K80-$J80,0)=0,"√","×"))) | M80: =IF($B80="","",IF(COUNTIFS(EntryDates,$B80,CalcTime,$C80,CalcBank,$C$5,EntryParty,$D80,EntryDep,$H80,EntryWit,$I80)>1,"تکرار","")) | N80: =IF($P80="","",IF(INDEX(EntryNotes,$P80)=0,"",INDEX(EntryNotes,$P80))) | O80: =IF($P80="","",IF(INDEX(EntryTxnID,$P80)=0,"",INDEX(EntryTxnID,$P80))) | P80: =IFERROR(MATCH($C$5&"|"&RIGHT("000000"&64,6),CalcRankKey,0),"")
A81: =IF($B81="","",65) | B81: =IF($P81="","",IF(INDEX(CalcNormDate,$P81)=0,"",INDEX(CalcNormDate,$P81))) | C81: =IF($P81="","",IF(INDEX(CalcTime,$P81)=0,"",INDEX(CalcTime,$P81))) | D81: =IF($P81="","",IF(INDEX(EntryParty,$P81)=0,"",INDEX(EntryParty,$P81))) | E81: =IF($P81="","",IF(INDEX(EntryPartyName,$P81)=0,"",INDEX(EntryPartyName,$P81))) | F81: =IF($P81="","",IF(INDEX(EntryPartyType,$P81)=0,"",INDEX(EntryPartyType,$P81))) | G81: =IF($P81="","",IF(INDEX(EntryTxnType,$P81)=0,"",INDEX(EntryTxnType,$P81))) | H81: =IF($P81="","",IF(INDEX(EntryDep,$P81)=0,"",INDEX(EntryDep,$P81))) | I81: =IF($P81="","",IF(INDEX(EntryWit,$P81)=0,"",INDEX(EntryWit,$P81))) | J81: =IF($B81="","",IF($A81=1,$C$7,IF(J80="",0,J80))+IF($H81="",0,$H81)-IF($I81="",0,$I81)) | K81: =IF($P81="","",IF(INDEX(EntryMan,$P81)=0,"",INDEX(EntryMan,$P81))) | L81: =IF($B81="","",IF($K81="","—",IF(ROUND($K81-$J81,0)=0,"√","×"))) | M81: =IF($B81="","",IF(COUNTIFS(EntryDates,$B81,CalcTime,$C81,CalcBank,$C$5,EntryParty,$D81,EntryDep,$H81,EntryWit,$I81)>1,"تکرار","")) | N81: =IF($P81="","",IF(INDEX(EntryNotes,$P81)=0,"",INDEX(EntryNotes,$P81))) | O81: =IF($P81="","",IF(INDEX(EntryTxnID,$P81)=0,"",INDEX(EntryTxnID,$P81))) | P81: =IFERROR(MATCH($C$5&"|"&RIGHT("000000"&65,6),CalcRankKey,0),"")
A82: =IF($B82="","",66) | B82: =IF($P82="","",IF(INDEX(CalcNormDate,$P82)=0,"",INDEX(CalcNormDate,$P82))) | C82: =IF($P82="","",IF(INDEX(CalcTime,$P82)=0,"",INDEX(CalcTime,$P82))) | D82: =IF($P82="","",IF(INDEX(EntryParty,$P82)=0,"",INDEX(EntryParty,$P82))) | E82: =IF($P82="","",IF(INDEX(EntryPartyName,$P82)=0,"",INDEX(EntryPartyName,$P82))) | F82: =IF($P82="","",IF(INDEX(EntryPartyType,$P82)=0,"",INDEX(EntryPartyType,$P82))) | G82: =IF($P82="","",IF(INDEX(EntryTxnType,$P82)=0,"",INDEX(EntryTxnType,$P82))) | H82: =IF($P82="","",IF(INDEX(EntryDep,$P82)=0,"",INDEX(EntryDep,$P82))) | I82: =IF($P82="","",IF(INDEX(EntryWit,$P82)=0,"",INDEX(EntryWit,$P82))) | J82: =IF($B82="","",IF($A82=1,$C$7,IF(J81="",0,J81))+IF($H82="",0,$H82)-IF($I82="",0,$I82)) | K82: =IF($P82="","",IF(INDEX(EntryMan,$P82)=0,"",INDEX(EntryMan,$P82))) | L82: =IF($B82="","",IF($K82="","—",IF(ROUND($K82-$J82,0)=0,"√","×"))) | M82: =IF($B82="","",IF(COUNTIFS(EntryDates,$B82,CalcTime,$C82,CalcBank,$C$5,EntryParty,$D82,EntryDep,$H82,EntryWit,$I82)>1,"تکرار","")) | N82: =IF($P82="","",IF(INDEX(EntryNotes,$P82)=0,"",INDEX(EntryNotes,$P82))) | O82: =IF($P82="","",IF(INDEX(EntryTxnID,$P82)=0,"",INDEX(EntryTxnID,$P82))) | P82: =IFERROR(MATCH($C$5&"|"&RIGHT("000000"&66,6),CalcRankKey,0),"")
A83: =IF($B83="","",67) | B83: =IF($P83="","",IF(INDEX(CalcNormDate,$P83)=0,"",INDEX(CalcNormDate,$P83))) | C83: =IF($P83="","",IF(INDEX(CalcTime,$P83)=0,"",INDEX(CalcTime,$P83))) | D83: =IF($P83="","",IF(INDEX(EntryParty,$P83)=0,"",INDEX(EntryParty,$P83))) | E83: =IF($P83="","",IF(INDEX(EntryPartyName,$P83)=0,"",INDEX(EntryPartyName,$P83))) | F83: =IF($P83="","",IF(INDEX(EntryPartyType,$P83)=0,"",INDEX(EntryPartyType,$P83))) | G83: =IF($P83="","",IF(INDEX(EntryTxnType,$P83)=0,"",INDEX(EntryTxnType,$P83))) | H83: =IF($P83="","",IF(INDEX(EntryDep,$P83)=0,"",INDEX(EntryDep,$P83))) | I83: =IF($P83="","",IF(INDEX(EntryWit,$P83)=0,"",INDEX(EntryWit,$P83))) | J83: =IF($B83="","",IF($A83=1,$C$7,IF(J82="",0,J82))+IF($H83="",0,$H83)-IF($I83="",0,$I83)) | K83: =IF($P83="","",IF(INDEX(EntryMan,$P83)=0,"",INDEX(EntryMan,$P83))) | L83: =IF($B83="","",IF($K83="","—",IF(ROUND($K83-$J83,0)=0,"√","×"))) | M83: =IF($B83="","",IF(COUNTIFS(EntryDates,$B83,CalcTime,$C83,CalcBank,$C$5,EntryParty,$D83,EntryDep,$H83,EntryWit,$I83)>1,"تکرار","")) | N83: =IF($P83="","",IF(INDEX(EntryNotes,$P83)=0,"",INDEX(EntryNotes,$P83))) | O83: =IF($P83="","",IF(INDEX(EntryTxnID,$P83)=0,"",INDEX(EntryTxnID,$P83))) | P83: =IFERROR(MATCH($C$5&"|"&RIGHT("000000"&67,6),CalcRankKey,0),"")
A84: =IF($B84="","",68) | B84: =IF($P84="","",IF(INDEX(CalcNormDate,$P84)=0,"",INDEX(CalcNormDate,$P84))) | C84: =IF($P84="","",IF(INDEX(CalcTime,$P84)=0,"",INDEX(CalcTime,$P84))) | D84: =IF($P84="","",IF(INDEX(EntryParty,$P84)=0,"",INDEX(EntryParty,$P84))) | E84: =IF($P84="","",IF(INDEX(EntryPartyName,$P84)=0,"",INDEX(EntryPartyName,$P84))) | F84: =IF($P84="","",IF(INDEX(EntryPartyType,$P84)=0,"",INDEX(EntryPartyType,$P84))) | G84: =IF($P84="","",IF(INDEX(EntryTxnType,$P84)=0,"",INDEX(EntryTxnType,$P84))) | H84: =IF($P84="","",IF(INDEX(EntryDep,$P84)=0,"",INDEX(EntryDep,$P84))) | I84: =IF($P84="","",IF(INDEX(EntryWit,$P84)=0,"",INDEX(EntryWit,$P84))) | J84: =IF($B84="","",IF($A84=1,$C$7,IF(J83="",0,J83))+IF($H84="",0,$H84)-IF($I84="",0,$I84)) | K84: =IF($P84="","",IF(INDEX(EntryMan,$P84)=0,"",INDEX(EntryMan,$P84))) | L84: =IF($B84="","",IF($K84="","—",IF(ROUND($K84-$J84,0)=0,"√","×"))) | M84: =IF($B84="","",IF(COUNTIFS(EntryDates,$B84,CalcTime,$C84,CalcBank,$C$5,EntryParty,$D84,EntryDep,$H84,EntryWit,$I84)>1,"تکرار","")) | N84: =IF($P84="","",IF(INDEX(EntryNotes,$P84)=0,"",INDEX(EntryNotes,$P84))) | O84: =IF($P84="","",IF(INDEX(EntryTxnID,$P84)=0,"",INDEX(EntryTxnID,$P84))) | P84: =IFERROR(MATCH($C$5&"|"&RIGHT("000000"&68,6),CalcRankKey,0),"")
A85: =IF($B85="","",69) | B85: =IF($P85="","",IF(INDEX(CalcNormDate,$P85)=0,"",INDEX(CalcNormDate,$P85))) | C85: =IF($P85="","",IF(INDEX(CalcTime,$P85)=0,"",INDEX(CalcTime,$P85))) | D85: =IF($P85="","",IF(INDEX(EntryParty,$P85)=0,"",INDEX(EntryParty,$P85))) | E85: =IF($P85="","",IF(INDEX(EntryPartyName,$P85)=0,"",INDEX(EntryPartyName,$P85))) | F85: =IF($P85="","",IF(INDEX(EntryPartyType,$P85)=0,"",INDEX(EntryPartyType,$P85))) | G85: =IF($P85="","",IF(INDEX(EntryTxnType,$P85)=0,"",INDEX(EntryTxnType,$P85))) | H85: =IF($P85="","",IF(INDEX(EntryDep,$P85)=0,"",INDEX(EntryDep,$P85))) | I85: =IF($P85="","",IF(INDEX(EntryWit,$P85)=0,"",INDEX(EntryWit,$P85))) | J85: =IF($B85="","",IF($A85=1,$C$7,IF(J84="",0,J84))+IF($H85="",0,$H85)-IF($I85="",0,$I85)) | K85: =IF($P85="","",IF(INDEX(EntryMan,$P85)=0,"",INDEX(EntryMan,$P85))) | L85: =IF($B85="","",IF($K85="","—",IF(ROUND($K85-$J85,0)=0,"√","×"))) | M85: =IF($B85="","",IF(COUNTIFS(EntryDates,$B85,CalcTime,$C85,CalcBank,$C$5,EntryParty,$D85,EntryDep,$H85,EntryWit,$I85)>1,"تکرار","")) | N85: =IF($P85="","",IF(INDEX(EntryNotes,$P85)=0,"",INDEX(EntryNotes,$P85))) | O85: =IF($P85="","",IF(INDEX(EntryTxnID,$P85)=0,"",INDEX(EntryTxnID,$P85))) | P85: =IFERROR(MATCH($C$5&"|"&RIGHT("000000"&69,6),CalcRankKey,0),"")
A86: =IF($B86="","",70) | B86: =IF($P86="","",IF(INDEX(CalcNormDate,$P86)=0,"",INDEX(CalcNormDate,$P86))) | C86: =IF($P86="","",IF(INDEX(CalcTime,$P86)=0,"",INDEX(CalcTime,$P86))) | D86: =IF($P86="","",IF(INDEX(EntryParty,$P86)=0,"",INDEX(EntryParty,$P86))) | E86: =IF($P86="","",IF(INDEX(EntryPartyName,$P86)=0,"",INDEX(EntryPartyName,$P86))) | F86: =IF($P86="","",IF(INDEX(EntryPartyType,$P86)=0,"",INDEX(EntryPartyType,$P86))) | G86: =IF($P86="","",IF(INDEX(EntryTxnType,$P86)=0,"",INDEX(EntryTxnType,$P86))) | H86: =IF($P86="","",IF(INDEX(EntryDep,$P86)=0,"",INDEX(EntryDep,$P86))) | I86: =IF($P86="","",IF(INDEX(EntryWit,$P86)=0,"",INDEX(EntryWit,$P86))) | J86: =IF($B86="","",IF($A86=1,$C$7,IF(J85="",0,J85))+IF($H86="",0,$H86)-IF($I86="",0,$I86)) | K86: =IF($P86="","",IF(INDEX(EntryMan,$P86)=0,"",INDEX(EntryMan,$P86))) | L86: =IF($B86="","",IF($K86="","—",IF(ROUND($K86-$J86,0)=0,"√","×"))) | M86: =IF($B86="","",IF(COUNTIFS(EntryDates,$B86,CalcTime,$C86,CalcBank,$C$5,EntryParty,$D86,EntryDep,$H86,EntryWit,$I86)>1,"تکرار","")) | N86: =IF($P86="","",IF(INDEX(EntryNotes,$P86)=0,"",INDEX(EntryNotes,$P86))) | O86: =IF($P86="","",IF(INDEX(EntryTxnID,$P86)=0,"",INDEX(EntryTxnID,$P86))) | P86: =IFERROR(MATCH($C$5&"|"&RIGHT("000000"&70,6),CalcRankKey,0),"")
A87: =IF($B87="","",71) | B87: =IF($P87="","",IF(INDEX(CalcNormDate,$P87)=0,"",INDEX(CalcNormDate,$P87))) | C87: =IF($P87="","",IF(INDEX(CalcTime,$P87)=0,"",INDEX(CalcTime,$P87))) | D87: =IF($P87="","",IF(INDEX(EntryParty,$P87)=0,"",INDEX(EntryParty,$P87))) | E87: =IF($P87="","",IF(INDEX(EntryPartyName,$P87)=0,"",INDEX(EntryPartyName,$P87))) | F87: =IF($P87="","",IF(INDEX(EntryPartyType,$P87)=0,"",INDEX(EntryPartyType,$P87))) | G87: =IF($P87="","",IF(INDEX(EntryTxnType,$P87)=0,"",INDEX(EntryTxnType,$P87))) | H87: =IF($P87="","",IF(INDEX(EntryDep,$P87)=0,"",INDEX(EntryDep,$P87))) | I87: =IF($P87="","",IF(INDEX(EntryWit,$P87)=0,"",INDEX(EntryWit,$P87))) | J87: =IF($B87="","",IF($A87=1,$C$7,IF(J86="",0,J86))+IF($H87="",0,$H87)-IF($I87="",0,$I87)) | K87: =IF($P87="","",IF(INDEX(EntryMan,$P87)=0,"",INDEX(EntryMan,$P87))) | L87: =IF($B87="","",IF($K87="","—",IF(ROUND($K87-$J87,0)=0,"√","×"))) | M87: =IF($B87="","",IF(COUNTIFS(EntryDates,$B87,CalcTime,$C87,CalcBank,$C$5,EntryParty,$D87,EntryDep,$H87,EntryWit,$I87)>1,"تکرار","")) | N87: =IF($P87="","",IF(INDEX(EntryNotes,$P87)=0,"",INDEX(EntryNotes,$P87))) | O87: =IF($P87="","",IF(INDEX(EntryTxnID,$P87)=0,"",INDEX(EntryTxnID,$P87))) | P87: =IFERROR(MATCH($C$5&"|"&RIGHT("000000"&71,6),CalcRankKey,0),"")
A88: =IF($B88="","",72) | B88: =IF($P88="","",IF(INDEX(CalcNormDate,$P88)=0,"",INDEX(CalcNormDate,$P88))) | C88: =IF($P88="","",IF(INDEX(CalcTime,$P88)=0,"",INDEX(CalcTime,$P88))) | D88: =IF($P88="","",IF(INDEX(EntryParty,$P88)=0,"",INDEX(EntryParty,$P88))) | E88: =IF($P88="","",IF(INDEX(EntryPartyName,$P88)=0,"",INDEX(EntryPartyName,$P88))) | F88: =IF($P88="","",IF(INDEX(EntryPartyType,$P88)=0,"",INDEX(EntryPartyType,$P88))) | G88: =IF($P88="","",IF(INDEX(EntryTxnType,$P88)=0,"",INDEX(EntryTxnType,$P88))) | H88: =IF($P88="","",IF(INDEX(EntryDep,$P88)=0,"",INDEX(EntryDep,$P88))) | I88: =IF($P88="","",IF(INDEX(EntryWit,$P88)=0,"",INDEX(EntryWit,$P88))) | J88: =IF($B88="","",IF($A88=1,$C$7,IF(J87="",0,J87))+IF($H88="",0,$H88)-IF($I88="",0,$I88)) | K88: =IF($P88="","",IF(INDEX(EntryMan,$P88)=0,"",INDEX(EntryMan,$P88))) | L88: =IF($B88="","",IF($K88="","—",IF(ROUND($K88-$J88,0)=0,"√","×"))) | M88: =IF($B88="","",IF(COUNTIFS(EntryDates,$B88,CalcTime,$C88,CalcBank,$C$5,EntryParty,$D88,EntryDep,$H88,EntryWit,$I88)>1,"تکرار","")) | N88: =IF($P88="","",IF(INDEX(EntryNotes,$P88)=0,"",INDEX(EntryNotes,$P88))) | O88: =IF($P88="","",IF(INDEX(EntryTxnID,$P88)=0,"",INDEX(EntryTxnID,$P88))) | P88: =IFERROR(MATCH($C$5&"|"&RIGHT("000000"&72,6),CalcRankKey,0),"")
A89: =IF($B89="","",73) | B89: =IF($P89="","",IF(INDEX(CalcNormDate,$P89)=0,"",INDEX(CalcNormDate,$P89))) | C89: =IF($P89="","",IF(INDEX(CalcTime,$P89)=0,"",INDEX(CalcTime,$P89))) | D89: =IF($P89="","",IF(INDEX(EntryParty,$P89)=0,"",INDEX(EntryParty,$P89))) | E89: =IF($P89="","",IF(INDEX(EntryPartyName,$P89)=0,"",INDEX(EntryPartyName,$P89))) | F89: =IF($P89="","",IF(INDEX(EntryPartyType,$P89)=0,"",INDEX(EntryPartyType,$P89))) | G89: =IF($P89="","",IF(INDEX(EntryTxnType,$P89)=0,"",INDEX(EntryTxnType,$P89))) | H89: =IF($P89="","",IF(INDEX(EntryDep,$P89)=0,"",INDEX(EntryDep,$P89))) | I89: =IF($P89="","",IF(INDEX(EntryWit,$P89)=0,"",INDEX(EntryWit,$P89))) | J89: =IF($B89="","",IF($A89=1,$C$7,IF(J88="",0,J88))+IF($H89="",0,$H89)-IF($I89="",0,$I89)) | K89: =IF($P89="","",IF(INDEX(EntryMan,$P89)=0,"",INDEX(EntryMan,$P89))) | L89: =IF($B89="","",IF($K89="","—",IF(ROUND($K89-$J89,0)=0,"√","×"))) | M89: =IF($B89="","",IF(COUNTIFS(EntryDates,$B89,CalcTime,$C89,CalcBank,$C$5,EntryParty,$D89,EntryDep,$H89,EntryWit,$I89)>1,"تکرار","")) | N89: =IF($P89="","",IF(INDEX(EntryNotes,$P89)=0,"",INDEX(EntryNotes,$P89))) | O89: =IF($P89="","",IF(INDEX(EntryTxnID,$P89)=0,"",INDEX(EntryTxnID,$P89))) | P89: =IFERROR(MATCH($C$5&"|"&RIGHT("000000"&73,6),CalcRankKey,0),"")
A90: =IF($B90="","",74) | B90: =IF($P90="","",IF(INDEX(CalcNormDate,$P90)=0,"",INDEX(CalcNormDate,$P90))) | C90: =IF($P90="","",IF(INDEX(CalcTime,$P90)=0,"",INDEX(CalcTime,$P90))) | D90: =IF($P90="","",IF(INDEX(EntryParty,$P90)=0,"",INDEX(EntryParty,$P90))) | E90: =IF($P90="","",IF(INDEX(EntryPartyName,$P90)=0,"",INDEX(EntryPartyName,$P90))) | F90: =IF($P90="","",IF(INDEX(EntryPartyType,$P90)=0,"",INDEX(EntryPartyType,$P90))) | G90: =IF($P90="","",IF(INDEX(EntryTxnType,$P90)=0,"",INDEX(EntryTxnType,$P90))) | H90: =IF($P90="","",IF(INDEX(EntryDep,$P90)=0,"",INDEX(EntryDep,$P90))) | I90: =IF($P90="","",IF(INDEX(EntryWit,$P90)=0,"",INDEX(EntryWit,$P90))) | J90: =IF($B90="","",IF($A90=1,$C$7,IF(J89="",0,J89))+IF($H90="",0,$H90)-IF($I90="",0,$I90)) | K90: =IF($P90="","",IF(INDEX(EntryMan,$P90)=0,"",INDEX(EntryMan,$P90))) | L90: =IF($B90="","",IF($K90="","—",IF(ROUND($K90-$J90,0)=0,"√","×"))) | M90: =IF($B90="","",IF(COUNTIFS(EntryDates,$B90,CalcTime,$C90,CalcBank,$C$5,EntryParty,$D90,EntryDep,$H90,EntryWit,$I90)>1,"تکرار","")) | N90: =IF($P90="","",IF(INDEX(EntryNotes,$P90)=0,"",INDEX(EntryNotes,$P90))) | O90: =IF($P90="","",IF(INDEX(EntryTxnID,$P90)=0,"",INDEX(EntryTxnID,$P90))) | P90: =IFERROR(MATCH($C$5&"|"&RIGHT("000000"&74,6),CalcRankKey,0),"")
A91: =IF($B91="","",75) | B91: =IF($P91="","",IF(INDEX(CalcNormDate,$P91)=0,"",INDEX(CalcNormDate,$P91))) | C91: =IF($P91="","",IF(INDEX(CalcTime,$P91)=0,"",INDEX(CalcTime,$P91))) | D91: =IF($P91="","",IF(INDEX(EntryParty,$P91)=0,"",INDEX(EntryParty,$P91))) | E91: =IF($P91="","",IF(INDEX(EntryPartyName,$P91)=0,"",INDEX(EntryPartyName,$P91))) | F91: =IF($P91="","",IF(INDEX(EntryPartyType,$P91)=0,"",INDEX(EntryPartyType,$P91))) | G91: =IF($P91="","",IF(INDEX(EntryTxnType,$P91)=0,"",INDEX(EntryTxnType,$P91))) | H91: =IF($P91="","",IF(INDEX(EntryDep,$P91)=0,"",INDEX(EntryDep,$P91))) | I91: =IF($P91="","",IF(INDEX(EntryWit,$P91)=0,"",INDEX(EntryWit,$P91))) | J91: =IF($B91="","",IF($A91=1,$C$7,IF(J90="",0,J90))+IF($H91="",0,$H91)-IF($I91="",0,$I91)) | K91: =IF($P91="","",IF(INDEX(EntryMan,$P91)=0,"",INDEX(EntryMan,$P91))) | L91: =IF($B91="","",IF($K91="","—",IF(ROUND($K91-$J91,0)=0,"√","×"))) | M91: =IF($B91="","",IF(COUNTIFS(EntryDates,$B91,CalcTime,$C91,CalcBank,$C$5,EntryParty,$D91,EntryDep,$H91,EntryWit,$I91)>1,"تکرار","")) | N91: =IF($P91="","",IF(INDEX(EntryNotes,$P91)=0,"",INDEX(EntryNotes,$P91))) | O91: =IF($P91="","",IF(INDEX(EntryTxnID,$P91)=0,"",INDEX(EntryTxnID,$P91))) | P91: =IFERROR(MATCH($C$5&"|"&RIGHT("000000"&75,6),CalcRankKey,0),"")
A92: =IF($B92="","",76) | B92: =IF($P92="","",IF(INDEX(CalcNormDate,$P92)=0,"",INDEX(CalcNormDate,$P92))) | C92: =IF($P92="","",IF(INDEX(CalcTime,$P92)=0,"",INDEX(CalcTime,$P92))) | D92: =IF($P92="","",IF(INDEX(EntryParty,$P92)=0,"",INDEX(EntryParty,$P92))) | E92: =IF($P92="","",IF(INDEX(EntryPartyName,$P92)=0,"",INDEX(EntryPartyName,$P92))) | F92: =IF($P92="","",IF(INDEX(EntryPartyType,$P92)=0,"",INDEX(EntryPartyType,$P92))) | G92: =IF($P92="","",IF(INDEX(EntryTxnType,$P92)=0,"",INDEX(EntryTxnType,$P92))) | H92: =IF($P92="","",IF(INDEX(EntryDep,$P92)=0,"",INDEX(EntryDep,$P92))) | I92: =IF($P92="","",IF(INDEX(EntryWit,$P92)=0,"",INDEX(EntryWit,$P92))) | J92: =IF($B92="","",IF($A92=1,$C$7,IF(J91="",0,J91))+IF($H92="",0,$H92)-IF($I92="",0,$I92)) | K92: =IF($P92="","",IF(INDEX(EntryMan,$P92)=0,"",INDEX(EntryMan,$P92))) | L92: =IF($B92="","",IF($K92="","—",IF(ROUND($K92-$J92,0)=0,"√","×"))) | M92: =IF($B92="","",IF(COUNTIFS(EntryDates,$B92,CalcTime,$C92,CalcBank,$C$5,EntryParty,$D92,EntryDep,$H92,EntryWit,$I92)>1,"تکرار","")) | N92: =IF($P92="","",IF(INDEX(EntryNotes,$P92)=0,"",INDEX(EntryNotes,$P92))) | O92: =IF($P92="","",IF(INDEX(EntryTxnID,$P92)=0,"",INDEX(EntryTxnID,$P92))) | P92: =IFERROR(MATCH($C$5&"|"&RIGHT("000000"&76,6),CalcRankKey,0),"")
A93: =IF($B93="","",77) | B93: =IF($P93="","",IF(INDEX(CalcNormDate,$P93)=0,"",INDEX(CalcNormDate,$P93))) | C93: =IF($P93="","",IF(INDEX(CalcTime,$P93)=0,"",INDEX(CalcTime,$P93))) | D93: =IF($P93="","",IF(INDEX(EntryParty,$P93)=0,"",INDEX(EntryParty,$P93))) | E93: =IF($P93="","",IF(INDEX(EntryPartyName,$P93)=0,"",INDEX(EntryPartyName,$P93))) | F93: =IF($P93="","",IF(INDEX(EntryPartyType,$P93)=0,"",INDEX(EntryPartyType,$P93))) | G93: =IF($P93="","",IF(INDEX(EntryTxnType,$P93)=0,"",INDEX(EntryTxnType,$P93))) | H93: =IF($P93="","",IF(INDEX(EntryDep,$P93)=0,"",INDEX(EntryDep,$P93))) | I93: =IF($P93="","",IF(INDEX(EntryWit,$P93)=0,"",INDEX(EntryWit,$P93))) | J93: =IF($B93="","",IF($A93=1,$C$7,IF(J92="",0,J92))+IF($H93="",0,$H93)-IF($I93="",0,$I93)) | K93: =IF($P93="","",IF(INDEX(EntryMan,$P93)=0,"",INDEX(EntryMan,$P93))) | L93: =IF($B93="","",IF($K93="","—",IF(ROUND($K93-$J93,0)=0,"√","×"))) | M93: =IF($B93="","",IF(COUNTIFS(EntryDates,$B93,CalcTime,$C93,CalcBank,$C$5,EntryParty,$D93,EntryDep,$H93,EntryWit,$I93)>1,"تکرار","")) | N93: =IF($P93="","",IF(INDEX(EntryNotes,$P93)=0,"",INDEX(EntryNotes,$P93))) | O93: =IF($P93="","",IF(INDEX(EntryTxnID,$P93)=0,"",INDEX(EntryTxnID,$P93))) | P93: =IFERROR(MATCH($C$5&"|"&RIGHT("000000"&77,6),CalcRankKey,0),"")
A94: =IF($B94="","",78) | B94: =IF($P94="","",IF(INDEX(CalcNormDate,$P94)=0,"",INDEX(CalcNormDate,$P94))) | C94: =IF($P94="","",IF(INDEX(CalcTime,$P94)=0,"",INDEX(CalcTime,$P94))) | D94: =IF($P94="","",IF(INDEX(EntryParty,$P94)=0,"",INDEX(EntryParty,$P94))) | E94: =IF($P94="","",IF(INDEX(EntryPartyName,$P94)=0,"",INDEX(EntryPartyName,$P94))) | F94: =IF($P94="","",IF(INDEX(EntryPartyType,$P94)=0,"",INDEX(EntryPartyType,$P94))) | G94: =IF($P94="","",IF(INDEX(EntryTxnType,$P94)=0,"",INDEX(EntryTxnType,$P94))) | H94: =IF($P94="","",IF(INDEX(EntryDep,$P94)=0,"",INDEX(EntryDep,$P94))) | I94: =IF($P94="","",IF(INDEX(EntryWit,$P94)=0,"",INDEX(EntryWit,$P94))) | J94: =IF($B94="","",IF($A94=1,$C$7,IF(J93="",0,J93))+IF($H94="",0,$H94)-IF($I94="",0,$I94)) | K94: =IF($P94="","",IF(INDEX(EntryMan,$P94)=0,"",INDEX(EntryMan,$P94))) | L94: =IF($B94="","",IF($K94="","—",IF(ROUND($K94-$J94,0)=0,"√","×"))) | M94: =IF($B94="","",IF(COUNTIFS(EntryDates,$B94,CalcTime,$C94,CalcBank,$C$5,EntryParty,$D94,EntryDep,$H94,EntryWit,$I94)>1,"تکرار","")) | N94: =IF($P94="","",IF(INDEX(EntryNotes,$P94)=0,"",INDEX(EntryNotes,$P94))) | O94: =IF($P94="","",IF(INDEX(EntryTxnID,$P94)=0,"",INDEX(EntryTxnID,$P94))) | P94: =IFERROR(MATCH($C$5&"|"&RIGHT("000000"&78,6),CalcRankKey,0),"")
A95: =IF($B95="","",79) | B95: =IF($P95="","",IF(INDEX(CalcNormDate,$P95)=0,"",INDEX(CalcNormDate,$P95))) | C95: =IF($P95="","",IF(INDEX(CalcTime,$P95)=0,"",INDEX(CalcTime,$P95))) | D95: =IF($P95="","",IF(INDEX(EntryParty,$P95)=0,"",INDEX(EntryParty,$P95))) | E95: =IF($P95="","",IF(INDEX(EntryPartyName,$P95)=0,"",INDEX(EntryPartyName,$P95))) | F95: =IF($P95="","",IF(INDEX(EntryPartyType,$P95)=0,"",INDEX(EntryPartyType,$P95))) | G95: =IF($P95="","",IF(INDEX(EntryTxnType,$P95)=0,"",INDEX(EntryTxnType,$P95))) | H95: =IF($P95="","",IF(INDEX(EntryDep,$P95)=0,"",INDEX(EntryDep,$P95))) | I95: =IF($P95="","",IF(INDEX(EntryWit,$P95)=0,"",INDEX(EntryWit,$P95))) | J95: =IF($B95="","",IF($A95=1,$C$7,IF(J94="",0,J94))+IF($H95="",0,$H95)-IF($I95="",0,$I95)) | K95: =IF($P95="","",IF(INDEX(EntryMan,$P95)=0,"",INDEX(EntryMan,$P95))) | L95: =IF($B95="","",IF($K95="","—",IF(ROUND($K95-$J95,0)=0,"√","×"))) | M95: =IF($B95="","",IF(COUNTIFS(EntryDates,$B95,CalcTime,$C95,CalcBank,$C$5,EntryParty,$D95,EntryDep,$H95,EntryWit,$I95)>1,"تکرار","")) | N95: =IF($P95="","",IF(INDEX(EntryNotes,$P95)=0,"",INDEX(EntryNotes,$P95))) | O95: =IF($P95="","",IF(INDEX(EntryTxnID,$P95)=0,"",INDEX(EntryTxnID,$P95))) | P95: =IFERROR(MATCH($C$5&"|"&RIGHT("000000"&79,6),CalcRankKey,0),"")
A96: =IF($B96="","",80) | B96: =IF($P96="","",IF(INDEX(CalcNormDate,$P96)=0,"",INDEX(CalcNormDate,$P96))) | C96: =IF($P96="","",IF(INDEX(CalcTime,$P96)=0,"",INDEX(CalcTime,$P96))) | D96: =IF($P96="","",IF(INDEX(EntryParty,$P96)=0,"",INDEX(EntryParty,$P96))) | E96: =IF($P96="","",IF(INDEX(EntryPartyName,$P96)=0,"",INDEX(EntryPartyName,$P96))) | F96: =IF($P96="","",IF(INDEX(EntryPartyType,$P96)=0,"",INDEX(EntryPartyType,$P96))) | G96: =IF($P96="","",IF(INDEX(EntryTxnType,$P96)=0,"",INDEX(EntryTxnType,$P96))) | H96: =IF($P96="","",IF(INDEX(EntryDep,$P96)=0,"",INDEX(EntryDep,$P96))) | I96: =IF($P96="","",IF(INDEX(EntryWit,$P96)=0,"",INDEX(EntryWit,$P96))) | J96: =IF($B96="","",IF($A96=1,$C$7,IF(J95="",0,J95))+IF($H96="",0,$H96)-IF($I96="",0,$I96)) | K96: =IF($P96="","",IF(INDEX(EntryMan,$P96)=0,"",INDEX(EntryMan,$P96))) | L96: =IF($B96="","",IF($K96="","—",IF(ROUND($K96-$J96,0)=0,"√","×"))) | M96: =IF($B96="","",IF(COUNTIFS(EntryDates,$B96,CalcTime,$C96,CalcBank,$C$5,EntryParty,$D96,EntryDep,$H96,EntryWit,$I96)>1,"تکرار","")) | N96: =IF($P96="","",IF(INDEX(EntryNotes,$P96)=0,"",INDEX(EntryNotes,$P96))) | O96: =IF($P96="","",IF(INDEX(EntryTxnID,$P96)=0,"",INDEX(EntryTxnID,$P96))) | P96: =IFERROR(MATCH($C$5&"|"&RIGHT("000000"&80,6),CalcRankKey,0),"")
A97: =IF($B97="","",81) | B97: =IF($P97="","",IF(INDEX(CalcNormDate,$P97)=0,"",INDEX(CalcNormDate,$P97))) | C97: =IF($P97="","",IF(INDEX(CalcTime,$P97)=0,"",INDEX(CalcTime,$P97))) | D97: =IF($P97="","",IF(INDEX(EntryParty,$P97)=0,"",INDEX(EntryParty,$P97))) | E97: =IF($P97="","",IF(INDEX(EntryPartyName,$P97)=0,"",INDEX(EntryPartyName,$P97))) | F97: =IF($P97="","",IF(INDEX(EntryPartyType,$P97)=0,"",INDEX(EntryPartyType,$P97))) | G97: =IF($P97="","",IF(INDEX(EntryTxnType,$P97)=0,"",INDEX(EntryTxnType,$P97))) | H97: =IF($P97="","",IF(INDEX(EntryDep,$P97)=0,"",INDEX(EntryDep,$P97))) | I97: =IF($P97="","",IF(INDEX(EntryWit,$P97)=0,"",INDEX(EntryWit,$P97))) | J97: =IF($B97="","",IF($A97=1,$C$7,IF(J96="",0,J96))+IF($H97="",0,$H97)-IF($I97="",0,$I97)) | K97: =IF($P97="","",IF(INDEX(EntryMan,$P97)=0,"",INDEX(EntryMan,$P97))) | L97: =IF($B97="","",IF($K97="","—",IF(ROUND($K97-$J97,0)=0,"√","×"))) | M97: =IF($B97="","",IF(COUNTIFS(EntryDates,$B97,CalcTime,$C97,CalcBank,$C$5,EntryParty,$D97,EntryDep,$H97,EntryWit,$I97)>1,"تکرار","")) | N97: =IF($P97="","",IF(INDEX(EntryNotes,$P97)=0,"",INDEX(EntryNotes,$P97))) | O97: =IF($P97="","",IF(INDEX(EntryTxnID,$P97)=0,"",INDEX(EntryTxnID,$P97))) | P97: =IFERROR(MATCH($C$5&"|"&RIGHT("000000"&81,6),CalcRankKey,0),"")
A98: =IF($B98="","",82) | B98: =IF($P98="","",IF(INDEX(CalcNormDate,$P98)=0,"",INDEX(CalcNormDate,$P98))) | C98: =IF($P98="","",IF(INDEX(CalcTime,$P98)=0,"",INDEX(CalcTime,$P98))) | D98: =IF($P98="","",IF(INDEX(EntryParty,$P98)=0,"",INDEX(EntryParty,$P98))) | E98: =IF($P98="","",IF(INDEX(EntryPartyName,$P98)=0,"",INDEX(EntryPartyName,$P98))) | F98: =IF($P98="","",IF(INDEX(EntryPartyType,$P98)=0,"",INDEX(EntryPartyType,$P98))) | G98: =IF($P98="","",IF(INDEX(EntryTxnType,$P98)=0,"",INDEX(EntryTxnType,$P98))) | H98: =IF($P98="","",IF(INDEX(EntryDep,$P98)=0,"",INDEX(EntryDep,$P98))) | I98: =IF($P98="","",IF(INDEX(EntryWit,$P98)=0,"",INDEX(EntryWit,$P98))) | J98: =IF($B98="","",IF($A98=1,$C$7,IF(J97="",0,J97))+IF($H98="",0,$H98)-IF($I98="",0,$I98)) | K98: =IF($P98="","",IF(INDEX(EntryMan,$P98)=0,"",INDEX(EntryMan,$P98))) | L98: =IF($B98="","",IF($K98="","—",IF(ROUND($K98-$J98,0)=0,"√","×"))) | M98: =IF($B98="","",IF(COUNTIFS(EntryDates,$B98,CalcTime,$C98,CalcBank,$C$5,EntryParty,$D98,EntryDep,$H98,EntryWit,$I98)>1,"تکرار","")) | N98: =IF($P98="","",IF(INDEX(EntryNotes,$P98)=0,"",INDEX(EntryNotes,$P98))) | O98: =IF($P98="","",IF(INDEX(EntryTxnID,$P98)=0,"",INDEX(EntryTxnID,$P98))) | P98: =IFERROR(MATCH($C$5&"|"&RIGHT("000000"&82,6),CalcRankKey,0),"")
A99: =IF($B99="","",83) | B99: =IF($P99="","",IF(INDEX(CalcNormDate,$P99)=0,"",INDEX(CalcNormDate,$P99))) | C99: =IF($P99="","",IF(INDEX(CalcTime,$P99)=0,"",INDEX(CalcTime,$P99))) | D99: =IF($P99="","",IF(INDEX(EntryParty,$P99)=0,"",INDEX(EntryParty,$P99))) | E99: =IF($P99="","",IF(INDEX(EntryPartyName,$P99)=0,"",INDEX(EntryPartyName,$P99))) | F99: =IF($P99="","",IF(INDEX(EntryPartyType,$P99)=0,"",INDEX(EntryPartyType,$P99))) | G99: =IF($P99="","",IF(INDEX(EntryTxnType,$P99)=0,"",INDEX(EntryTxnType,$P99))) | H99: =IF($P99="","",IF(INDEX(EntryDep,$P99)=0,"",INDEX(EntryDep,$P99))) | I99: =IF($P99="","",IF(INDEX(EntryWit,$P99)=0,"",INDEX(EntryWit,$P99))) | J99: =IF($B99="","",IF($A99=1,$C$7,IF(J98="",0,J98))+IF($H99="",0,$H99)-IF($I99="",0,$I99)) | K99: =IF($P99="","",IF(INDEX(EntryMan,$P99)=0,"",INDEX(EntryMan,$P99))) | L99: =IF($B99="","",IF($K99="","—",IF(ROUND($K99-$J99,0)=0,"√","×"))) | M99: =IF($B99="","",IF(COUNTIFS(EntryDates,$B99,CalcTime,$C99,CalcBank,$C$5,EntryParty,$D99,EntryDep,$H99,EntryWit,$I99)>1,"تکرار","")) | N99: =IF($P99="","",IF(INDEX(EntryNotes,$P99)=0,"",INDEX(EntryNotes,$P99))) | O99: =IF($P99="","",IF(INDEX(EntryTxnID,$P99)=0,"",INDEX(EntryTxnID,$P99))) | P99: =IFERROR(MATCH($C$5&"|"&RIGHT("000000"&83,6),CalcRankKey,0),"")
A100: =IF($B100="","",84) | B100: =IF($P100="","",IF(INDEX(CalcNormDate,$P100)=0,"",INDEX(CalcNormDate,$P100))) | C100: =IF($P100="","",IF(INDEX(CalcTime,$P100)=0,"",INDEX(CalcTime,$P100))) | D100: =IF($P100="","",IF(INDEX(EntryParty,$P100)=0,"",INDEX(EntryParty,$P100))) | E100: =IF($P100="","",IF(INDEX(EntryPartyName,$P100)=0,"",INDEX(EntryPartyName,$P100))) | F100: =IF($P100="","",IF(INDEX(EntryPartyType,$P100)=0,"",INDEX(EntryPartyType,$P100))) | G100: =IF($P100="","",IF(INDEX(EntryTxnType,$P100)=0,"",INDEX(EntryTxnType,$P100))) | H100: =IF($P100="","",IF(INDEX(EntryDep,$P100)=0,"",INDEX(EntryDep,$P100))) | I100: =IF($P100="","",IF(INDEX(EntryWit,$P100)=0,"",INDEX(EntryWit,$P100))) | J100: =IF($B100="","",IF($A100=1,$C$7,IF(J99="",0,J99))+IF($H100="",0,$H100)-IF($I100="",0,$I100)) | K100: =IF($P100="","",IF(INDEX(EntryMan,$P100)=0,"",INDEX(EntryMan,$P100))) | L100: =IF($B100="","",IF($K100="","—",IF(ROUND($K100-$J100,0)=0,"√","×"))) | M100: =IF($B100="","",IF(COUNTIFS(EntryDates,$B100,CalcTime,$C100,CalcBank,$C$5,EntryParty,$D100,EntryDep,$H100,EntryWit,$I100)>1,"تکرار","")) | N100: =IF($P100="","",IF(INDEX(EntryNotes,$P100)=0,"",INDEX(EntryNotes,$P100))) | O100: =IF($P100="","",IF(INDEX(EntryTxnID,$P100)=0,"",INDEX(EntryTxnID,$P100))) | P100: =IFERROR(MATCH($C$5&"|"&RIGHT("000000"&84,6),CalcRankKey,0),"")
A101: =IF($B101="","",85) | B101: =IF($P101="","",IF(INDEX(CalcNormDate,$P101)=0,"",INDEX(CalcNormDate,$P101))) | C101: =IF($P101="","",IF(INDEX(CalcTime,$P101)=0,"",INDEX(CalcTime,$P101))) | D101: =IF($P101="","",IF(INDEX(EntryParty,$P101)=0,"",INDEX(EntryParty,$P101))) | E101: =IF($P101="","",IF(INDEX(EntryPartyName,$P101)=0,"",INDEX(EntryPartyName,$P101))) | F101: =IF($P101="","",IF(INDEX(EntryPartyType,$P101)=0,"",INDEX(EntryPartyType,$P101))) | G101: =IF($P101="","",IF(INDEX(EntryTxnType,$P101)=0,"",INDEX(EntryTxnType,$P101))) | H101: =IF($P101="","",IF(INDEX(EntryDep,$P101)=0,"",INDEX(EntryDep,$P101))) | I101: =IF($P101="","",IF(INDEX(EntryWit,$P101)=0,"",INDEX(EntryWit,$P101))) | J101: =IF($B101="","",IF($A101=1,$C$7,IF(J100="",0,J100))+IF($H101="",0,$H101)-IF($I101="",0,$I101)) | K101: =IF($P101="","",IF(INDEX(EntryMan,$P101)=0,"",INDEX(EntryMan,$P101))) | L101: =IF($B101="","",IF($K101="","—",IF(ROUND($K101-$J101,0)=0,"√","×"))) | M101: =IF($B101="","",IF(COUNTIFS(EntryDates,$B101,CalcTime,$C101,CalcBank,$C$5,EntryParty,$D101,EntryDep,$H101,EntryWit,$I101)>1,"تکرار","")) | N101: =IF($P101="","",IF(INDEX(EntryNotes,$P101)=0,"",INDEX(EntryNotes,$P101))) | O101: =IF($P101="","",IF(INDEX(EntryTxnID,$P101)=0,"",INDEX(EntryTxnID,$P101))) | P101: =IFERROR(MATCH($C$5&"|"&RIGHT("000000"&85,6),CalcRankKey,0),"")
A102: =IF($B102="","",86) | B102: =IF($P102="","",IF(INDEX(CalcNormDate,$P102)=0,"",INDEX(CalcNormDate,$P102))) | C102: =IF($P102="","",IF(INDEX(CalcTime,$P102)=0,"",INDEX(CalcTime,$P102))) | D102: =IF($P102="","",IF(INDEX(EntryParty,$P102)=0,"",INDEX(EntryParty,$P102))) | E102: =IF($P102="","",IF(INDEX(EntryPartyName,$P102)=0,"",INDEX(EntryPartyName,$P102))) | F102: =IF($P102="","",IF(INDEX(EntryPartyType,$P102)=0,"",INDEX(EntryPartyType,$P102))) | G102: =IF($P102="","",IF(INDEX(EntryTxnType,$P102)=0,"",INDEX(EntryTxnType,$P102))) | H102: =IF($P102="","",IF(INDEX(EntryDep,$P102)=0,"",INDEX(EntryDep,$P102))) | I102: =IF($P102="","",IF(INDEX(EntryWit,$P102)=0,"",INDEX(EntryWit,$P102))) | J102: =IF($B102="","",IF($A102=1,$C$7,IF(J101="",0,J101))+IF($H102="",0,$H102)-IF($I102="",0,$I102)) | K102: =IF($P102="","",IF(INDEX(EntryMan,$P102)=0,"",INDEX(EntryMan,$P102))) | L102: =IF($B102="","",IF($K102="","—",IF(ROUND($K102-$J102,0)=0,"√","×"))) | M102: =IF($B102="","",IF(COUNTIFS(EntryDates,$B102,CalcTime,$C102,CalcBank,$C$5,EntryParty,$D102,EntryDep,$H102,EntryWit,$I102)>1,"تکرار","")) | N102: =IF($P102="","",IF(INDEX(EntryNotes,$P102)=0,"",INDEX(EntryNotes,$P102))) | O102: =IF($P102="","",IF(INDEX(EntryTxnID,$P102)=0,"",INDEX(EntryTxnID,$P102))) | P102: =IFERROR(MATCH($C$5&"|"&RIGHT("000000"&86,6),CalcRankKey,0),"")
...

Sheet Bank2
A1: =IF(Sync!$AJ$6="","مازندشت",Sync!$AJ$6)&" — "&IF(Sync!$AJ$9="","سورتینگ و بسته‌بندی مرکبات",Sync!$AJ$9)
A2: =IF(Sync!$AJ$7="","باغدشت، بخش مرکزی، شهرستان قائم‌شهر، استان مازندران، ایران",Sync!$AJ$7)&" | MAZANDASHT · CITRUS SORTING & PACKING"
A3: =IFERROR("صورت حساب بانکی — "&IF(VLOOKUP("BANK02",BankTbl,2,0)="","(بدون عنوان)",VLOOKUP("BANK02",BankTbl,2,0)),"صورت حساب بانکی") | I3: ="کد حساب: BANK02"
A4: =IF(COUNTIFS(CalcBank,"BANK02")>500,"× ظرفیت 500 ردیف این برگه پر شده — آخرین ردیف را به پایین کپی کنید","") | I4: مشخصات رسمی زیر، دستی وارد می‌شود (زردرنگ).
A5: کد حساب: | C5: BANK02 | H5: نام رسمی بانک:
A6: عنوان نمایشی: | C6: =IFERROR(IF(VLOOKUP("BANK02",BankTbl,2,0)="","(بدون عنوان)",VLOOKUP("BANK02",BankTbl,2,0)),"—") | H6: شعبه:
A7: مانده اولیه (ریال): | C7: =IFERROR(VLOOKUP("BANK02",BankTbl,3,0),0) | H7: شماره حساب:
A8: وضعیت فعال: | C8: =IFERROR(IF(VLOOKUP("BANK02",BankTbl,4,0)=0,"—",VLOOKUP("BANK02",BankTbl,4,0)),"—") | H8: شماره شبا (۲۴ رقم):
A9: این چهار سلول از فایل مادر خوانده می‌شوند؛ برای تغییر: Mazandasht_INFO.xlsx ← شیت Banks. مشخصات رسمی (زردرنگ) دستی وارد می‌شود. | H9: صاحب حساب:
H10: تلفن شعبه:
A12: جمع واریز (ریال) | C12: جمع برداشت (ریال) | E12: مانده نهایی سیستم | G12: آخرین موجودی بانک | I12: وضعیت مغایرت | K12: تعداد تراکنش | M12: ردیف تکراری | O12: آخرین تاریخ
A13: =SUM($H$17:$H$516) | C13: =SUM($I$17:$I$516) | E13: =IFERROR(LOOKUP(9.99E+307,$J$17:$J$516),$C$7) | G13: =IFERROR(LOOKUP(9.99E+307,$K$17:$K$516),"—") | I13: =IF(NOT(ISNUMBER($G$13)),"— بدون کنترل",IF(ROUND($G$13-$E$13,0)=0,"√ منطبق","× مغایرت ("&TEXT(ROUND($G$13-$E$13,0),"#,##0")&" ریال)")) | K13: =COUNT($A$17:$A$516) | M13: =COUNTIF($M$17:$M$516,"تکرار") | O13: =IF(COUNT($A$17:$A$516)=0,"—",INDEX($B$17:$B$516,COUNT($A$17:$A$516)))
A15: ردیف | B15: تاریخ | C15: ساعت | D15: کد طرف | E15: طرف حساب | F15: نوع طرف حساب | G15: نوع تراکنش | H15: واریز (ریال) | I15: برداشت (ریال) | J15: مانده سیستم (ریال) | K15: موجودی بانک (ریال) | L15: وضعیت | M15: کنترل تکرار | N15: توضیحات | O15: شناسه
A16: No. | B16: Date | C16: Time | D16: Party Code | E16: Party | F16: Party Type | G16: Txn Type | H16: Deposit | I16: Withdrawal | J16: System Balance | K16: Bank Balance | L16: Status | M16: Dup Check | N16: Notes | O16: TxnID
A17: =IF($B17="","",1) | B17: =IF($P17="","",IF(INDEX(CalcNormDate,$P17)=0,"",INDEX(CalcNormDate,$P17))) | C17: =IF($P17="","",IF(INDEX(CalcTime,$P17)=0,"",INDEX(CalcTime,$P17))) | D17: =IF($P17="","",IF(INDEX(EntryParty,$P17)=0,"",INDEX(EntryParty,$P17))) | E17: =IF($P17="","",IF(INDEX(EntryPartyName,$P17)=0,"",INDEX(EntryPartyName,$P17))) | F17: =IF($P17="","",IF(INDEX(EntryPartyType,$P17)=0,"",INDEX(EntryPartyType,$P17))) | G17: =IF($P17="","",IF(INDEX(EntryTxnType,$P17)=0,"",INDEX(EntryTxnType,$P17))) | H17: =IF($P17="","",IF(INDEX(EntryDep,$P17)=0,"",INDEX(EntryDep,$P17))) | I17: =IF($P17="","",IF(INDEX(EntryWit,$P17)=0,"",INDEX(EntryWit,$P17))) | J17: =IF($B17="","",IF($A17=1,$C$7,IF(J16="",0,J16))+IF($H17="",0,$H17)-IF($I17="",0,$I17)) | K17: =IF($P17="","",IF(INDEX(EntryMan,$P17)=0,"",INDEX(EntryMan,$P17))) | L17: =IF($B17="","",IF($K17="","—",IF(ROUND($K17-$J17,0)=0,"√","×"))) | M17: =IF($B17="","",IF(COUNTIFS(EntryDates,$B17,CalcTime,$C17,CalcBank,$C$5,EntryParty,$D17,EntryDep,$H17,EntryWit,$I17)>1,"تکرار","")) | N17: =IF($P17="","",IF(INDEX(EntryNotes,$P17)=0,"",INDEX(EntryNotes,$P17))) | O17: =IF($P17="","",IF(INDEX(EntryTxnID,$P17)=0,"",INDEX(EntryTxnID,$P17))) | P17: =IFERROR(MATCH($C$5&"|"&RIGHT("000000"&1,6),CalcRankKey,0),"")
A18: =IF($B18="","",2) | B18: =IF($P18="","",IF(INDEX(CalcNormDate,$P18)=0,"",INDEX(CalcNormDate,$P18))) | C18: =IF($P18="","",IF(INDEX(CalcTime,$P18)=0,"",INDEX(CalcTime,$P18))) | D18: =IF($P18="","",IF(INDEX(EntryParty,$P18)=0,"",INDEX(EntryParty,$P18))) | E18: =IF($P18="","",IF(INDEX(EntryPartyName,$P18)=0,"",INDEX(EntryPartyName,$P18))) | F18: =IF($P18="","",IF(INDEX(EntryPartyType,$P18)=0,"",INDEX(EntryPartyType,$P18))) | G18: =IF($P18="","",IF(INDEX(EntryTxnType,$P18)=0,"",INDEX(EntryTxnType,$P18))) | H18: =IF($P18="","",IF(INDEX(EntryDep,$P18)=0,"",INDEX(EntryDep,$P18))) | I18: =IF($P18="","",IF(INDEX(EntryWit,$P18)=0,"",INDEX(EntryWit,$P18))) | J18: =IF($B18="","",IF($A18=1,$C$7,IF(J17="",0,J17))+IF($H18="",0,$H18)-IF($I18="",0,$I18)) | K18: =IF($P18="","",IF(INDEX(EntryMan,$P18)=0,"",INDEX(EntryMan,$P18))) | L18: =IF($B18="","",IF($K18="","—",IF(ROUND($K18-$J18,0)=0,"√","×"))) | M18: =IF($B18="","",IF(COUNTIFS(EntryDates,$B18,CalcTime,$C18,CalcBank,$C$5,EntryParty,$D18,EntryDep,$H18,EntryWit,$I18)>1,"تکرار","")) | N18: =IF($P18="","",IF(INDEX(EntryNotes,$P18)=0,"",INDEX(EntryNotes,$P18))) | O18: =IF($P18="","",IF(INDEX(EntryTxnID,$P18)=0,"",INDEX(EntryTxnID,$P18))) | P18: =IFERROR(MATCH($C$5&"|"&RIGHT("000000"&2,6),CalcRankKey,0),"")
A19: =IF($B19="","",3) | B19: =IF($P19="","",IF(INDEX(CalcNormDate,$P19)=0,"",INDEX(CalcNormDate,$P19))) | C19: =IF($P19="","",IF(INDEX(CalcTime,$P19)=0,"",INDEX(CalcTime,$P19))) | D19: =IF($P19="","",IF(INDEX(EntryParty,$P19)=0,"",INDEX(EntryParty,$P19))) | E19: =IF($P19="","",IF(INDEX(EntryPartyName,$P19)=0,"",INDEX(EntryPartyName,$P19))) | F19: =IF($P19="","",IF(INDEX(EntryPartyType,$P19)=0,"",INDEX(EntryPartyType,$P19))) | G19: =IF($P19="","",IF(INDEX(EntryTxnType,$P19)=0,"",INDEX(EntryTxnType,$P19))) | H19: =IF($P19="","",IF(INDEX(EntryDep,$P19)=0,"",INDEX(EntryDep,$P19))) | I19: =IF($P19="","",IF(INDEX(EntryWit,$P19)=0,"",INDEX(EntryWit,$P19))) | J19: =IF($B19="","",IF($A19=1,$C$7,IF(J18="",0,J18))+IF($H19="",0,$H19)-IF($I19="",0,$I19)) | K19: =IF($P19="","",IF(INDEX(EntryMan,$P19)=0,"",INDEX(EntryMan,$P19))) | L19: =IF($B19="","",IF($K19="","—",IF(ROUND($K19-$J19,0)=0,"√","×"))) | M19: =IF($B19="","",IF(COUNTIFS(EntryDates,$B19,CalcTime,$C19,CalcBank,$C$5,EntryParty,$D19,EntryDep,$H19,EntryWit,$I19)>1,"تکرار","")) | N19: =IF($P19="","",IF(INDEX(EntryNotes,$P19)=0,"",INDEX(EntryNotes,$P19))) | O19: =IF($P19="","",IF(INDEX(EntryTxnID,$P19)=0,"",INDEX(EntryTxnID,$P19))) | P19: =IFERROR(MATCH($C$5&"|"&RIGHT("000000"&3,6),CalcRankKey,0),"")
A20: =IF($B20="","",4) | B20: =IF($P20="","",IF(INDEX(CalcNormDate,$P20)=0,"",INDEX(CalcNormDate,$P20))) | C20: =IF($P20="","",IF(INDEX(CalcTime,$P20)=0,"",INDEX(CalcTime,$P20))) | D20: =IF($P20="","",IF(INDEX(EntryParty,$P20)=0,"",INDEX(EntryParty,$P20))) | E20: =IF($P20="","",IF(INDEX(EntryPartyName,$P20)=0,"",INDEX(EntryPartyName,$P20))) | F20: =IF($P20="","",IF(INDEX(EntryPartyType,$P20)=0,"",INDEX(EntryPartyType,$P20))) | G20: =IF($P20="","",IF(INDEX(EntryTxnType,$P20)=0,"",INDEX(EntryTxnType,$P20))) | H20: =IF($P20="","",IF(INDEX(EntryDep,$P20)=0,"",INDEX(EntryDep,$P20))) | I20: =IF($P20="","",IF(INDEX(EntryWit,$P20)=0,"",INDEX(EntryWit,$P20))) | J20: =IF($B20="","",IF($A20=1,$C$7,IF(J19="",0,J19))+IF($H20="",0,$H20)-IF($I20="",0,$I20)) | K20: =IF($P20="","",IF(INDEX(EntryMan,$P20)=0,"",INDEX(EntryMan,$P20))) | L20: =IF($B20="","",IF($K20="","—",IF(ROUND($K20-$J20,0)=0,"√","×"))) | M20: =IF($B20="","",IF(COUNTIFS(EntryDates,$B20,CalcTime,$C20,CalcBank,$C$5,EntryParty,$D20,EntryDep,$H20,EntryWit,$I20)>1,"تکرار","")) | N20: =IF($P20="","",IF(INDEX(EntryNotes,$P20)=0,"",INDEX(EntryNotes,$P20))) | O20: =IF($P20="","",IF(INDEX(EntryTxnID,$P20)=0,"",INDEX(EntryTxnID,$P20))) | P20: =IFERROR(MATCH($C$5&"|"&RIGHT("000000"&4,6),CalcRankKey,0),"")
A21: =IF($B21="","",5) | B21: =IF($P21="","",IF(INDEX(CalcNormDate,$P21)=0,"",INDEX(CalcNormDate,$P21))) | C21: =IF($P21="","",IF(INDEX(CalcTime,$P21)=0,"",INDEX(CalcTime,$P21))) | D21: =IF($P21="","",IF(INDEX(EntryParty,$P21)=0,"",INDEX(EntryParty,$P21))) | E21: =IF($P21="","",IF(INDEX(EntryPartyName,$P21)=0,"",INDEX(EntryPartyName,$P21))) | F21: =IF($P21="","",IF(INDEX(EntryPartyType,$P21)=0,"",INDEX(EntryPartyType,$P21))) | G21: =IF($P21="","",IF(INDEX(EntryTxnType,$P21)=0,"",INDEX(EntryTxnType,$P21))) | H21: =IF($P21="","",IF(INDEX(EntryDep,$P21)=0,"",INDEX(EntryDep,$P21))) | I21: =IF($P21="","",IF(INDEX(EntryWit,$P21)=0,"",INDEX(EntryWit,$P21))) | J21: =IF($B21="","",IF($A21=1,$C$7,IF(J20="",0,J20))+IF($H21="",0,$H21)-IF($I21="",0,$I21)) | K21: =IF($P21="","",IF(INDEX(EntryMan,$P21)=0,"",INDEX(EntryMan,$P21))) | L21: =IF($B21="","",IF($K21="","—",IF(ROUND($K21-$J21,0)=0,"√","×"))) | M21: =IF($B21="","",IF(COUNTIFS(EntryDates,$B21,CalcTime,$C21,CalcBank,$C$5,EntryParty,$D21,EntryDep,$H21,EntryWit,$I21)>1,"تکرار","")) | N21: =IF($P21="","",IF(INDEX(EntryNotes,$P21)=0,"",INDEX(EntryNotes,$P21))) | O21: =IF($P21="","",IF(INDEX(EntryTxnID,$P21)=0,"",INDEX(EntryTxnID,$P21))) | P21: =IFERROR(MATCH($C$5&"|"&RIGHT("000000"&5,6),CalcRankKey,0),"")
A22: =IF($B22="","",6) | B22: =IF($P22="","",IF(INDEX(CalcNormDate,$P22)=0,"",INDEX(CalcNormDate,$P22))) | C22: =IF($P22="","",IF(INDEX(CalcTime,$P22)=0,"",INDEX(CalcTime,$P22))) | D22: =IF($P22="","",IF(INDEX(EntryParty,$P22)=0,"",INDEX(EntryParty,$P22))) | E22: =IF($P22="","",IF(INDEX(EntryPartyName,$P22)=0,"",INDEX(EntryPartyName,$P22))) | F22: =IF($P22="","",IF(INDEX(EntryPartyType,$P22)=0,"",INDEX(EntryPartyType,$P22))) | G22: =IF($P22="","",IF(INDEX(EntryTxnType,$P22)=0,"",INDEX(EntryTxnType,$P22))) | H22: =IF($P22="","",IF(INDEX(EntryDep,$P22)=0,"",INDEX(EntryDep,$P22))) | I22: =IF($P22="","",IF(INDEX(EntryWit,$P22)=0,"",INDEX(EntryWit,$P22))) | J22: =IF($B22="","",IF($A22=1,$C$7,IF(J21="",0,J21))+IF($H22="",0,$H22)-IF($I22="",0,$I22)) | K22: =IF($P22="","",IF(INDEX(EntryMan,$P22)=0,"",INDEX(EntryMan,$P22))) | L22: =IF($B22="","",IF($K22="","—",IF(ROUND($K22-$J22,0)=0,"√","×"))) | M22: =IF($B22="","",IF(COUNTIFS(EntryDates,$B22,CalcTime,$C22,CalcBank,$C$5,EntryParty,$D22,EntryDep,$H22,EntryWit,$I22)>1,"تکرار","")) | N22: =IF($P22="","",IF(INDEX(EntryNotes,$P22)=0,"",INDEX(EntryNotes,$P22))) | O22: =IF($P22="","",IF(INDEX(EntryTxnID,$P22)=0,"",INDEX(EntryTxnID,$P22))) | P22: =IFERROR(MATCH($C$5&"|"&RIGHT("000000"&6,6),CalcRankKey,0),"")
A23: =IF($B23="","",7) | B23: =IF($P23="","",IF(INDEX(CalcNormDate,$P23)=0,"",INDEX(CalcNormDate,$P23))) | C23: =IF($P23="","",IF(INDEX(CalcTime,$P23)=0,"",INDEX(CalcTime,$P23))) | D23: =IF($P23="","",IF(INDEX(EntryParty,$P23)=0,"",INDEX(EntryParty,$P23))) | E23: =IF($P23="","",IF(INDEX(EntryPartyName,$P23)=0,"",INDEX(EntryPartyName,$P23))) | F23: =IF($P23="","",IF(INDEX(EntryPartyType,$P23)=0,"",INDEX(EntryPartyType,$P23))) | G23: =IF($P23="","",IF(INDEX(EntryTxnType,$P23)=0,"",INDEX(EntryTxnType,$P23))) | H23: =IF($P23="","",IF(INDEX(EntryDep,$P23)=0,"",INDEX(EntryDep,$P23))) | I23: =IF($P23="","",IF(INDEX(EntryWit,$P23)=0,"",INDEX(EntryWit,$P23))) | J23: =IF($B23="","",IF($A23=1,$C$7,IF(J22="",0,J22))+IF($H23="",0,$H23)-IF($I23="",0,$I23)) | K23: =IF($P23="","",IF(INDEX(EntryMan,$P23)=0,"",INDEX(EntryMan,$P23))) | L23: =IF($B23="","",IF($K23="","—",IF(ROUND($K23-$J23,0)=0,"√","×"))) | M23: =IF($B23="","",IF(COUNTIFS(EntryDates,$B23,CalcTime,$C23,CalcBank,$C$5,EntryParty,$D23,EntryDep,$H23,EntryWit,$I23)>1,"تکرار","")) | N23: =IF($P23="","",IF(INDEX(EntryNotes,$P23)=0,"",INDEX(EntryNotes,$P23))) | O23: =IF($P23="","",IF(INDEX(EntryTxnID,$P23)=0,"",INDEX(EntryTxnID,$P23))) | P23: =IFERROR(MATCH($C$5&"|"&RIGHT("000000"&7,6),CalcRankKey,0),"")
A24: =IF($B24="","",8) | B24: =IF($P24="","",IF(INDEX(CalcNormDate,$P24)=0,"",INDEX(CalcNormDate,$P24))) | C24: =IF($P24="","",IF(INDEX(CalcTime,$P24)=0,"",INDEX(CalcTime,$P24))) | D24: =IF($P24="","",IF(INDEX(EntryParty,$P24)=0,"",INDEX(EntryParty,$P24))) | E24: =IF($P24="","",IF(INDEX(EntryPartyName,$P24)=0,"",INDEX(EntryPartyName,$P24))) | F24: =IF($P24="","",IF(INDEX(EntryPartyType,$P24)=0,"",INDEX(EntryPartyType,$P24))) | G24: =IF($P24="","",IF(INDEX(EntryTxnType,$P24)=0,"",INDEX(EntryTxnType,$P24))) | H24: =IF($P24="","",IF(INDEX(EntryDep,$P24)=0,"",INDEX(EntryDep,$P24))) | I24: =IF($P24="","",IF(INDEX(EntryWit,$P24)=0,"",INDEX(EntryWit,$P24))) | J24: =IF($B24="","",IF($A24=1,$C$7,IF(J23="",0,J23))+IF($H24="",0,$H24)-IF($I24="",0,$I24)) | K24: =IF($P24="","",IF(INDEX(EntryMan,$P24)=0,"",INDEX(EntryMan,$P24))) | L24: =IF($B24="","",IF($K24="","—",IF(ROUND($K24-$J24,0)=0,"√","×"))) | M24: =IF($B24="","",IF(COUNTIFS(EntryDates,$B24,CalcTime,$C24,CalcBank,$C$5,EntryParty,$D24,EntryDep,$H24,EntryWit,$I24)>1,"تکرار","")) | N24: =IF($P24="","",IF(INDEX(EntryNotes,$P24)=0,"",INDEX(EntryNotes,$P24))) | O24: =IF($P24="","",IF(INDEX(EntryTxnID,$P24)=0,"",INDEX(EntryTxnID,$P24))) | P24: =IFERROR(MATCH($C$5&"|"&RIGHT("000000"&8,6),CalcRankKey,0),"")
A25: =IF($B25="","",9) | B25: =IF($P25="","",IF(INDEX(CalcNormDate,$P25)=0,"",INDEX(CalcNormDate,$P25))) | C25: =IF($P25="","",IF(INDEX(CalcTime,$P25)=0,"",INDEX(CalcTime,$P25))) | D25: =IF($P25="","",IF(INDEX(EntryParty,$P25)=0,"",INDEX(EntryParty,$P25))) | E25: =IF($P25="","",IF(INDEX(EntryPartyName,$P25)=0,"",INDEX(EntryPartyName,$P25))) | F25: =IF($P25="","",IF(INDEX(EntryPartyType,$P25)=0,"",INDEX(EntryPartyType,$P25))) | G25: =IF($P25="","",IF(INDEX(EntryTxnType,$P25)=0,"",INDEX(EntryTxnType,$P25))) | H25: =IF($P25="","",IF(INDEX(EntryDep,$P25)=0,"",INDEX(EntryDep,$P25))) | I25: =IF($P25="","",IF(INDEX(EntryWit,$P25)=0,"",INDEX(EntryWit,$P25))) | J25: =IF($B25="","",IF($A25=1,$C$7,IF(J24="",0,J24))+IF($H25="",0,$H25)-IF($I25="",0,$I25)) | K25: =IF($P25="","",IF(INDEX(EntryMan,$P25)=0,"",INDEX(EntryMan,$P25))) | L25: =IF($B25="","",IF($K25="","—",IF(ROUND($K25-$J25,0)=0,"√","×"))) | M25: =IF($B25="","",IF(COUNTIFS(EntryDates,$B25,CalcTime,$C25,CalcBank,$C$5,EntryParty,$D25,EntryDep,$H25,EntryWit,$I25)>1,"تکرار","")) | N25: =IF($P25="","",IF(INDEX(EntryNotes,$P25)=0,"",INDEX(EntryNotes,$P25))) | O25: =IF($P25="","",IF(INDEX(EntryTxnID,$P25)=0,"",INDEX(EntryTxnID,$P25))) | P25: =IFERROR(MATCH($C$5&"|"&RIGHT("000000"&9,6),CalcRankKey,0),"")
